TransactionID,SaleDate , SKU,Warehouse_ID, Quantity,Revenue
TXN001233,2026-08-19,SKU-0035,WH-04,14,293.3
TXN000608,2026-08-11,SKU-0022,WH-01,19,359.51
TXN000589,2026-07-17,SKU-0024,WH-05,18,692.18
TXN000650,,SKU-0013,WH-03,17,353.76
TXN001564,2026-06-24,SKU-0009,WH-07,14,410.06
TXN001184,,SKU-0022,WH-06,,172.09
TXN000428,2026-07-22,SKU-0008,WH-07,24,446.17
TXN000330,2026-07-13,SKU-0016,WH-02,20,770.95
TXN001090,,SKU-0021,WH-06,14,301.31
TXN001038,2026-08-23,SKU-0006,WH-08,23,571.59
TXN000301,2026-09-01,SKU-0020,WH-03,15,242.45
TXN000102,2026-06-28,SKU-0032,WH-04,12,206.81
TXN000309,2026-08-04,SKU-0036,WH-04,17,576.48
TXN000480,2026-08-17,SKU-0023,WH-08,22,587.94
TXN001580,2026-08-18,SKU-0011,WH-02,23,467.4
TXN001553,07/01/2026,SKU-0044,WH-01,20,635.93
TXN000854,,SKU-0015,WH-03,22,652.39
TXN000421,2026-08-23,SKU-0042,WH-08,18,387.44
TXN001070,2026-07-16,SKU-0015,WH-03,24,710.17
TXN001569,2026-07-31,SKU-0039,WH-07,10,293.42
TXN001108,2026-08-06,SKU-0016,WH-07,12,359.88
TXN000047,2026-08-07,SKU-0021,WH-05,17,319.03
TXN000161,2026-07-04,SKU-0023,WH-07,15,365.13
TXN001466,2026-07-02,SKU-0016,WH-07,15,70.88
TXN000486,2026-07-08,SKU-0040,WH-07,13,184.9
TXN001557,2026-07-18,SKU-0034,WH-07,19,623.66
TXN000537,12-Aug-2026,SKU-0030,WH-06,14,78.73
TXN000048,2026-07-07,SKU-0009,WH-03,19,221.11
TXN000683,2026-08-16,SKU-0009,WH-05,17,319.7
TXN001549,2026-08-01,SKU-0001,WH-08,19,362.34
TXN001059,2026-07-23,SKU-0042,WH-03,22,866.2
TXN000108,2026-08-11,SKU-0034,WH-01,12,413.57
TXN000607,09-Jul-2026,SKU-0015,WH-02,14,510.52
TXN001738,2026-08-30,SKU-0044,WH-04,20,632.78
TXN000535,2026-07-12,SKU-0017,WH-01,12,429.06
TXN000258,2026-07-03,SKU-0045,WH-07,15,486.57
TXN000669,07/11/2026,SKU-0022,WH-08,15,100.71
TXN000979,2026-07-30,SKU-0038,WH-08,16,358.41
TXN000186,2026-08-28,SKU-0002,WH-03,24,785.76
TXN001383,2026-08-14,SKU-0015,WH-06,22,841.72
TXN000120,2026-07-08,SKU-0017,WH-05,28,386.85
TXN001163,2026-08-14,SKU-0007,WH-07,20,464.39
TXN000602,2026-07-07,SKU-0023,WH-05,14,248.81
TXN000572,2026-06-30,SKU-0042,WH-06,21,490.33
TXN001589,2026-08-10,SKU-0008,WH-01,23,800.33
TXN000614,2026-07-22,SKU-0044,WH-06,21,765.62
TXN000192,2026-08-13,SKU-0027,WH-01,21,134.52
TXN000375,2026-07-29,SKU-0024,WH-04,23,458.71
TXN000585,,SKU-0005,WH-05,15,591.73
TXN001537,2026-07-15,,WH-03,18,394.88
TXN000281,08-Aug-2026,SKU-0042,WH-05,17,112.3
TXN001420,07/28/2026,SKU-0030,WH-08,15,155.13
TXN000708,2026-07-30,SKU-0035,WH-05,27,635.69
TXN001836,2026-08-29,SKU-0009,WH-05,18,576.76
TXN001541,2026-08-02,SKU-0042,WH-04,32,288.75
TXN001009,2026-07-06,SKU-0002,WH-07,13,285.39
TXN001005,24-Aug-2026,SKU-0040,WH-08,17,154.58
TXN000534,2026-07-19,SKU-0021,WH-04,16,199.7
TXN001334,,SKU-0042,WH-03,16,586.24
TXN000713,2026-06-25,SKU-0027,WH-04,17,498.46
TXN001823,2026-07-26,SKU-0011,WH-05,22,760.97
TXN001499,2026-08-14,,WH-06,,565.16
TXN000137,2026-08-12,SKU-0009,WH-02,15,378.54
TXN000368,2026-07-22,SKU-0030,WH-08,24,689.48
TXN000828,2026-08-22,SKU-0027,Wh-01,14,244.81
TXN000745,2026-08-10,SKU-0043,WH-06,18,104.95
TXN001135,,SKU-0037,WH-04,19,373.73
TXN000768,02-Jul-2026,SKU-0042,WH-03,17,609.4
TXN001681,2026-08-03,SKU-0036,WH-06,15,332.18
TXN000056,2026-08-11,SKU-0028,WH-08,16,394.19
TXN000654,2026-08-09,SKU-0003,WH-02,28,444.12
TXN001138,2026-07-07,SKU-0044,WH-04,14,60.74
TXN000264,2026-07-12,SKU-0015,WH-03,21,610.79
TXN001167,2026-07-18,SKU-0045,WH-01,10,228.88
TXN001453,2026-08-08,SKU-0029,WH-06,17,459.7
TXN000718,2026-06-28,SKU-0002,WH-04,15,376.23
TXN000660,2026-08-14,SKU-0035,WH-06,16,183.96
TXN001043,2026-08-25,SKU-0001,WH-08,22,532.96
TXN000906,07/23/2026,SKU-0026,WH-01,21,52.51
TXN001801,2026-08-23,SKU-0018,WH-04,20,734.62
TXN000900,2026-07-23,SKU-0033,WH-04,18,274.6
TXN000087,2026-07-21,SKU-0008,WH-05,20,387.22
TXN000507,2026-08-06,SKU-0035,WH-06,10,325.17
TXN000194,2026-08-28,SKU-0002,WH-05,20,120.52
TXN000361,2026-07-26,SKU-0015,WH-03,11,405.07
TXN001472,16-Jul-2026,SKU-0037,WH-02,10,99.09
TXN001790,2026-07-19,SKU-0007,WH-08,13,346.69
TXN001089,2026-07-30,,WH-01,21,764.91
TXN001078,2026-07-25,SKU-0033,WH-05,15,527.59
TXN000525,2026-07-15,SKU-0012,WH-05,15,259.0
TXN001267,2026-08-23,SKU-0009,WH-07,25,251.6
TXN000510,2026-07-18,SKU-0016,WH-06,18,461.01
TXN001787,2026-07-09,SKU-0001,WH-01,17,432.57
TXN000661,2026-08-07,SKU-0033,WH-09,22,452.74
TXN000386,06/29/2026,SKU-0043,WH-02,13,469.44
TXN000573,2026-07-09,SKU-0019,WH-07,19,610.6
TXN000268,2026-08-23,SKU-0021,WH-04,13,323.92
TXN000898,2026-07-02,SKU-0031,WH-08,16,330.16
TXN001240,2026-09-01,SKU-0024,WH-01,17,417.28
TXN000612,2026-07-24,SKU-0011,WH-06,20,714.31
TXN001370,10-Jul-2026,SKU-0025,WH-03,15,504.7
TXN001457,2026-08-30,SKU-0025,WH-08,17,309.58
TXN001775,2026-07-12,SKU-0039,WH-06,20,137.47
TXN000825,2026-06-29,SKU-0026,WH-07,16,376.13
TXN001153,2026-07-12,SKU-0039,WH-06,13,406.91
TXN001699,2026-08-16,SKU-0028,WH-05,15,520.13
TXN001367,,SKU-0044,WH-05,17,221.07
TXN001010,,SKU-0006,WH-08,20,375.56
TXN001124,2026-08-05,SKU-0023,WH-03,24,233.07
TXN001547,2026-08-21,SKU-0030,Wh-01,-18,0.0
TXN001407,2026-08-26,SKU-0037,WH-04,21,830.57
TXN000111,2026-07-02,SKU-0042,WH-07,17,404.56
TXN000331,2026-08-06,SKU-0037,WH-01,29,1087.12
TXN001822,2026-07-09,SKU-0029,WH-01,27,904.43
TXN000547,2026-07-23,SKU-0033,WH-01,21,533.62
TXN000241,2026-07-22,SKU-0041,WH-07,21,566.57
TXN000997,2026-08-06,SKU-0017,WH-05,20,122.39
TXN001583,2026-08-10,SKU-0025,WH-02,13,464.08
TXN000285,16-Jul-2026,SKU-0022,WH-03,15,489.75
TXN000986,2026-08-25,SKU-0041,WH-06,23,445.73
TXN001171,2026-07-22,SKU-0019,WH-04,17,57.04
TXN000415,2026-08-29,SKU-0018,WH-04,20,443.68
TXN000181,2026-08-22,SKU-0009,WH-04,20,311.65
TXN000075,2026-07-01,SKU-0015,WH-06,19,476.26
TXN001520,2026-07-31,SKU-0032,WH-03,-24,0.0
TXN000622,2026-07-12,SKU-0004,WH-05,-20,0.0
TXN000846,2026-07-05,SKU-0040,WH-08,17,217.84
TXN001522,2026-08-27,SKU-0015,WH-03,17,546.4
TXN001617,2026-07-25,SKU-0017,WH-03,21,452.98
TXN001508,07/31/2026,SKU-0035,WH-01,21,162.06
TXN001649,2026-07-16,SKU-0026,WH-01,17,584.2
TXN000819,2026-08-11,SKU-0031,WH-02,15,179.81
TXN000385,,SKU-0025,WH-07,21,516.16
TXN000890,2026-08-12,SKU-0015,WH-09,20,403.46
TXN001683,2026-08-24,SKU-0019,WH-08,12,418.6
TXN001028,2026-07-30,SKU-0038,WH-07,16,373.18
TXN000992,2026-07-06,SKU-0033,WH-02,22,718.79
TXN000750,2026-07-07,SKU-0018,wh-01,18,347.48
TXN000563,2026-07-13,SKU-0040,WH-08,16,372.04
TXN001291,2026-08-18,SKU-0045,WH-01,24,959.21
TXN000037,2026-08-20,SKU-0045,WH-05,7,149.94
TXN001352,2026-08-25,SKU-0002,WH-04,22,112.76
TXN001338,07/18/2026,SKU-0009,WH-06,-15,0.0
TXN001116,2026-08-27,SKU-0015,WH-01,19,289.45
TXN000190,2026-07-23,SKU-0044,WH-04,23,204.11
TXN000921,2026-08-02,SKU-0021,WH-01,19,591.44
TXN000231,2026-07-17,SKU-0042,WH-06,20,365.12
TXN000292,2026-08-03,SKU-0004,WH-02,15,243.76
TXN001355,2026-07-14,SKU-0025,WH-07,18,504.25
TXN000596,2026-06-29,SKU-0030,WH-05,18,111.34
TXN000406,2026-07-22,SKU-0006,WH-02,17,295.83
TXN000587,2026-06-24,SKU-0040,WH-06,19,134.46
TXN000008,2026-08-11,SKU-0033,WH-04,18,346.16
TXN000888,2026-08-01,SKU-0022,WH-07,21,298.06
TXN000653,2026-07-28,SKU-0005,WH-02,13,483.66
TXN001535,2026-08-24,SKU-0035,WH-04,22,220.3
TXN000895,2026-08-11,SKU-0002,WH-07,31,1210.9
TXN000623,2026-07-11,SKU-0040,WH-03,26,148.16
TXN000810,2026-06-26,SKU-0019,WH-01,18,143.43
TXN000561,2026-07-24,SKU-0040,WH-05,17,651.12
TXN000675,2026-07-20,SKU-0013,WH-04,22,654.12
TXN001634,2026-07-19,SKU-0036,WH-06,19,222.93
TXN001118,2026-07-18,SKU-0004,WH-03,13,398.62
TXN000060,2026-08-22,SKU-0014,WH-02,15,478.4
TXN000366,2026-06-26,SKU-0041,WH-04,10,221.42
TXN000820,2026-07-05,SKU-0011,WH-07,16,535.24
TXN000592,2026-06-25,SKU-0037,WH-08,19,89.39
TXN000512,2026-07-03,SKU-0024,WH-07,22,731.49
TXN001598,2026-08-21,SKU-0005,WH-01,20,615.38
TXN000478,2026-08-28,SKU-0002,WH-01,20,159.9
TXN001451,2026-08-08,SKU-0045,WH-03,17,655.69
TXN000546,08/02/2026,SKU-0036,WH-04,21,391.75
TXN001745,2026-07-02,SKU-0040,WH-02,19,106.56
TXN000959,2026-07-30,SKU-0027,WH-01,10,134.11
TXN001542,2026-08-11,SKU-0025,WH-02,14,260.29
TXN000126,2026-08-26,SKU-0020,WH-04,27,614.73
TXN001030,,SKU-0043,WH-03,18,617.96
TXN000341,2026-08-03,SKU-0004,WH-08,26,711.73
TXN000771,2026-07-09,SKU-0021,WH-02,13,300.39
TXN000098,2026-08-16,SKU-0015,WH-03,17,553.39
TXN001112,27-Jul-2026,SKU-0007,WH-03,18,265.98
TXN001626,2026-07-12,SKU-0021,WH-02,14,109.62
TXN001829,2026-07-16,SKU-0027,WH-03,15,451.43
TXN000872,2026-07-07,SKU-0032,WH-02,18,446.54
TXN000158,2026-08-06,SKU-0034,WH-07,19,403.18
TXN000424,2026-07-13,SKU-0015,WH-05,13,443.29
TXN000447,2026-07-23,SKU-0007,WH-02,14,549.63
TXN000613,2026-08-05,SKU-0036,WH-02,17,150.26
TXN000202,2026-06-29,SKU-0004,WH-08,17,671.09
TXN001827,2026-08-26,SKU-0043,WH-08,30,1004.74
TXN001272,2026-08-19,SKU-0032,WH-02,18,112.59
TXN000969,2026-07-27,SKU-0030,WH-08,17,43.16
TXN000977,2026-08-20,SKU-0006,WH-03,22,784.33
TXN000674,20-Aug-2026,SKU-0024,WH-01,19,602.26
TXN000336,2026-06-26,SKU-0014,WH-03,17,549.33
TXN001480,2026-08-22,SKU-0002,WH-03,23,159.81
TXN000177,2026-08-22,SKU-0034,WH-04,22,576.69
TXN001238,2026-08-01,SKU-0043,wh-05,26,509.63
TXN001714,2026-07-18,SKU-0013,WH-08,20,445.26
TXN001379,2026-08-08,SKU-0015,WH-03,14,87.82
TXN000082,2026-07-25,SKU-0018,WH-05,17,649.56
TXN000641,2026-08-09,SKU-0028,WH-07,22,452.7
TXN000631,,SKU-0021,WH-07,23,631.57
TXN000372,,SKU-0022,WH-06,13,326.56
TXN000282,2026-08-22,SKU-0012,WH-06,16,495.96
TXN000348,2026-08-13,SKU-0013,WH-08,16,134.9
TXN000579,2026-07-29,SKU-0034,WH-08,24,526.19
TXN000418,2026-08-12,SKU-0012,WH-07,19,700.24
TXN001662,07/12/2026,SKU-0031,WH-03,17,250.04
TXN001256,2026-07-31,SKU-0032,WH-02,30,322.69
TXN000267,2026-07-11,SKU-0044,WH-02,17,201.03
TXN001317,06-Aug-2026,SKU-0040,WH-05,23,474.29
TXN000991,2026-07-08,SKU-0024,WH-09,15,178.13
TXN000821,2026-07-10,SKU-0045,WH-04,12,97.86
TXN001445,2026-08-24,SKU-0008,WH-04,24,184.17
TXN001697,2026-06-24,SKU-0019,WH-08,24,650.12
TXN001283,07/11/2026,SKU-0036,WH-08,20,311.34
TXN000693,2026-08-05,SKU-0037,WH-03,16,623.68
TXN001146,2026-07-15,SKU-0021,WH-03,25,284.3
TXN001664,25-Jun-2026,SKU-0033,WH-01,22,202.8
TXN000133,2026-08-21,SKU-0007,WH-06,18,595.17
TXN001506,2026-06-26,SKU-0015,WH-08,16,501.09
TXN000931,2026-08-19,SKU-0040,WH-03,12,316.37
TXN000527,2026-07-12,SKU-0031,WH-04,15,317.38
TXN000927,06/24/2026,SKU-0014,WH-08,18,101.57
TXN000389,07/06/2026,SKU-0042,WH-05,16,262.77
TXN000091,2026-08-23,SKU-0025,WH-08,19,275.85
TXN000432,11-Jul-2026,SKU-0027,WH-08,19,649.89
TXN000831,2026-08-07,SKU-0032,WH-01,13,258.95
TXN001800,2026-07-21,SKU-0018,WH-03,16,494.07
TXN000304,2026-07-25,SKU-0020,WH-07,17,394.83
TXN000302,2026-07-16,SKU-0037,WH-08,-21,0.0
TXN000297,2026-07-23,SKU-0007,WH-08,26,739.66
TXN000858,2026-07-12,SKU-0043,WH-01,-16,0.0
TXN000531,2026-08-11,SKU-0003,WH-05,18,573.41
TXN001318,07/07/2026,SKU-0031,WH-01,-22,0.0
TXN000464,2026-08-19,SKU-0007,WH-03,15,296.68
TXN001358,,SKU-0006,WH-06,21,241.94
TXN000053,2026-07-27,SKU-0016,WH-06,12,250.36
TXN001265,2026-07-07,SKU-0038,WH-01,30,968.21
TXN000011,2026-07-08,SKU-0030,wh-01,11,231.27
TXN001227,2026-07-21,SKU-0045,WH-03,21,606.25
TXN001799,2026-08-09,SKU-0042,Wh-01,18,615.77
TXN001463,2026-07-30,SKU-0037,WH-02,12,370.15
TXN001716,2026-07-16,SKU-0035,WH-07,18,664.92
TXN001125,2026-07-23,SKU-0013,WH-01,18,685.09
TXN000926,2026-07-12,SKU-0013,WH-06,18,200.82
TXN001053,2026-07-30,SKU-0035,WH-07,18,130.18
TXN001117,2026-07-15,SKU-0045,WH-04,17,443.53
TXN000351,2026-07-10,SKU-0031,WH-01,17,499.01
TXN000759,2026-08-01,SKU-0021,WH-04,24,774.64
TXN000107,2026-06-28,SKU-0007,WH-01,23,105.17
TXN000653,2026-07-28,SKU-0005,WH-02,13,483.66
TXN000227,2026-07-30,SKU-0032,WH-04,19,297.75
TXN000275,31-Jul-2026,SKU-0038,WH-05,16,637.61
TXN000223,2026-07-20,SKU-0002,WH-08,15,384.94
TXN000065,,SKU-0015,WH-06,,758.77
TXN001220,16-Jul-2026,SKU-0014,WH-03,11,346.4
TXN001092,2026-07-03,SKU-0013,WH-05,20,628.09
TXN000167,2026-08-17,SKU-0034,WH-03,8,25.53
TXN001540,2026-07-22,SKU-0037,WH-06,17,438.65
TXN001548,08/05/2026,SKU-0027,WH-08,18,683.55
TXN001546,2026-08-02,SKU-0015,WH-09,25,202.2
TXN001073,2026-08-02,SKU-0020,WH-02,11,92.57
TXN000558,2026-06-28,SKU-0002,WH-03,13,106.94
TXN001224,2026-08-17,SKU-0032,WH-02,19,113.78
TXN000705,2026-08-30,SKU-0032,WH-06,24,670.08
TXN000698,21-Aug-2026,SKU-0027,WH-07,20,245.98
TXN000003,2026-08-30,SKU-0015,WH-04,16,117.95
TXN001297,2026-06-25,SKU-0019,WH-07,18,226.71
TXN000736,2026-07-23,SKU-0006,WH-07,20,777.75
TXN001166,2026-08-11,SKU-0008,WH-07,17,517.56
TXN000571,2026-08-22,SKU-0031,WH-01,21,439.03
TXN000827,2026-08-17,SKU-0029,WH-01,8,217.0
TXN001842,2026-08-20,SKU-0037,WH-02,20,97.81
TXN000248,2026-08-21,SKU-0024,WH-07,14,468.87
TXN000321,,SKU-0010,WH-01,20,208.42
TXN000902,2026-07-04,SKU-0019,WH-02,16,171.97
TXN001390,2026-07-27,SKU-0026,WH-05,17,180.94
TXN001123,2026-08-03,SKU-0020,WH-07,-12,0.0
TXN001646,2026-08-09,SKU-0009,WH-03,25,997.24
TXN001460,2026-06-30,SKU-0045,WH-08,10,243.51
TXN001635,2026-08-14,SKU-0032,WH-04,16,399.88
TXN001746,08/24/2026,SKU-0011,WH-04,22,700.87
TXN000941,2026-06-29,SKU-0012,WH-01,21,675.86
TXN001419,2026-07-09,SKU-0025,WH-06,11,28.38
TXN001534,2026-08-08,SKU-0040,wh-01,10,104.08
TXN000707,2026-07-08,SKU-0023,WH-02,24,872.79
TXN000674,20-Aug-2026,SKU-0024,WH-01,19,602.26
TXN000382,10-Jul-2026,SKU-0043,WH-08,26,884.24
TXN000724,2026-07-18,SKU-0018,WH-02,19,684.03
TXN000140,2026-08-20,SKU-0018,WH-05,-24,0.0
TXN001482,2026-08-17,SKU-0001,WH-06,13,305.1
TXN001468,2026-07-20,SKU-0037,WH-06,23,894.32
TXN001429,2026-07-13,SKU-0015,WH-06,17,514.23
TXN000556,2026-07-08,SKU-0013,WH-08,24,877.02
TXN001600,2026-07-21,SKU-0004,WH-08,22,123.73
TXN001044,20-Aug-2026,SKU-0014,WH-08,13,451.68
TXN001017,2026-08-13,SKU-0003,WH-06,15,181.46
TXN001743,2026-08-01,SKU-0017,WH-08,18,172.72
TXN001310,2026-08-30,SKU-0041,WH-06,16,473.72
TXN001148,2026-08-17,SKU-0006,WH-02,22,73.31
TXN001627,2026-07-20,SKU-0001,WH-08,21,668.13
TXN001368,2026-09-01,SKU-0023,WH-01,20,408.04
TXN000442,,SKU-0039,WH-03,21,228.54
TXN000435,2026-08-24,SKU-0003,WH-03,21,373.74
TXN001199,2026-07-12,SKU-0021,WH-03,19,586.14
TXN001713,2026-07-13,SKU-0012,WH-08,14,431.46
TXN000000,2026-06-30,SKU-0030,WH-07,23,898.97
TXN000786,2026-07-08,SKU-0025,WH-07,24,80.39
TXN001515,07/19/2026,SKU-0017,WH-06,16,202.26
TXN001093,2026-07-05,SKU-0019,WH-06,14,273.48
TXN000700,2026-08-29,SKU-0030,WH-04,18,146.04
TXN000115,2026-08-02,SKU-0013,WH-01,13,294.04
TXN000887,07/05/2026,SKU-0045,WH-02,13,280.73
TXN000201,,SKU-0038,WH-08,16,212.48
TXN001218,2026-08-27,SKU-0025,WH-02,10,35.47
TXN000030,2026-08-14,SKU-0007,WH-06,28,891.76
TXN000325,2026-08-13,SKU-0009,WH-07,21,426.73
TXN001452,2026-08-08,SKU-0019,WH-01,18,690.61
TXN001422,2026-08-02,SKU-0029,WH-06,22,98.63
TXN001210,2026-07-13,SKU-0024,WH-02,20,400.25
TXN001847,2026-07-16,SKU-0019,WH-02,26,1012.88
TXN001260,2026-08-18,SKU-0003,WH-08,17,585.41
TXN000990,2026-08-13,SKU-0011,wh-01,20,222.73
TXN000293,2026-08-29,SKU-0016,WH-02,23,491.33
TXN000305,2026-07-13,SKU-0016,WH-04,23,704.14
TXN001374,2026-08-09,SKU-0025,WH-05,17,65.47
TXN000146,2026-08-06,SKU-0037,WH-01,21,240.19
TXN001079,2026-08-13,SKU-0019,WH-04,16,131.06
TXN000955,2026-07-30,SKU-0021,WH-05,23,834.15
TXN000636,2026-08-04,SKU-0021,WH-03,17,85.4
TXN000764,2026-07-05,SKU-0033,WH-07,26,727.56
TXN001802,2026-08-18,SKU-0027,WH-06,24,158.94
TXN000640,2026-08-18,SKU-0024,WH-02,12,116.34
TXN001409,2026-08-18,SKU-0007,WH-06,16,260.59
TXN001198,,SKU-0032,WH-05,20,603.16
TXN001361,2026-08-25,SKU-0037,WH-07,27,234.76
TXN000039,2026-08-04,SKU-0025,WH-04,20,759.52
TXN000403,2026-07-13,SKU-0032,WH-03,15,409.08
TXN001496,08/31/2026,SKU-0001,WH-06,13,199.88
TXN000707,2026-07-08,SKU-0023,WH-02,24,872.79
TXN000080,2026-07-10,SKU-0033,WH-08,15,270.13
TXN001467,2026-09-01,SKU-0037,WH-03,22,477.85
TXN001340,,SKU-0039,WH-01,12,275.15
TXN000101,04-Jul-2026,SKU-0021,WH-06,16,490.89
TXN001750,2026-07-14,SKU-0026,WH-04,10,372.13
TXN000628,2026-06-26,SKU-0028,WH-03,-17,0.0
TXN000924,29-Jul-2026,SKU-0006,WH-02,18,363.25
TXN001074,2026-07-13,SKU-0009,WH-08,17,248.79
TXN001051,28-Jul-2026,SKU-0032,WH-01,15,176.2
TXN001820,2026-07-13,SKU-0026,WH-05,23,870.49
TXN001378,2026-07-26,SKU-0009,WH-02,14,503.62
TXN001648,2026-06-28,SKU-0014,WH-04,23,390.23
TXN001201,2026-08-24,SKU-0020,WH-06,15,435.16
TXN001015,2026-06-29,SKU-0005,WH-08,20,569.68
TXN001221,2026-08-21,SKU-0016,WH_05,16,424.84
TXN001605,08/06/2026,SKU-0025,WH-04,,368.76
TXN001422,2026-08-02,SKU-0029,WH-06,22,98.63
TXN000233,2026-08-05,SKU-0034,WH-01,18,314.09
TXN001704,2026-08-23,SKU-0044,WH-05,21,510.4
TXN000726,2026-07-29,SKU-0041,WH-07,18,347.36
TXN000335,2026-07-01,SKU-0026,WH-05,21,310.68
TXN001281,2026-08-15,SKU-0024,WH-06,18,79.97
TXN000400,2026-08-30,SKU-0038,WH-06,19,513.46
TXN000462,2026-06-29,SKU-0005,WH-99,19,389.87
TXN000894,29-Jul-2026,SKU-0025,WH-07,23,632.9
TXN000899,,SKU-0017,WH-09,8,116.47
TXN000857,2026-08-28,SKU-0040,WH-07,26,171.54
TXN000283,18-Jul-2026,SKU-0030,WH-03,18,394.86
TXN000303,2026-06-29,SKU-0012,WH-07,22,674.84
TXN001418,2026-08-29,SKU-0001,WH-03,21,541.46
TXN001211,2026-07-06,SKU-0044,WH-01,14,40.99
TXN000703,2026-07-09,SKU-0010,WH-01,15,133.49
TXN000920,2026-08-09,SKU-0020,WH-03,14,163.36
TXN000040,,SKU-0007,WH-02,18,125.47
TXN001006,2026-08-20,SKU-0030,WH-02,16,129.63
TXN000058,2026-07-18,SKU-0005,WH-02,-11,0.0
TXN001229,2026-07-12,SKU-0006,WH-03,19,73.14
TXN001726,,SKU-0002,WH-01,20,638.16
TXN001173,2026-07-15,SKU-0016,WH-08,17,159.46
TXN000255,2026-08-06,SKU-0044,WH-03,19,427.54
TXN000940,2026-07-12,SKU-0007,WH-06,19,486.62
TXN000414,2026-08-18,SKU-0033,WH-07,16,553.95
TXN001252,2026-06-27,SKU-0027,WH-03,20,567.69
TXN001785,2026-08-29,SKU-0006,WH-06,23,788.15
TXN000434,2026-07-24,SKU-0009,WH-08,19,533.77
TXN001100,2026-07-10,SKU-0009,WH-02,15,473.73
TXN000643,2026-09-01,SKU-0003,WH-05,17,74.98
TXN001706,2026-06-27,SKU-0040,WH-04,15,387.0
TXN000453,2026-07-18,SKU-0020,WH-02,19,408.13
TXN001717,2026-07-15,SKU-0016,WH-08,19,81.97
TXN001839,19-Jul-2026,SKU-0041,WH-08,18,221.12
TXN000119,2026-07-20,SKU-0043,WH-05,17,93.97
TXN000778,2026-07-21,SKU-0031,WH-01,13,454.85
TXN001536,2026-08-16,SKU-0016,WH-07,14,185.56
TXN001003,2026-07-03,SKU-0044,WH-03,26,878.98
TXN001138,2026-07-07,SKU-0044,WH-04,14,60.74
TXN001768,2026-07-21,SKU-0028,WH-04,14,359.72
TXN000816,2026-08-01,SKU-0034,WH-08,16,415.5
TXN001189,2026-08-06,SKU-0019,WH-04,11,151.34
TXN000169,2026-07-03,SKU-0026,WH-07,28,1088.71
TXN000353,2026-08-19,SKU-0044,WH-04,21,300.47
TXN001834,2026-08-22,SKU-0020,WH-04,18,110.12
TXN000793,2026-08-24,SKU-0023,WH-07,17,361.98
TXN001301,2026-08-18,SKU-0012,WH-02,16,67.04
TXN000807,2026-07-09,SKU-0033,WH-03,21,406.16
TXN001274,2026-07-23,SKU-0042,WH-03,18,330.61
TXN000270,2026-08-09,SKU-0001,WH-03,19,128.66
TXN000577,06/27/2026,SKU-0030,WH-08,14,270.55
TXN001491,2026-08-08,SKU-0045,WH-08,12,252.97
TXN000737,2026-07-29,SKU-0017,WH-05,24,92.89
TXN001172,2026-08-14,SKU-0024,WH-02,18,155.33
TXN000748,2026-06-25,SKU-0015,WH-01,17,319.13
TXN001322,2026-07-23,SKU-0039,WH-02,21,725.38
TXN001579,2026-06-29,SKU-0006,WH-03,21,813.05
TXN001830,2026-06-24,SKU-0027,WH-08,21,714.6
TXN000555,2026-08-21,SKU-0030,WH-06,21,263.88
TXN000208,08/02/2026,SKU-0006,WH-01,10,159.7
TXN000288,26-Jun-2026,SKU-0005,WH-03,14,256.05
TXN000104,2026-07-20,SKU-0028,WH-04,17,400.28
TXN000236,,SKU-0037,WH-06,21,233.58
TXN001027,2026-07-01,SKU-0007,WH-04,17,324.33
TXN000408,2026-08-01,SKU-0027,WH-03,19,200.94
TXN000951,2026-07-01,SKU-0026,WH-01,20,376.24
TXN000022,2026-06-25,SKU-0017,WH-01,17,331.86
TXN000204,2026-08-20,SKU-0033,WH_05,15,522.68
TXN001097,2026-07-01,SKU-0039,WH-05,27,877.63
TXN001257,2026-07-15,SKU-0041,WH-03,15,398.0
TXN001273,2026-07-13,SKU-0019,WH-07,24,145.25
TXN001159,2026-08-04,,WH-01,,116.72
TXN001242,2026-07-16,SKU-0021,WH-07,24,626.19
TXN001443,2026-08-13,SKU-0014,WH-99,27,67.55
TXN001688,2026-07-20,SKU-0014,WH-04,19,254.16
TXN001531,2026-07-01,SKU-0027,WH-06,20,243.64
TXN000671,2026-06-30,SKU-0045,WH-03,-11,0.0
TXN001825,2026-07-29,SKU-0019,WH-04,13,209.21
TXN001691,2026-07-24,SKU-0040,WH-02,19,598.72
TXN001386,2026-08-11,SKU-0003,WH-09,25,592.14
TXN000019,,SKU-0019,WH-05,22,163.12
TXN001784,2026-08-09,SKU-0031,WH-06,18,570.37
TXN001561,2026-08-15,SKU-0021,WH-07,29,443.65
TXN001721,06/24/2026,SKU-0042,WH-05,,100.48
TXN001539,2026-08-20,SKU-0032,WH-02,18,276.2
TXN000081,2026-07-01,SKU-0016,WH-06,18,153.85
TXN000619,2026-06-25,SKU-0027,WH-02,9,65.68
TXN000801,2026-08-16,SKU-0026,WH-03,16,123.59
TXN000051,07/17/2026,SKU-0002,WH-03,26,648.52
TXN000259,2026-07-05,SKU-0042,WH-04,18,52.97
TXN000697,2026-07-14,SKU-0034,WH-02,21,152.72
TXN001629,2026-06-25,SKU-0013,WH-01,15,153.01
TXN000396,2026-07-21,SKU-0028,WH-07,22,495.24
TXN000936,2026-08-08,SKU-0035,WH-02,26,818.61
TXN001048,,SKU-0039,WH-06,20,305.27
TXN000701,2026-08-23,SKU-0017,WH-03,14,302.24
TXN001749,2026-08-28,SKU-0024,WH-03,19,224.8
TXN001680,2026-08-17,SKU-0042,WH-07,21,126.04
TXN001559,,SKU-0028,WH-01,19,98.0
TXN001347,2026-07-28,SKU-0033,WH-07,19,225.46
TXN001333,2026-07-28,SKU-0027,WH-06,23,369.72
TXN000049,2026-07-28,SKU-0003,WH-05,16,546.69
TXN000094,2026-08-05,SKU-0029,WH-09,15,160.61
TXN001720,2026-08-03,SKU-0039,WH-02,16,176.49
TXN001328,2026-07-20,SKU-0002,WH-05,14,464.3
TXN000299,2026-08-19,SKU-0011,WH-05,19,653.33
TXN001183,2026-07-15,SKU-0026,WH-08,18,52.45
TXN001623,2026-08-26,SKU-0038,WH-01,20,466.57
TXN001105,2026-06-24,SKU-0044,WH-01,21,66.83
TXN000711,2026-08-08,SKU-0027,WH-02,27,560.7
TXN001674,27-Aug-2026,SKU-0043,WH-03,17,263.51
TXN000655,06/29/2026,SKU-0025,WH-04,12,147.36
TXN001438,2026-08-29,SKU-0005,WH-06,14,290.25
TXN000446,2026-08-07,SKU-0028,WH-03,14,499.37
TXN001270,2026-08-14,SKU-0025,WH-08,19,540.79
TXN001517,2026-08-24,SKU-0037,WH-02,20,624.1
TXN001020,2026-07-26,SKU-0018,WH-05,21,804.34
TXN000634,2026-07-25,SKU-0006,WH-02,19,616.11
TXN001385,2026-08-07,SKU-0036,WH-06,16,448.49
TXN001604,2026-07-09,SKU-0008,WH-07,15,536.53
TXN001264,2026-07-04,SKU-0035,WH-03,14,349.04
TXN001719,25-Aug-2026,SKU-0027,WH-02,12,351.99
TXN000599,2026-08-17,SKU-0041,WH-05,20,674.05
TXN001249,2026-06-30,SKU-0016,WH-04,14,395.4
TXN001415,2026-07-28,SKU-0034,WH-01,11,168.36
TXN001711,2026-08-29,SKU-0037,WH-02,12,432.76
TXN000966,2026-07-02,SKU-0043,WH-07,23,829.43
TXN001330,,SKU-0024,WH-01,14,375.86
TXN000912,2026-08-18,SKU-0003,WH-04,23,229.59
TXN000957,2026-07-24,SKU-0028,WH-07,15,526.31
TXN001432,2026-08-09,SKU-0035,WH-03,-19,0.0
TXN001459,2026-08-27,SKU-0003,WH-07,17,279.97
TXN000994,2026-08-04,SKU-0016,wh-05,17,420.0
TXN000228,2026-08-15,SKU-0023,WH-02,14,508.63
TXN000877,2026-08-08,SKU-0041,WH-06,18,582.77
TXN001795,2026-06-25,SKU-0045,WH-05,-21,0.0
TXN000553,2026-08-18,SKU-0042,WH-03,25,514.56
TXN001676,2026-06-24,SKU-0044,WH-03,18,505.41
TXN000273,2026-08-07,SKU-0021,WH-01,20,252.96
TXN001397,2026-07-19,SKU-0004,WH-06,12,165.84
TXN000286,2026-07-05,SKU-0014,WH-06,18,172.43
TXN000730,2026-07-05,SKU-0024,WH-03,20,768.48
TXN001506,2026-06-26,SKU-0015,WH-08,16,501.09
TXN000016,2026-08-01,SKU-0003,WH-05,24,864.1
TXN001144,2026-07-08,SKU-0041,WH-05,14,498.27
TXN001782,2026-08-11,SKU-0026,WH-03,10,350.47
TXN000625,2026-07-14,SKU-0013,WH-01,10,294.88
TXN001723,07/22/2026,SKU-0013,WH-07,12,297.02
TXN000632,28-Jul-2026,SKU-0013,WH-02,13,405.67
TXN000536,06/26/2026,SKU-0022,WH-03,14,517.26
TXN000790,2026-07-18,SKU-0019,WH-06,,182.4
TXN000987,2026-08-05,SKU-0020,WH-07,20,322.29
TXN000135,2026-08-26,SKU-0025,WH-02,26,910.49
TXN001225,2026-08-03,SKU-0019,WH-01,17,241.8
TXN001543,2026-09-01,SKU-0024,WH-01,17,244.69
TXN000211,2026-08-10,SKU-0035,WH-07,21,549.91
TXN001657,2026-07-10,SKU-0014,WH-03,17,46.53
TXN000840,2026-08-27,SKU-0013,WH-03,19,560.03
TXN001497,2026-06-26,SKU-0034,WH-04,21,395.91
TXN000088,2026-07-19,SKU-0033,WH-08,21,619.33
TXN001476,08/21/2026,SKU-0044,WH-03,20,726.29
TXN000298,2026-06-27,SKU-0037,WH-08,18,113.05
TXN001815,2026-08-23,SKU-0011,WH-04,17,443.36
TXN000913,2026-07-06,SKU-0003,WH-03,23,631.69
TXN000490,2026-07-25,SKU-0038,WH-09,18,552.71
TXN000868,2026-08-10,SKU-0028,WH-08,12,116.21
TXN000779,2026-07-03,SKU-0011,WH-02,20,714.03
TXN000045,2026-06-27,SKU-0007,WH-06,19,730.38
TXN001387,08/19/2026,SKU-0040,WH-08,21,832.99
TXN000644,08/30/2026,SKU-0015,WH-03,25,923.46
TXN001632,2026-07-22,SKU-0017,WH-03,16,309.76
TXN000761,2026-07-10,SKU-0027,WH-04,20,703.63
TXN000528,2026-07-18,SKU-0028,WH-05,16,637.25
TXN001618,2026-08-18,SKU-0004,WH-08,19,301.59
TXN000863,2026-08-19,SKU-0002,WH-06,13,281.33
TXN000481,2026-06-24,SKU-0037,WH-04,17,571.62
TXN001545,,SKU-0013,WH-06,19,89.96
TXN000772,07/19/2026,SKU-0002,WH-05,21,616.09
TXN001392,2026-08-29,SKU-0021,WH-06,20,527.31
TXN000110,2026-08-18,SKU-0022,WH-05,16,559.69
TXN001060,2026-08-24,SKU-0045,WH-02,17,573.77
TXN001315,20-Jul-2026,SKU-0013,WH-06,,707.19
TXN001197,,SKU-0029,WH-05,16,381.42
TXN000881,08/09/2026,SKU-0035,WH-06,14,197.06
TXN001458,2026-07-08,SKU-0041,WH-07,20,173.86
TXN000062,08/28/2026,SKU-0034,WH-08,10,142.21
TXN000672,,SKU-0039,WH-06,13,216.48
TXN000332,2026-08-16,SKU-0032,WH-05,14,115.6
TXN000001,2026-07-24,SKU-0042,WH-02,20,220.43
TXN001828,2026-08-21,SKU-0032,WH-04,11,417.49
TXN000142,2026-08-15,SKU-0019,WH-02,17,507.76
TXN000620,2026-08-23,SKU-0024,WH-06,23,835.11
TXN000922,08/10/2026,SKU-0043,WH-07,19,361.41
TXN000859,,SKU-0003,WH-06,19,350.14
TXN001071,2026-08-07,SKU-0004,Wh-01,19,548.63
TXN000789,2026-07-06,SKU-0032,WH-07,27,891.19
TXN000198,2026-07-26,SKU-0034,WH-04,14,255.62
TXN000460,2026-08-10,SKU-0034,WH-06,18,159.91
TXN000159,2026-09-01,SKU-0006,WH-06,18,378.12
TXN001084,2026-06-24,SKU-0007,WH-05,15,517.19
TXN001576,2026-08-22,SKU-0010,WH-03,14,304.7
TXN001831,2026-08-17,SKU-0039,WH-08,15,580.19
TXN001505,2026-06-25,SKU-0041,WH-02,19,233.57
TXN000083,2026-07-31,SKU-0002,WH-07,16,280.27
TXN001702,07/09/2026,SKU-0038,WH-03,17,481.81
TXN001364,19-Aug-2026,SKU-0017,WH_05,21,630.29
TXN001435,2026-08-18,SKU-0002,WH-04,22,79.13
TXN000916,2026-08-03,SKU-0010,WH-99,14,238.62
TXN000427,2026-08-21,SKU-0044,WH-02,19,574.85
TXN000289,2026-06-30,SKU-0023,WH-05,21,73.35
TXN000529,2026-08-18,SKU-0023,WH-08,18,495.29
TXN001760,2026-08-07,SKU-0028,WH-02,14,469.65
TXN000664,2026-07-26,SKU-0006,WH-02,21,638.22
TXN001230,2026-08-28,SKU-0017,WH-06,18,589.26
TXN000401,2026-07-10,SKU-0007,WH-06,16,633.8
TXN000154,2026-08-26,SKU-0006,WH-01,23,601.66
TXN001373,2026-07-14,SKU-0043,Wh-01,21,390.68
TXN001625,2026-07-22,SKU-0016,WH-08,10,312.36
TXN001439,16-Aug-2026,SKU-0030,WH-08,14,79.95
TXN001157,2026-07-10,SKU-0002,WH-04,22,531.37
TXN000851,2026-08-20,SKU-0022,WH-02,13,296.21
TXN000823,2026-08-15,SKU-0022,WH-04,13,457.86
TXN000813,07/01/2026,SKU-0006,WH-04,13,362.59
TXN001739,2026-07-12,SKU-0001,WH-05,18,716.47
TXN001369,2026-07-15,SKU-0014,WH-07,15,567.06
TXN001206,19-Aug-2026,SKU-0014,WH-08,16,512.47
TXN000575,2026-08-14,SKU-0001,WH-01,17,416.32
TXN001234,2026-07-03,SKU-0044,WH-08,18,606.1
TXN000314,2026-07-15,SKU-0004,WH-02,17,552.95
TXN000852,2026-08-02,SKU-0020,WH-08,20,88.82
TXN000598,2026-07-24,SKU-0002,WH-03,25,811.31
TXN000426,2026-07-22,SKU-0011,WH-02,18,527.32
TXN001642,2026-06-25,SKU-0013,WH-02,16,314.33
TXN000950,2026-06-29,SKU-0028,WH-07,18,616.8
TXN001593,2026-06-29,SKU-0022,WH-07,20,611.83
TXN000593,2026-08-25,SKU-0006,WH-04,21,543.12
TXN001754,2026-08-23,SKU-0015,WH-05,17,221.84
TXN000490,2026-07-25,SKU-0038,WH-09,18,552.71
TXN000521,2026-07-06,SKU-0038,WH-06,19,67.13
TXN000919,2026-08-15,SKU-0015,WH-04,20,455.54
TXN000491,2026-08-09,SKU-0001,WH-05,19,739.75
TXN000422,01-Aug-2026,SKU-0002,WH-06,17,46.36
TXN001595,,SKU-0028,WH-06,11,409.95
TXN001115,2026-07-15,SKU-0020,WH-03,14,315.43
TXN001382,01-Sep-2026,SKU-0013,WH-04,19,582.38
TXN000443,2026-07-30,SKU-0012,WH-06,13,409.84
TXN000815,,SKU-0021,WH-05,15,311.26
TXN001764,2026-07-09,SKU-0019,WH-08,20,575.46
TXN000054,08-Aug-2026,SKU-0010,WH-01,23,99.5
TXN001777,2026-07-03,SKU-0043,WH-06,9,155.82
TXN000852,2026-08-02,SKU-0020,WH-08,20,88.82
TXN001441,2026-08-02,SKU-0001,WH-08,18,138.24
TXN001402,,SKU-0025,WH-06,18,97.06
TXN000733,2026-08-23,SKU-0018,WH-04,15,457.99
TXN000409,2026-07-03,SKU-0039,WH-03,16,203.76
TXN000012,2026-08-04,SKU-0042,WH-03,19,63.75
TXN000808,2026-08-18,SKU-0003,WH-04,23,591.04
TXN000404,30-Jun-2026,SKU-0038,WH-08,16,532.82
TXN001767,29-Jul-2026,SKU-0039,WH-03,18,676.81
TXN000073,2026-06-24,SKU-0009,WH-06,14,496.14
TXN000195,2026-08-23,SKU-0022,WH-05,9,152.75
TXN000399,2026-07-07,SKU-0014,WH-07,22,396.38
TXN000308,2026-06-24,SKU-0044,WH-02,25,223.91
TXN000874,08/28/2026,SKU-0012,WH-06,,382.91
TXN000774,2026-07-28,SKU-0024,WH-09,16,204.41
TXN001608,2026-08-16,SKU-0021,WH-01,9,332.54
TXN000948,2026-06-29,SKU-0021,WH-07,19,116.68
TXN001631,2026-08-16,SKU-0045,WH-03,13,174.2
TXN000215,2026-07-13,SKU-0016,WH-03,17,373.84
TXN000870,08/18/2026,,WH-03,20,180.86
TXN000163,2026-08-30,SKU-0002,WH-03,19,501.13
TXN001145,,SKU-0002,WH-06,22,714.88
TXN001102,2026-08-25,SKU-0033,WH-01,20,347.29
TXN000559,2026-08-12,SKU-0028,WH-06,14,92.7
TXN001147,2026-08-23,SKU-0006,WH-01,20,488.53
TXN001735,06/30/2026,SKU-0035,WH-03,20,210.86
TXN000538,2026-07-19,SKU-0033,wh-01,10,252.61
TXN001729,2026-08-12,SKU-0029,WH-07,21,433.65
TXN001456,2026-07-29,SKU-0045,WH-05,16,205.77
TXN000952,2026-06-24,SKU-0018,WH-01,13,115.11
TXN000280,2026-07-28,SKU-0010,WH-06,16,132.58
TXN001806,2026-07-05,SKU-0038,WH-07,22,149.92
TXN000496,10-Jul-2026,SKU-0031,WH-06,17,381.43
TXN000311,2026-07-03,SKU-0030,WH-03,12,278.94
TXN000131,,SKU-0006,WH-06,24,920.44
TXN000251,2026-07-24,SKU-0024,WH-06,16,114.31
TXN001603,2026-08-30,SKU-0023,WH-02,26,485.28
TXN000494,2026-06-24,SKU-0005,WH-02,20,573.68
TXN001132,2026-07-20,SKU-0042,WH-04,26,903.79
TXN000925,2026-06-27,SKU-0026,WH-99,19,606.63
TXN000972,2026-07-28,SKU-0012,WH-04,16,622.24
TXN000647,2026-08-03,SKU-0029,WH-04,17,346.67
TXN000729,2026-08-19,SKU-0008,WH-06,27,278.93
TXN000812,2026-08-15,SKU-0008,WH-04,14,489.56
TXN000584,,SKU-0019,WH-03,17,215.71
TXN001209,2026-09-01,SKU-0022,WH-07,16,423.6
TXN001268,2026-07-19,SKU-0001,WH-08,,102.44
TXN001013,2026-07-05,SKU-0007,WH-04,19,485.21
TXN000359,2026-07-17,SKU-0014,WH-03,15,340.84
TXN001793,2026-07-05,SKU-0002,WH-06,31,467.73
TXN001614,2026-08-14,SKU-0035,WH-05,13,237.19
TXN000834,2026-08-09,SKU-0032,WH-03,15,353.09
TXN001282,,SKU-0010,WH-08,20,585.61
TXN000239,01-Aug-2026,SKU-0027,WH-03,13,312.96
TXN000350,2026-06-29,SKU-0017,WH-01,10,396.42
TXN001194,2026-08-29,SKU-0041,WH-04,18,713.55
TXN001176,2026-08-09,SKU-0008,WH-04,14,356.17
TXN000799,2026-07-25,SKU-0041,WH-01,23,670.83
TXN000679,2026-09-01,SKU-0008,WH-07,19,513.52
TXN001266,2026-08-16,SKU-0030,WH-01,21,302.78
TXN000659,2026-07-28,SKU-0007,WH-06,11,405.49
TXN001477,2026-06-29,SKU-0020,WH-08,9,35.99
TXN001526,2026-08-24,SKU-0024,WH-03,17,540.1
TXN000570,2026-08-23,SKU-0040,WH-03,19,644.56
TXN001292,2026-08-16,SKU-0041,WH-08,19,95.33
TXN001180,,SKU-0016,WH-01,21,336.94
TXN000649,2026-07-21,SKU-0003,WH-02,26,1008.85
TXN000557,,SKU-0013,WH-07,30,661.67
TXN000769,2026-07-27,SKU-0002,WH-06,20,151.83
TXN001335,2026-07-04,SKU-0045,WH-05,15,95.33
TXN000027,2026-07-11,SKU-0003,WH-03,18,293.07
TXN000425,2026-08-30,SKU-0004,WH-06,19,416.22
TXN001181,2026-07-26,SKU-0020,WH-07,17,439.52
TXN001263,07/05/2026,SKU-0025,WH-08,16,541.45
TXN000638,,SKU-0016,WH-03,19,76.38
TXN001058,2026-07-29,SKU-0032,WH-01,17,498.15
TXN000487,2026-08-27,SKU-0014,WH-08,13,337.7
TXN001519,,SKU-0010,WH-05,16,128.31
TXN001471,2026-08-04,SKU-0042,WH-02,22,537.43
TXN001109,2026-07-14,SKU-0030,WH-04,18,101.81
TXN001298,2026-08-14,SKU-0022,WH-02,14,89.43
TXN000495,2026-08-31,SKU-0026,WH-99,15,277.54
TXN000597,2026-08-19,SKU-0017,WH-02,9,55.71
TXN000702,2026-07-19,SKU-0041,WH-08,17,561.21
TXN001675,2026-07-01,SKU-0042,wh-01,20,244.93
TXN000090,,SKU-0043,WH-07,15,192.27
TXN000050,2026-07-02,SKU-0018,WH-07,18,314.02
TXN000262,2026-08-15,SKU-0023,WH-02,19,610.99
TXN000918,2026-08-05,SKU-0025,WH-04,19,235.61
TXN001701,2026-06-24,SKU-0027,WH-03,22,648.78
TXN000148,2026-08-14,SKU-0029,WH-03,11,144.67
TXN001819,2026-07-02,SKU-0025,WH-01,17,128.53
TXN000390,2026-08-28,SKU-0014,WH-01,18,459.18
TXN001570,,SKU-0038,Wh-01,13,148.08
TXN000078,10-Jul-2026,SKU-0007,WH-03,10,232.34
TXN001323,,SKU-0011,WH_05,20,163.71
TXN001057,06/27/2026,SKU-0001,WH-01,18,583.76
TXN001770,2026-07-27,SKU-0003,WH-06,23,901.57
TXN000035,2026-06-24,SKU-0024,WH-03,22,780.34
TXN000791,2026-06-29,SKU-0031,WH-03,18,301.5
TXN000993,08-Jul-2026,SKU-0039,WH-08,14,488.91
TXN001837,,SKU-0006,WH-04,18,516.01
TXN000804,2026-08-08,SKU-0004,WH-02,20,144.9
TXN000323,04-Aug-2026,SKU-0017,WH-03,19,475.19
TXN001012,2026-08-11,SKU-0031,WH-06,15,432.69
TXN000006,2026-08-02,SKU-0005,WH-05,15,158.2
TXN001165,08/01/2026,SKU-0021,WH-03,18,406.56
TXN001826,2026-06-30,SKU-0039,WH-06,23,673.56
TXN000452,2026-07-22,SKU-0026,WH-02,15,501.83
TXN001331,2026-06-30,SKU-0009,WH-04,21,624.65
TXN001622,2026-08-05,SKU-0036,WH-08,16,307.98
TXN000216,2026-08-27,SKU-0018,WH-08,14,463.26
TXN000935,2026-08-13,SKU-0041,WH-08,12,59.42
TXN000395,2026-07-06,SKU-0023,WH-08,20,671.37
TXN001080,2026-08-15,SKU-0025,WH-02,22,140.73
TXN001712,2026-07-15,SKU-0041,WH-07,12,409.03
TXN000503,2026-07-08,SKU-0024,WH-02,25,769.78
TXN000383,2026-07-01,SKU-0006,WH-08,12,358.6
TXN000725,2026-08-30,SKU-0041,WH-07,26,673.36
TXN000310,2026-07-29,SKU-0032,WH-06,22,182.42
TXN000594,2026-07-24,SKU-0027,WH-05,13,184.3
TXN000802,2026-06-30,SKU-0021,WH-04,17,628.77
TXN000520,2026-08-01,SKU-0020,WH-05,21,228.51
TXN001243,2026-08-04,SKU-0028,WH-02,18,329.95
TXN000757,2026-07-14,SKU-0044,WH-03,16,370.65
TXN001487,2026-07-30,SKU-0030,WH-03,17,214.82
TXN000205,2026-06-27,SKU-0011,WH-06,19,395.84
TXN001758,2026-08-25,,WH-07,21,272.95
TXN001246,2026-08-12,SKU-0021,WH-07,15,437.5
TXN001395,2026-07-07,SKU-0040,WH-07,19,176.99
TXN001421,2026-06-28,SKU-0031,WH-02,14,412.61
TXN000763,08-Aug-2026,SKU-0040,WH-03,13,66.53
TXN000943,11-Aug-2026,SKU-0027,WH-04,19,216.47
TXN001231,2026-08-09,SKU-0031,WH-07,16,45.42
TXN000663,2026-08-17,SKU-0020,WH-03,25,578.24
TXN000678,2026-08-29,SKU-0018,WH-03,16,173.47
TXN001462,2026-07-28,SKU-0030,WH-06,18,138.05
TXN000574,2026-09-01,SKU-0036,WH-07,15,595.0
TXN000767,2026-08-23,SKU-0019,WH-08,16,334.59
TXN000629,2026-07-27,SKU-0029,WH-08,19,730.02
TXN000315,2026-06-28,SKU-0011,WH-03,11,386.15
TXN000742,20-Jul-2026,SKU-0026,WH-05,17,403.55
TXN001032,2026-08-26,SKU-0015,WH-03,15,231.83
TXN001641,2026-07-09,SKU-0004,WH-01,15,190.3
TXN001426,2026-07-17,SKU-0012,WH-04,,341.99
TXN001436,2026-07-08,SKU-0018,WH-06,17,257.94
TXN000984,2026-09-01,SKU-0032,WH-06,21,628.77
TXN001843,2026-07-31,SKU-0017,WH-03,27,562.03
TXN001759,2026-08-18,SKU-0030,WH-06,,292.56
TXN001428,2026-08-12,SKU-0024,WH-06,18,583.71
TXN001228,2026-08-05,SKU-0031,WH-07,20,86.26
TXN001567,,SKU-0028,WH-05,19,403.23
TXN001761,07/25/2026,SKU-0023,WH-03,14,202.18
TXN000188,2026-07-13,SKU-0002,WH-07,17,313.5
TXN000189,2026-08-14,SKU-0003,WH-05,15,235.46
TXN000824,2026-08-19,SKU-0004,WH-06,13,487.85
TXN000662,2026-06-24,SKU-0043,WH-02,19,299.35
TXN000242,2026-08-23,SKU-0021,wh-05,20,171.34
TXN001668,2026-08-01,SKU-0043,WH-08,20,727.75
TXN000893,2026-06-28,SKU-0034,WH-06,19,556.05
TXN000688,2026-08-19,,WH-04,16,208.73
TXN000498,2026-06-29,SKU-0044,WH-07,10,265.62
TXN000041,07/22/2026,SKU-0044,WH-06,17,244.61
TXN000448,,SKU-0013,WH-05,19,87.03
TXN000099,2026-08-18,SKU-0007,WH-03,18,45.35
TXN001552,2026-08-24,SKU-0022,WH-07,18,458.29
TXN001776,2026-08-29,SKU-0014,WH-08,20,458.6
TXN000582,2026-07-12,SKU-0017,WH-05,20,776.68
TXN000861,07/15/2026,SKU-0001,WH-06,18,616.18
TXN000484,2026-07-31,SKU-0037,WH-03,22,134.72
TXN000720,2026-08-03,SKU-0019,WH-04,21,564.17
TXN001786,2026-07-08,SKU-0012,WH-01,19,465.31
TXN000250,2026-08-06,SKU-0013,WH-04,22,830.12
TXN000436,2026-08-20,SKU-0016,WH-02,14,185.51
TXN000076,16-Aug-2026,SKU-0015,WH-02,20,232.7
TXN001665,2026-08-21,SKU-0016,WH-08,14,471.91
TXN000962,2026-07-01,SKU-0040,WH-06,21,244.83
TXN000719,2026-08-14,SKU-0011,WH-08,16,265.76
TXN000516,2026-08-13,SKU-0016,WH-02,22,329.62
TXN001656,,SKU-0029,WH-01,16,241.55
TXN001213,2026-07-12,SKU-0044,WH-08,19,683.66
TXN000685,2026-07-20,SKU-0042,WH-03,13,195.51
TXN000833,2026-07-10,SKU-0030,WH-02,20,582.2
TXN001045,19-Jul-2026,SKU-0014,WH-08,15,303.99
TXN000439,2026-07-30,SKU-0004,WH-99,21,435.51
TXN000419,2026-07-12,SKU-0003,WH-02,12,131.54
TXN000839,2026-07-31,SKU-0044,WH-04,14,327.0
TXN001313,2026-08-18,SKU-0041,WH-08,14,496.92
TXN000777,04-Jul-2026,SKU-0038,WH-06,17,402.73
TXN000502,2026-07-02,SKU-0003,WH-02,21,570.02
TXN001082,2026-07-06,SKU-0013,WH-01,16,239.5
TXN001833,08/18/2026,SKU-0021,WH-07,18,63.89
TXN001087,2026-07-19,SKU-0030,WH-08,18,95.36
TXN001178,,SKU-0042,WH-06,12,81.57
TXN000200,2026-08-16,SKU-0002,WH-05,27,559.62
TXN000349,2026-08-13,SKU-0027,WH-02,14,294.08
TXN001177,2026-08-21,SKU-0027,WH-07,16,147.81
TXN001068,2026-07-30,SKU-0003,WH-03,24,108.6
TXN000635,2026-07-05,,WH-04,18,483.4
TXN001250,2026-08-11,SKU-0038,WH-05,22,828.02
TXN001302,2026-07-31,SKU-0024,WH-07,21,420.7
TXN000318,2026-07-16,SKU-0029,WH-08,14,349.4
TXN000976,2026-07-23,SKU-0002,WH-07,16,585.43
TXN001219,,SKU-0006,WH-04,12,179.12
TXN000581,2026-08-23,SKU-0006,WH-01,27,649.96
TXN000355,2026-06-26,SKU-0041,WH-07,21,430.94
TXN001158,2026-08-12,SKU-0028,WH-08,14,270.77
TXN001041,14-Aug-2026,SKU-0039,WH-07,15,590.68
TXN000493,,SKU-0012,WH-07,20,709.43
TXN000723,2026-08-16,SKU-0012,WH-02,17,184.25
TXN000180,2026-07-03,SKU-0019,WH-03,17,161.38
TXN000244,2026-07-10,SKU-0033,WH-06,26,138.26
TXN001597,2026-07-20,SKU-0043,WH-04,27,502.61
TXN000274,2026-08-10,SKU-0013,WH-02,12,222.06
TXN001630,2026-08-02,SKU-0030,WH-06,19,558.03
TXN000576,,SKU-0012,WH-08,19,153.27
TXN001722,2026-08-19,SKU-0028,WH-01,18,355.2
TXN000392,2026-07-13,SKU-0007,WH-03,25,420.01
TXN001342,2026-06-25,SKU-0017,WH-07,19,274.0
TXN000220,2026-08-19,SKU-0035,WH-03,25,908.58
TXN000234,2026-08-03,SKU-0016,WH-01,13,392.85
TXN000034,07/16/2026,SKU-0022,WH-05,20,564.57
TXN000085,2026-07-04,SKU-0042,WH-02,-18,0.0
TXN000746,2026-08-11,SKU-0013,WH-02,23,353.06
TXN000156,2026-07-05,SKU-0035,WH-08,15,549.26
TXN001179,2026-07-08,SKU-0042,WH-06,29,223.57
TXN001343,2026-07-25,SKU-0007,WH-03,14,537.57
TXN001004,2026-09-01,SKU-0032,WH-06,21,830.2
TXN000856,2026-07-26,SKU-0032,WH-01,17,210.78
TXN000363,2026-07-23,SKU-0028,WH-08,18,658.32
TXN001644,02-Jul-2026,SKU-0026,wh-01,18,580.42
TXN001000,2026-08-10,SKU-0036,WH-04,14,176.45
TXN001143,2026-07-29,SKU-0032,WH-06,31,1161.47
TXN000380,08/17/2026,SKU-0001,WH-08,18,598.32
TXN001707,2026-06-26,SKU-0038,WH-04,14,369.46
TXN001247,2026-08-08,SKU-0042,WH-08,17,550.13
TXN000509,,SKU-0004,WH-05,21,532.47
TXN000067,2026-06-26,SKU-0028,WH-05,13,156.45
TXN001673,2026-07-06,SKU-0039,WH-08,25,710.54
TXN001131,2026-07-18,SKU-0018,WH-03,14,48.2
TXN001325,2026-07-12,SKU-0015,WH-01,11,311.93
TXN001753,2026-08-05,SKU-0011,WH-06,16,307.86
TXN001037,2026-07-15,SKU-0022,WH-01,22,299.56
TXN000983,03-Aug-2026,SKU-0006,WH-04,24,343.7
TXN000471,,SKU-0035,WH-04,11,44.48
TXN001573,2026-06-28,SKU-0011,WH-08,19,689.0
TXN000393,2026-08-24,SKU-0030,WH-05,20,161.73
TXN001470,2026-06-27,SKU-0008,WH-06,12,387.27
TXN001708,,SKU-0042,WH-06,15,46.54
TXN000995,06-Jul-2026,SKU-0005,WH-02,21,192.98
TXN001204,2026-08-05,SKU-0023,WH-06,19,100.67
TXN000347,07-Aug-2026,SKU-0034,WH-08,10,380.09
TXN000074,08/29/2026,SKU-0020,WH-05,22,668.47
TXN000329,27-Jul-2026,SKU-0013,WH-03,26,383.75
TXN001498,2026-08-04,SKU-0033,WH-07,20,321.14
TXN001026,2026-07-24,SKU-0041,WH-05,21,809.34
TXN001808,08/24/2026,SKU-0028,WH-01,18,158.85
TXN001525,2026-08-30,SKU-0034, WH-01 ,24,585.78
TXN000134,2026-06-28,SKU-0022,WH-02,17,242.58
TXN000103,2026-09-01,SKU-0030,WH-04,15,347.39
TXN000009,2026-07-05,SKU-0006,WH-03,21,665.77
TXN001248,2026-08-30,SKU-0032,WH-07,15,351.25
TXN000543,2026-07-14,SKU-0008,WH-07,11,295.69
TXN000010,2026-07-02,SKU-0032,WH-04,15,519.35
TXN001008,2026-07-27,SKU-0013,WH-05,16,349.94
TXN000639,2026-07-18,SKU-0028,WH-08,22,645.36
TXN000885,2026-08-07,SKU-0028,WH-08,22,295.68
TXN000826,2026-08-19,SKU-0043,WH-03,15,301.77
TXN000766,2026-07-29,SKU-0013,WH-02,16,450.87
TXN001011,2026-07-15,SKU-0014,WH-02,19,184.63
TXN001774,2026-07-07,SKU-0023,WH-07,23,546.4
TXN000064,2026-07-13,SKU-0002,WH-04,17,208.47
TXN000284,10-Jul-2026,SKU-0033,WH-03,24,329.93
TXN001241,07/27/2026,SKU-0022,WH-07,22,225.76
TXN001479,01-Sep-2026,SKU-0018,WH-02,21,153.41
TXN000616,2026-08-24,SKU-0020,WH-06,18,291.2
TXN000891,2026-07-31,SKU-0032,WH-03,17,51.31
TXN000370,2026-08-10,SKU-0041,WH-02,14,357.57
TXN001444,2026-07-31,SKU-0030,WH-07,20,478.5
TXN001488,2026-08-06,SKU-0007,WH-01,24,235.86
TXN001512,2026-07-20,SKU-0022,WH-06,22,619.13
TXN000125,2026-07-04,SKU-0017,WH-05,18,585.39
TXN001725,2026-08-24,SKU-0007,WH-03,18,254.23
TXN000407,2026-08-31,SKU-0015,WH-06,23,896.93
TXN000682,,SKU-0027,WH-03,16,386.59
TXN001667,2026-07-13,SKU-0002,WH-05,27,717.27
TXN001359,08/21/2026,SKU-0013,WH-02,27,240.02
TXN001748,2026-08-29,SKU-0009,WH-08,15,113.37
TXN001591,,SKU-0023,WH-01,17,373.62
TXN000904,2026-08-10,SKU-0028,WH-01,18,111.89
TXN000968,2026-08-11,SKU-0017,WH-04,14,47.42
TXN000541,2026-07-26,SKU-0011,wh-01,16,79.79
TXN000139,2026-07-14,SKU-0045,WH-06,14,173.91
TXN000996,31-Aug-2026,SKU-0012,WH-02,22,183.66
TXN000260,2026-08-15,SKU-0006,WH-05,18,432.35
TXN000473,2026-08-11,SKU-0028,WH-01,19,562.93
TXN000165,25-Aug-2026,SKU-0031,WH-03,13,248.39
TXN000845,2026-07-03,SKU-0012,WH-01,18,378.32
TXN000226,2026-08-21,SKU-0030,WH-07,12,69.93
TXN001473,2026-08-27,SKU-0022,WH-07,15,533.38
TXN000692,2026-07-06,SKU-0022,WH-06,14,213.2
TXN000191,2026-07-18,SKU-0018,WH-05,22,268.31
TXN000860,2026-06-24,SKU-0023,WH-03,12,385.39
TXN000306,2026-08-12,SKU-0001,WH-08,23,761.61
TXN000985,2026-07-07,SKU-0031,WH-08,16,71.12
TXN001556,08/08/2026,SKU-0016,WH-04,15,222.05
TXN001639,2026-07-22,SKU-0028,WH-03,19,151.4
TXN000482,2026-08-09,,WH-02,15,339.79
TXN001510,2026-09-01,SKU-0027,WH-05,22,124.82
TXN001807,2026-08-24,SKU-0021,WH-08,18,113.45
TXN001658,2026-08-15,SKU-0022,WH-06,22,615.69
TXN001489,,SKU-0041,WH-03,16,364.68
TXN001769,2026-08-06,SKU-0002,WH-01,20,195.6
TXN001162,2026-08-06,SKU-0019,WH-99,19,468.83
TXN001672,2026-06-26,SKU-0038,WH-04,23,664.99
TXN000320,2026-07-31,SKU-0039,WH-04,15,151.77
TXN001493,2026-07-22,SKU-0025,WH-05,18,452.98
TXN001610,2026-08-22,SKU-0020,WH-04,18,426.61
TXN000754,,SKU-0036,WH_05,29,1082.47
TXN000017,,SKU-0018,WH-06,26,875.33
TXN001826,2026-06-30,SKU-0039,WH-06,23,673.56
TXN000430,08-Jul-2026,SKU-0023,WH-07,24,655.99
TXN001832,2026-08-20,SKU-0042,WH-04,23,914.88
TXN001582,2026-07-09,SKU-0021, WH-01 ,17,146.24
TXN001653,2026-07-22,SKU-0023,WH-05,17,658.77
TXN001215,2026-06-28,SKU-0007,WH-02,20,393.58
TXN001309,2026-08-17,SKU-0009,WH-05,16,147.61
TXN000207,,SKU-0012,WH-07,16,401.27
TXN000237,2026-08-20,SKU-0002,WH-02,14,41.37
TXN001660,09-Jul-2026,SKU-0015,WH-04,15,72.79
TXN000785,2026-07-16,SKU-0026,WH-02,16,80.53
TXN001103,08/04/2026,SKU-0031,WH-07,27,990.32
TXN001196,2026-07-04,SKU-0010,WH-07,17,230.41
TXN000345,2026-08-08,SKU-0036,WH-05,18,222.9
TXN001130,2026-07-23,SKU-0042,WH-02,15,406.78
TXN001279,2026-08-28,SKU-0010,WH-02,19,671.11
TXN001086,2026-07-17,SKU-0045,WH-03,20,582.06
TXN001271,2026-08-10,SKU-0043,WH-08,17,153.52
TXN000340,2026-08-02,SKU-0001,WH-02,28,823.35
TXN001014,2026-06-27,SKU-0009,WH-02,22,673.33
TXN000457,2026-07-28,SKU-0023,WH-08,17,276.06
TXN000175,2026-07-25,SKU-0010,WH-02,,62.93
TXN000549,2026-07-04,SKU-0039,WH-02,16,133.24
TXN001586,2026-08-24,SKU-0032,WH-08,20,252.25
TXN000300,2026-08-10,SKU-0040,Wh-01,25,585.25
TXN001285,2026-08-12,SKU-0022,wh-01,17,482.12
TXN000459,,SKU-0012,WH-01,24,673.45
TXN000942,2026-08-25,SKU-0010,WH-05,14,341.67
TXN000160,2026-06-29,SKU-0005,WH-02,13,345.26
TXN001637,2026-07-13,SKU-0022,WH-04,16,399.68
TXN001611,08-Jul-2026,SKU-0025,WH_05,26,83.87
TXN001083,,SKU-0007,WH-04,13,351.35
TXN000474,2026-08-23,SKU-0030,WH-06,19,631.09
TXN000982,2026-06-27,SKU-0012,WH-04,14,216.22
TXN000187,2026-08-17,SKU-0005,Wh-01,20,649.42
TXN001446,2026-08-31,SKU-0038,WH-03,18,415.73
TXN000463,2026-06-30,SKU-0044,WH-02,25,730.45
TXN000005,2026-07-15,SKU-0036,WH-03,17,115.51
TXN000841,2026-08-31,SKU-0012,WH-08,20,728.51
TXN001550,2026-06-25,SKU-0036,WH-01,21,435.47
TXN000326,2026-08-16,SKU-0036,WH-07,29,895.65
TXN001245,2026-07-03,SKU-0015,WH-07,23,58.1
TXN001128,2026-08-07,SKU-0001,WH-06,13,312.9
TXN000136,2026-08-16,SKU-0021,WH-03,11,231.4
TXN001377,2026-08-05,SKU-0040,WH-03,20,90.63
TXN001551,2026-06-30,SKU-0034,WH_05,19,67.74
TXN000892,2026-08-29,SKU-0021,WH-07,17,109.84
TXN000059,2026-07-19,SKU-0025,WH-05,15,220.51
TXN000013,2026-08-09,SKU-0020,WH-04,19,283.74
TXN000945,2026-08-24,SKU-0027,WH-07,20,662.24
TXN001494,,SKU-0035,WH-04,16,635.21
TXN000387,2026-08-04,SKU-0038,WH-01,25,737.63
TXN000523,2026-06-25,SKU-0005,WH-05,,446.35
TXN001129,2026-07-14,SKU-0034,WH-03,22,648.08
TXN001237,2026-08-11,SKU-0042,WH-05,18,307.25
TXN000026,2026-07-10,SKU-0042,WH-04,20,452.05
TXN001287,11-Aug-2026,SKU-0031,WH-05,19,696.89
TXN000603,2026-08-17,SKU-0043,WH-01,17,224.69
TXN000842,2026-07-04,SKU-0036,WH-02,14,366.35
TXN000322,2026-07-08,SKU-0016,WH-01,16,72.0
TXN001399,2026-07-21,SKU-0004,WH-05,15,270.37
TXN001651,2026-06-27,SKU-0037,WH-02,24,355.56
TXN001724,06-Jul-2026,SKU-0014,WH-04,14,392.51
TXN000866,2026-07-21,SKU-0019,WH-06,16,366.76
TXN000970,2026-08-06,SKU-0018,WH-02,16,474.99
TXN001353,2026-08-23,SKU-0006,WH-08,13,213.25
TXN001483,2026-08-16,SKU-0042,WH-04,18,286.04
TXN001065,,SKU-0029,WH-03,18,177.3
TXN000441,2026-07-01,SKU-0035,WH-08,,224.7
TXN001818,2026-08-06,SKU-0015,WH-07,17,182.86
TXN000295,2026-07-02,SKU-0015,WH-02,16,121.03
TXN000554,2026-08-13,SKU-0017,WH-04,7,75.59
TXN000256,2026-08-24,SKU-0013,WH-01,13,320.02
TXN000560,2026-06-28,SKU-0021,WH-02,28,853.59
TXN000830,2026-07-04,SKU-0002,WH-04,18,518.96
TXN001692,2026-07-14,SKU-0036,WH-04,16,537.21
TXN001528,06/24/2026,SKU-0013,WH-08,14,494.08
TXN000880,2026-07-04,SKU-0033,WH-08,18,382.06
TXN000455,2026-07-30,SKU-0011,WH-01,19,709.72
TXN000307,2026-08-30,SKU-0018,WH-05,20,422.42
TXN000072,2026-08-27,SKU-0043,WH-05,22,132.61
TXN000257,12-Aug-2026,SKU-0026,WH-08,24,349.43
TXN001262,01-Jul-2026,SKU-0011,WH-08,18,356.17
TXN000002,08/12/2026,SKU-0004,WH-03,24,480.05
TXN001705,07/28/2026,SKU-0025,WH-04,15,345.94
TXN000961,07/01/2026,SKU-0032,WH-05,18,558.26
TXN001454,2026-08-04,SKU-0029,WH-04,13,328.43
TXN001845,2026-07-25,SKU-0042,WH-04,20,493.19
TXN000680,2026-07-03,SKU-0029,WH-04,17,211.67
TXN001036,2026-06-25,SKU-0003,WH-04,16,461.26
TXN000367,2026-08-12,SKU-0045,WH-01,18,522.12
TXN000953,2026-08-02,SKU-0024,WH-04,17,502.39
TXN001615,2026-08-30,SKU-0006,WH-05,14,255.0
TXN000694,2026-08-01,SKU-0045,WH-05,14,457.28
TXN000929,2026-08-01,SKU-0034,WH-06,23,461.1
TXN001410,2026-08-17,SKU-0036,WH-05,16,56.55
TXN000479,08/25/2026,SKU-0005,WH-03,16,321.13
TXN001307,2026-07-09,SKU-0039,WH-05,21,229.97
TXN000909,2026-08-02,SKU-0045,WH-07,17,546.26
TXN000117,07/01/2026,SKU-0036,WH-08,23,811.61
TXN001152,2026-08-17,SKU-0010,WH-05,23,264.47
TXN001682,2026-08-30,SKU-0037,WH-04,18,91.52
TXN001029,2026-06-28,SKU-0044,WH-02,22,227.59
TXN000466,2026-06-28,SKU-0027,WH-03,16,561.91
TXN001440,2026-07-06,SKU-0036,WH-08,10,368.2
TXN001047,2026-07-18,SKU-0043,WH-01,19,53.3
TXN000445,07/26/2026,,WH-06,19,469.3
TXN001035,2026-08-26,SKU-0019,WH-05,18,188.86
TXN000776,2026-08-13,SKU-0038,WH-02,12,104.74
TXN000604,07/02/2026,SKU-0002,WH-01,18,421.87
TXN000568,2026-06-30,SKU-0015,WH-04,24,535.04
TXN001203,2026-07-03,SKU-0016,WH-03,12,304.45
TXN001803,24-Aug-2026,SKU-0030,WH-06,19,334.66
TXN000084,2026-07-19,SKU-0038,WH-04,25,383.5
TXN001526,2026-08-24,SKU-0024,WH-03,17,540.1
TXN001094,2026-08-16,SKU-0038,WH-01,20,423.88
TXN000755,2026-07-11,SKU-0034,WH-03,17,565.8
TXN001286,,SKU-0034,WH-02,16,426.99
TXN000151,08/14/2026,SKU-0014,WH-08,18,200.75
TXN001437,2026-07-13,SKU-0014,WH-02,19,756.61
TXN001104,2026-08-30,SKU-0006,WH-04,14,501.88
TXN000388,2026-08-01,SKU-0028,WH-04,21,680.93
TXN000731,2026-08-18,SKU-0023,WH-01,9,269.05
TXN000172,2026-08-30,SKU-0018,WH-06,23,856.75
TXN001114,2026-06-27,SKU-0031,WH-04,28,967.07
TXN000530,2026-08-08,SKU-0022,WH-01,19,628.85
TXN001141,07/19/2026,SKU-0008,WH-08,21,458.49
TXN000765,2026-08-20,SKU-0011,WH-07,,117.77
TXN000735,2026-07-25,SKU-0036,WH-06,-21,0.0
TXN001840,2026-07-03,SKU-0024,WH-03,14,494.93
TXN001289,2026-08-06,SKU-0039,WH-03,16,59.3
TXN001290,2026-08-28,SKU-0022,WH-06,22,280.91
TXN000374,2026-07-03,SKU-0021,WH-04,21,68.87
TXN001081,2026-06-25,SKU-0042,WH-06,21,419.7
TXN000709,07/28/2026,SKU-0009,WH-04,28,361.96
TXN000937,2026-08-01,SKU-0031,WH-05,25,816.88
TXN001686,2026-08-15,SKU-0013,WH-05,18,372.69
TXN001513,10-Aug-2026,SKU-0026,WH-04,18,647.25
TXN000670,2026-08-01,SKU-0031,WH-06,25,863.35
TXN000032,2026-07-05,SKU-0006,WH-07,11,346.91
TXN000238,2026-08-23,,WH-04,21,362.35
TXN000127,2026-08-19,SKU-0035,WH-02,14,307.76
TXN000354,2026-06-30,SKU-0022,WH-05,25,662.85
TXN000164,2026-07-16,SKU-0009,WH-04,23,712.43
TXN001259,2026-08-29,SKU-0002,WH-06,19,698.56
TXN000492,2026-08-04,SKU-0008,wh-05,15,121.47
TXN000472,2026-07-16,SKU-0016,WH-02,15,473.78
TXN001628,,SKU-0040,WH-03,17,338.35
TXN001568,2026-08-16,SKU-0001,WH-05,23,410.86
TXN001811,2026-06-24,SKU-0032,WH-06,16,516.34
TXN001205,,SKU-0041, WH-01 ,15,587.45
TXN000089,2026-07-19,SKU-0019,WH-06,17,468.02
TXN001208,2026-08-22,SKU-0018,WH-03,24,923.22
TXN000097,2026-08-28,SKU-0030,WH-07,18,704.25
TXN001066,,SKU-0031,WH-08,25,402.13
TXN001023,2026-08-24,SKU-0016,WH-06,14,63.85
TXN001584,2026-07-16,SKU-0014,WH-04,16,285.61
TXN000449,2026-08-31,SKU-0002,WH-05,15,230.8
TXN000550,2026-08-26,SKU-0013,WH-02,13,269.2
TXN001149,2026-08-25,SKU-0043,WH-02,18,472.9
TXN000218,2026-07-07,SKU-0029,WH-01,27,121.49
TXN000178,2026-07-01,SKU-0007,WH_05,23,901.06
TXN000433,2026-09-01,SKU-0022,WH-03,15,161.74
TXN000567,2026-08-18,SKU-0044,WH-06,14,44.45
TXN001481,07/16/2026,SKU-0006,WH-05,21,575.1
TXN000741,2026-07-28,SKU-0020,WH-04,12,82.67
TXN001195,2026-07-11,SKU-0009,WH-02,17,570.94
TXN000483,2026-08-30,SKU-0028,WH-08,13,63.47
TXN001389,2026-08-13,SKU-0014,WH-05,20,312.03
TXN001475,07/27/2026,SKU-0011,WH-08,11,133.76
TXN000437,08/08/2026,SKU-0036,WH-02,21,728.44
TXN000780,2026-08-06,SKU-0022,WH-04,19,174.09
TXN000548,,SKU-0028,WH-07,18,170.55
TXN000853,2026-07-29,SKU-0008,WH-01,21,229.48
TXN001085,2026-06-24,SKU-0022,WH-03,13,361.41
TXN001671,,SKU-0007,WH-04,18,383.24
TXN000782,2026-08-18,SKU-0040,WH-08,28,137.4
TXN001351,2026-08-24,SKU-0038,WH-01,15,163.7
TXN001621,2026-08-13,SKU-0036,WH-06,-23,0.0
TXN001296,2026-08-29,SKU-0020,WH-01,22,80.99
TXN001007,07/18/2026,SKU-0028,WH-08,28,181.56
TXN001447,2026-07-22,SKU-0044,WH-05,17,489.56
TXN001348,2026-07-29,SKU-0021,WH-02,16,616.88
TXN000673,2026-08-06,SKU-0042,WH-08,22,301.9
TXN001789,2026-07-17,SKU-0040,WH-04,13,82.31
TXN000686,2026-08-05,SKU-0005,WH-03,17,562.85
TXN001427,2026-08-23,SKU-0031,WH-06,18,119.33
TXN001577,2026-08-19,SKU-0024,WH-06,23,496.33
TXN000817,2026-07-25,SKU-0007,WH-06,12,471.63
TXN000752,2026-08-16,SKU-0014,WH-01,21,370.81
TXN000121,2026-09-01,SKU-0038,wh-01,13,309.13
TXN000699,06/26/2026,SKU-0024,WH-08,15,436.02
TXN000876,2026-08-11,SKU-0044,WH-01,,488.99
TXN001156,2026-08-06,SKU-0022,WH-06,17,554.19
TXN001040,2026-06-26,SKU-0033, WH-01 ,18,484.88
TXN001766,2026-08-25,SKU-0008,WH-04,15,134.73
TXN000578,07/12/2026,SKU-0001,WH-01,11,318.16
TXN000855,2026-08-08,SKU-0020,WH-05,18,618.56
TXN001555,08/28/2026,SKU-0038,WH-08,18,636.23
TXN000038,2026-08-19,SKU-0013,WH-01,19,77.67
TXN000031,2026-07-30,SKU-0008,WH-05,19,419.88
TXN001304,2026-08-14,SKU-0013,Wh-01,20,377.17
TXN000106,2026-08-21,SKU-0022,WH-08,14,391.75
TXN000023,,SKU-0017,WH-05,23,851.84
TXN000710,2026-07-10,SKU-0038,WH-04,21,54.28
TXN000069,2026-08-18,SKU-0033,WH-06,21,753.39
TXN001678,2026-08-13,SKU-0019,WH-02,23,599.2
TXN001119,2026-07-26,SKU-0035,WH-07,22,671.51
TXN001647,2026-07-07,SKU-0044,WH-04,17,636.03
TXN001127,2026-06-28,SKU-0005,WH-04,20,784.56
TXN001388,2026-07-13,SKU-0032,WH-04,,75.39
TXN001098,2026-07-25,SKU-0023,WH-07,17,315.59
TXN001696,2026-07-25,SKU-0005,WH-01,22,338.35
TXN001654,07/29/2026,SKU-0025,WH-02,17,446.4
TXN000265,2026-08-25,SKU-0034,WH-03,18,140.37
TXN001221,2026-08-21,SKU-0016,WH_05,16,424.84
TXN001016,2026-07-06,SKU-0023,WH-01,23,348.04
TXN001134,2026-07-05,SKU-0012,WH-03,12,447.87
TXN001064,24-Aug-2026,SKU-0009,wh-05,22,320.11
TXN000504,2026-08-22,SKU-0038,WH-04,10,359.51
TXN000276,2026-07-14,SKU-0016,WH-02,19,180.12
TXN000809,2026-07-24,SKU-0039,WH-02,28,365.89
TXN000339,2026-08-01,SKU-0013,WH-03,15,245.98
TXN001406,2026-07-02,SKU-0010,WH-05,18,269.18
TXN000945,2026-08-24,SKU-0027,WH-07,20,662.24
TXN001423,07/28/2026,SKU-0005,WH-05,18,706.38
TXN000185,2026-08-27,SKU-0016,WH-08,16,161.27
TXN000798,2026-07-03,SKU-0023,Wh-01,5,34.68
TXN000930,2026-07-11,SKU-0018,WH-03,10,98.87
TXN000744,2026-08-02,SKU-0036,WH-08,18,608.15
TXN000978,2026-07-10,SKU-0031,WH-05,17,317.13
TXN001694,2026-06-27,SKU-0003,WH-02,14,433.38
TXN000061,2026-07-16,SKU-0041,WH-06,22,139.06
TXN000797,2026-08-26,SKU-0038,WH-02,16,541.67
TXN001269,2026-06-26,,WH-04,-15,0.0
TXN001507,2026-07-29,SKU-0005,WH-01,23,436.1
TXN001798,2026-06-26,SKU-0027,WH-07,-19,0.0
TXN001609,2026-08-29,SKU-0014,WH-06,26,609.28
TXN000193,2026-08-25,SKU-0027,WH-01,27,525.61
TXN000646,,SKU-0015,WH-01,14,470.19
TXN000033,2026-08-18,SKU-0024,WH-03,13,245.98
TXN001400,2026-08-31,SKU-0022,WH-01,-21,0.0
TXN000800,2026-07-08,SKU-0010,WH-05,23,347.7
TXN000057,2026-08-10,SKU-0016,WH-06,17,678.46
TXN000938,2026-08-27,SKU-0020,WH-03,16,348.71
TXN001709,2026-07-14,SKU-0032,WH-05,17,381.08
TXN000358,2026-08-12,SKU-0030,WH-04,17,301.71
TXN001069,2026-07-18,SKU-0028,WH-04,19,293.11
TXN001666,2026-07-03,SKU-0017,WH-02,18,408.59
TXN000068,04-Jul-2026,SKU-0025,WH-03,19,273.82
TXN000291,2026-06-25,SKU-0004,WH-01,15,435.57
TXN000046,2026-08-15,SKU-0042,WH-04,18,609.51
TXN000923,2026-08-28,SKU-0029,WH-02,19,604.7
TXN000277,2026-06-24,SKU-0045,WH-07,29,725.88
TXN001727,2026-08-26,SKU-0024,WH-03,17,319.75
TXN000224,2026-07-27,SKU-0033,wh-01,21,540.68
TXN000864,2026-07-10,SKU-0045,WH-06,23,826.63
TXN000381,2026-08-06,SKU-0018,WH-07,23,108.31
TXN001357,2026-07-19,SKU-0005,WH-06,19,730.66
TXN000364,2026-07-04,SKU-0001,WH-03,18,582.1
TXN001788,2026-07-09,SKU-0016,WH-03,13,118.66
TXN001024,2026-07-10,SKU-0042,WH-06,19,89.89
TXN000773,2026-07-26,SKU-0014,WH-07,21,781.22
TXN001244,2026-08-24,SKU-0002,WH-03,17,208.95
TXN000066,2026-08-28,SKU-0037,WH-99,12,286.15
TXN001055,2026-08-01,,WH-06,13,329.36
TXN000867,2026-06-29,SKU-0037,WH-03,13,141.55
TXN000028,2026-07-03,SKU-0043,WH-07,25,564.47
TXN000294,2026-08-25,SKU-0024,WH-01,18,369.41
TXN000113,2026-06-30,SKU-0027,WH-99,20,344.36
TXN000245,31-Jul-2026,SKU-0016,WH-07,20,419.35
TXN001022,2026-08-18,SKU-0037,WH-05,-16,0.0
TXN001185,2026-08-25,SKU-0036,WH-05,13,194.57
TXN000980,2026-07-22,SKU-0022,WH-07,16,406.57
TXN000411,,SKU-0010,WH-02,15,488.99
TXN001461,2026-07-02,SKU-0007,WH-05,15,466.97
TXN001363,2026-08-11,SKU-0027,WH-02,15,261.81
TXN000116,2026-08-03,SKU-0006,WH-03,22,865.27
TXN001741,2026-08-01,SKU-0030,WH-08,10,374.09
TXN001509,2026-07-31,SKU-0045,WH-06,29,239.21
TXN000247,2026-07-06,SKU-0020,WH-03,25,113.18
TXN000665,2026-06-25,SKU-0033,WH-05,14,421.17
TXN001779,2026-07-15,SKU-0030,WH-08,26,875.55
TXN001394,2026-07-11,SKU-0036,WH-03,19,587.29
TXN000092,2026-08-12,SKU-0044,WH-08,17,247.91
TXN000114,2026-08-28,SKU-0042,WH-06,23,62.22
TXN000254,2026-08-24,SKU-0026,WH-08,14,236.57
TXN000429,2026-08-15,SKU-0002,WH-07,21,120.81
TXN000588,2026-08-04,SKU-0034,WH-02,20,69.28
TXN000892,2026-08-29,SKU-0021,WH-07,17,109.84
TXN001503,2026-08-17,SKU-0011,WH-07,24,845.48
TXN000118,2026-08-06,SKU-0006,WH-06,19,419.6
TXN000132,,SKU-0035,WH-06,21,429.24
TXN001344,2026-08-07,SKU-0018,WH-02,21,565.72
TXN001756,2026-07-01,SKU-0002,WH-05,12,128.68
TXN000246,08/03/2026,SKU-0036,WH-06,13,370.58
TXN001226,2026-08-26,SKU-0041,WH-08,19,310.5
TXN000775,2026-08-09,SKU-0033,WH-02,19,657.82
TXN000552,2026-07-23,SKU-0008,WH-01,13,502.22
TXN001113,2026-08-12,SKU-0011,WH-06,20,58.51
TXN001216,2026-08-18,SKU-0009,WH-05,28,197.16
TXN001613,2026-08-20,SKU-0012,WH-04,16,525.42
TXN001848,22-Aug-2026,SKU-0014,WH-01,17,537.46
TXN001365,2026-08-13,SKU-0015,WH-09,16,386.41
TXN001276,2026-06-29,SKU-0029,WH-06,15,147.03
TXN000651,2026-08-09,SKU-0003,WH-02,15,305.66
TXN001170,2026-08-10,SKU-0039,WH-07,13,392.02
TXN001142,2026-08-08,SKU-0034,WH-03,17,156.93
TXN001672,2026-06-26,SKU-0038,WH-04,23,664.99
TXN001804,2026-06-29,SKU-0001,WH-08,19,453.1
TXN000533,2026-07-08,SKU-0020,WH-02,17,676.23
TXN000862,2026-07-15,SKU-0041,WH-05,14,528.44
TXN001371,2026-08-23,SKU-0006,WH-02,18,419.28
TXN001336,2026-07-01,SKU-0020,WH-06,17,561.86
TXN000897,29-Aug-2026,SKU-0025,WH-02,,185.61
TXN001293,2026-08-10,SKU-0045,WH-06,19,110.82
TXN001812,2026-08-12,SKU-0004,WH-01,27,1034.12
TXN000676,2026-07-22,SKU-0019,WH-08,,539.57
TXN000014,2026-08-28,SKU-0007,WH-05,19,247.88
TXN000500,06-Jul-2026,SKU-0008,WH-05,16,388.24
TXN001529,09-Aug-2026,SKU-0038,WH-02,16,564.17
TXN001106,2026-07-02,SKU-0037,WH-04,20,387.15
TXN001574,2026-08-18,SKU-0040,WH-01,18,168.4
TXN000600,2026-08-26,SKU-0003,WH-08,16,252.95
TXN000875,2026-08-05,SKU-0036,WH-03,20,318.26
TXN000273,2026-08-07,SKU-0021,WH-01,20,252.96
TXN000684,07/06/2026,SKU-0038,WH-02,22,767.37
TXN001398,2026-07-22,SKU-0036,WH-01,33,226.48
TXN001133,2026-08-08,SKU-0033,WH-06,24,582.86
TXN000371,2026-07-01,SKU-0010,WH-06,21,141.87
TXN000271,2026-08-05,SKU-0021,WH-04,17,291.3
TXN000605,2026-08-30,SKU-0012,WH-01,13,511.9
TXN001253,2026-07-31,SKU-0033,WH-09,19,289.73
TXN000214,2026-08-17,SKU-0005,WH-01,18,106.03
TXN001408,11-Aug-2026,SKU-0009,WH-03,20,779.75
TXN000344,2026-08-20,SKU-0010,WH-04,23,236.34
TXN000838,2026-07-26,SKU-0005,WH-06,12,294.06
TXN000147,2026-08-18,SKU-0035,WH-02,20,646.42
TXN001021,2026-07-02,SKU-0008,WH-08,-21,0.0
TXN001412,2026-07-24,SKU-0041,WH-03,21,829.96
TXN000412,01-Jul-2026,SKU-0045,WH-01,13,254.2
TXN001223,2026-08-10,SKU-0023,WH-06,20,522.4
TXN000783,,SKU-0013,WH-06,13,99.48
TXN000342,2026-08-22,SKU-0019,WH-01,12,394.63
TXN000947,,SKU-0036,WH-02,14,50.84
TXN000747,2026-07-06,SKU-0010,WH-01,24,765.61
TXN000173,2026-08-09,SKU-0039,WH-06,10,131.92
TXN000377,2026-08-11,,WH-01,8,106.73
TXN000738,27-Aug-2026,SKU-0026,WH-01,22,582.87
TXN001530,2026-07-16,SKU-0001,WH_05,22,102.29
TXN000052,2026-08-19,SKU-0040,WH-05,12,278.9
TXN000018,,SKU-0014,WH-03,-19,0.0
TXN000221,08/06/2026,SKU-0001,WH-05,28,466.15
TXN001314,2026-06-28,SKU-0041,WH-04,18,183.08
TXN001416,2026-08-29,,WH-03,12,456.9
TXN001796,2026-07-27,SKU-0003,WH-04,17,255.75
TXN001140,24-Aug-2026,SKU-0025,WH-02,15,193.56
TXN000095,2026-07-14,SKU-0036,WH-04,23,157.29
TXN000261,2026-07-12,SKU-0037,WH-04,20,706.32
TXN001501,2026-08-08,SKU-0019,WH-03,15,406.9
TXN001504,08/19/2026,SKU-0043,WH-06,20,566.39
TXN000179,2026-08-29,SKU-0023,WH-07,11,234.75
TXN001126,2026-08-12,SKU-0010,WH-04,21,268.27
TXN000716,,SKU-0022,WH-01,14,338.16
TXN001772,2026-07-15,SKU-0024,WH-01,28,736.61
TXN000184,2026-07-18,SKU-0004,WH-01,15,172.64
TXN000467,2026-08-22,SKU-0019,WH-07,21,192.51
TXN000903,29-Jul-2026,SKU-0040,WH-05,19,79.29
TXN000071,2026-09-01,SKU-0027,WH-01,15,260.34
TXN001169,2026-08-29,SKU-0009,wh-05,26,356.02
TXN001533,2026-07-14,SKU-0016,WH-02,18,150.99
TXN000346,04-Aug-2026,SKU-0009,WH-07,19,196.95
TXN001207,2026-07-05,SKU-0028,WH-08,21,677.79
TXN000029,2026-06-29,SKU-0008,WH-03,14,104.35
TXN000796,2026-08-23,SKU-0026,WH-07,20,611.44
TXN001063,2026-07-30,SKU-0035,WH-02,14,430.74
TXN000157,25-Jul-2026,SKU-0007,WH-05,12,337.16
TXN000932,2026-08-07,SKU-0040,WH-07,16,502.73
TXN000658,2026-07-02,SKU-0032,WH-03,21,179.7
TXN001687,29-Jun-2026,SKU-0033,WH-08,19,606.05
TXN000394,2026-07-08,SKU-0030,WH-08,13,516.05
TXN001076,2026-07-26,SKU-0034,wh-05,17,430.65
TXN000988,2026-08-22,SKU-0008,WH-01,16,90.8
TXN001645,2026-07-19,SKU-0004,WH-04,26,683.94
TXN001329,2026-06-24,SKU-0019,WH-06,22,301.55
TXN000402,2026-07-02,SKU-0021,WH-06,-11,0.0
TXN000989,2026-08-29,SKU-0042,WH-02,18,242.4
TXN000677,2026-08-11,SKU-0036,WH-04,19,699.42
TXN001308,2026-07-15,SKU-0039,WH-02,21,416.16
TXN001251,,SKU-0009,WH-04,18,116.45
TXN000822,2026-07-11,SKU-0033,WH-01,25,104.69
TXN000963,2026-07-02,SKU-0036,WH-07,18,454.48
TXN000835,,SKU-0002,WH-04,19,604.26
TXN001033,2026-07-04,SKU-0045,WH-08,16,348.42
TXN001554,2026-07-22,SKU-0004,WH-08,18,258.25
TXN000939,2026-07-21,SKU-0003,WH-04,11,237.55
TXN001054,2026-08-18,SKU-0019,WH-02,19,756.71
TXN001101,06/29/2026,SKU-0034,WH-06,21,653.98
TXN000691,2026-06-25,SKU-0039,WH-05,17,197.55
TXN001511,2026-08-06,SKU-0015,WH-08,14,468.98
TXN000334,2026-07-08,SKU-0026,WH-08,10,185.43
TXN000873,2026-08-12,SKU-0038,WH-08,17,204.48
TXN000805,2026-07-16,SKU-0017,WH-05,12,71.88
TXN000007,2026-08-02,SKU-0030,WH-04,19,337.05
TXN000517,2026-07-30,SKU-0022,WH-08,14,177.14
TXN000197,2026-07-31,SKU-0037,WH-08,11,337.5
TXN000296,2026-07-19,SKU-0033,WH-05,15,350.72
TXN001376,18-Jul-2026,SKU-0042,WH-04,15,536.22
TXN001685,12-Aug-2026,SKU-0039,WH-09,22,618.64
TXN001575,2026-08-02,SKU-0013,WH-01,14,237.45
TXN000122,2026-08-30,SKU-0009,WH-07,27,620.0
TXN000378,2026-08-28,SKU-0041,WH-02,19,100.88
TXN001062,2026-08-19,SKU-0027,WH-04,17,95.31
TXN001638,07/05/2026,SKU-0002,WH-03,22,317.99
TXN001381,27-Jul-2026,SKU-0001,WH-04,26,383.38
TXN000162,2026-08-22,SKU-0042,WH-04,14,194.18
TXN001186,2026-07-09,SKU-0007,WH-06,25,540.6
TXN001091,2026-08-27,SKU-0007,WH-03,21,575.66
TXN000124,2026-07-21,SKU-0008,WH-03,14,548.03
TXN000551,2026-08-02,SKU-0037,WH-08,14,255.89
TXN000004,2026-08-07,,WH-06,16,123.85
TXN000915,2026-07-24,SKU-0029,WH-04,23,897.81
TXN000958,2026-07-13,SKU-0044,WH-07,30,281.12
TXN001599,2026-08-07,SKU-0018,WH-02,19,708.7
TXN001650,2026-08-22,SKU-0006,WH-02,20,561.62
TXN000611,2026-08-06,SKU-0017,WH-04,18,367.42
TXN000287,2026-06-29,SKU-0029,WH-02,21,433.23
TXN000956,2026-08-02,SKU-0024,WH-02,17,256.24
TXN000564,2026-08-22,SKU-0029,WH-03,15,297.84
TXN001396,,SKU-0037,WH-02,10,88.31
TXN001413,2026-07-05,SKU-0019,WH-01,9,100.87
TXN000908,2026-08-13,,WH-06,22,385.89
TXN000506,17-Aug-2026,SKU-0028,WH-01,22,620.99
TXN000356,2026-07-24,SKU-0043,WH-04,20,671.15
TXN001341,2026-08-30,SKU-0029,WH-04,24,573.56
TXN000352,2026-06-30,SKU-0007,WH-07,13,116.53
TXN000844,16-Jul-2026,SKU-0042,WH-03,25,541.56
TXN001154,11-Aug-2026,SKU-0033,WH-03,17,64.22
TXN000836,2026-08-13,SKU-0035,WH-02,17,220.63
TXN000946,2026-08-31,SKU-0007,wh-05,16,495.6
TXN000667,2026-06-26,SKU-0043,WH-04,14,439.93
TXN000886,2026-06-25,SKU-0033,WH-03,16,466.74
TXN001284,2026-07-15,SKU-0039,WH-07,21,779.0
TXN001565,2026-07-07,SKU-0014,WH-07,16,156.06
TXN000333,2026-07-03,SKU-0013,WH-01,15,126.06
TXN000153,12-Jul-2026,SKU-0008,WH-08,25,261.04
TXN000787,07/04/2026,SKU-0013,WH-06,20,164.72
TXN000501,,SKU-0017,WH-02,15,487.2
TXN000721,2026-07-15,SKU-0004,WH-05,22,268.92
TXN000373,2026-07-06,SKU-0033,WH-04,22,372.05
TXN000590,2026-08-28,SKU-0033,WH-03,22,751.93
TXN000312,2026-07-26,SKU-0042,WH-05,20,427.95
TXN000042,2026-07-22,SKU-0026,WH-03,21,301.52
TXN001450,2026-08-31,SKU-0014,WH-03,18,357.58
TXN000645,,SKU-0030,WH-03,19,108.68
TXN001594,2026-07-12,SKU-0032,WH-08,25,244.89
TXN000971,2026-08-02,SKU-0017,WH-08,25,507.26
TXN001636,2026-07-11,SKU-0027,WH-05,16,249.31
TXN000522,2026-07-08,SKU-0025,WH-07,13,462.18
TXN001518,2026-08-31,SKU-0003,WH-04,-23,0.0
TXN000762,2026-07-28,SKU-0020,WH-06,17,233.09
TXN001588,2026-08-04,SKU-0037,WH-02,16,387.7
TXN001732,2026-07-12,SKU-0038,WH-07,19,174.79
TXN001403,2026-07-21,SKU-0009,WH-01,18,224.11
TXN000704,2026-08-11,SKU-0008,WH-08,16,398.37
TXN001562,2026-08-26,,WH-07,19,238.04
TXN001780,2026-06-26,SKU-0029,WH-08,18,531.24
TXN001469,2026-07-24,SKU-0035,WH-04,19,229.61
TXN000944,2026-08-26,SKU-0045,WH-07,20,776.74
TXN000168,07/09/2026,SKU-0033,WH-02,12,140.5
TXN001633,2026-08-28,SKU-0041,WH-02,26,856.86
TXN000360,2026-08-14,SKU-0038,WH-05,13,320.65
TXN001018,2026-07-16,SKU-0029,WH-01,17,599.48
TXN000524,2026-07-03,SKU-0037,WH-06,19,629.81
TXN000743,02-Aug-2026,SKU-0027,WH-04,20,576.05
TXN000272,2026-08-12,SKU-0014,WH-07,20,190.02
TXN000519,2026-08-17,SKU-0038,WH-03,21,554.22
TXN000814,2026-06-27,SKU-0026,WH-04,11,338.37
TXN000818,2026-06-29,SKU-0001,WH-03,22,708.95
TXN001401,2026-07-05,SKU-0013,WH-08,18,610.23
TXN000734,2026-07-04,SKU-0023,WH-01,,441.72
TXN001763,2026-08-12,SKU-0025,WH-02,20,257.14
TXN001797,2026-07-04,SKU-0019,WH-99,11,370.57
TXN001606,2026-08-21,SKU-0030,WH-02,15,396.31
TXN001533,2026-07-14,SKU-0016,WH-02,18,150.99
TXN001121,2026-08-27,SKU-0006,WH-08,21,491.21
TXN000128,08/13/2026,SKU-0019,WH-08,10,264.1
TXN000998,,SKU-0026,WH-08,19,574.65
TXN000628,2026-06-26,SKU-0028,WH-03,-17,0.0
TXN000544,07/14/2026,,WH-06,15,291.35
TXN000379,2026-08-26,SKU-0024,WH-08,20,797.98
TXN000203,2026-07-04,SKU-0015,WH-04,13,455.77
TXN000343,2026-07-30,SKU-0032,WH-05,18,305.8
TXN001602,2026-08-14,SKU-0025,WH-08,21,832.52
TXN001742,2026-08-27,,WH-01,16,183.01
TXN000518,2026-08-12,SKU-0044,WH-01,19,227.37
TXN001661,2026-07-22,SKU-0021,WH-08,13,55.54
TXN000488,15-Jul-2026,SKU-0027,WH-02,11,162.43
TXN001261,2026-07-31,SKU-0041,WH-06,16,366.14
TXN001846,2026-06-27,SKU-0009,WH-08,20,172.08
TXN001424,2026-08-06,SKU-0033,WH-08,19,196.06
TXN000917,2026-08-08,SKU-0024,WH-08,26,817.72
TXN000232,2026-08-18,SKU-0026,WH-04,12,208.45
TXN000794,2026-08-11,SKU-0030,WH-07,14,327.63
TXN001757,2026-07-28,SKU-0042,WH-02,19,95.3
TXN001122,2026-07-22,SKU-0015,WH-07,26,331.87
TXN000514,2026-08-24,SKU-0035,WH-06,10,53.01
TXN001251,,SKU-0009,WH-04,18,116.45
TXN000511,2026-08-28,SKU-0024,WH-08,14,323.22
TXN000112,2026-06-28,SKU-0024,WH-04,13,137.09
TXN001794,10-Jul-2026,SKU-0003,WH-03,23,362.97
TXN000217,2026-07-29,SKU-0044,WH-08,17,605.84
TXN001384,2026-07-24,SKU-0024,WH-05,26,286.87
TXN000499,05-Aug-2026,SKU-0003,WH-01,15,274.16
TXN001838,2026-07-01,SKU-0017,WH-04,,350.53
TXN000934,2026-08-03,SKU-0003,WH-06,20,729.85
TXN000225,2026-07-20,SKU-0013,WH-01,-11,0.0
TXN001042,2026-08-23,SKU-0003,WH-07,17,157.87
TXN001192,2026-08-08,SKU-0002,WH-08,17,186.12
TXN001601,2026-08-07,SKU-0018,WH-05,22,63.86
TXN001316,2026-08-21,SKU-0039,WH-05,19,343.58
TXN001737,2026-07-12,SKU-0042,WH_05,21,694.59
TXN001464,2026-07-16,SKU-0021,WH-01,25,338.65
TXN000397,07/13/2026,SKU-0017,WH-01,18,565.13
TXN000540,2026-08-28,SKU-0028,wh-05,16,286.95
TXN000328,2026-07-11,SKU-0012,WH-02,24,136.37
TXN000795,16-Aug-2026,SKU-0022,WH-05,17,232.55
TXN000848,2026-07-08,SKU-0025,WH-02,20,234.32
TXN001655,2026-06-29,SKU-0034,WH-03,15,171.69
TXN001810,2026-08-01,SKU-0006,WH-06,14,206.35
TXN001807,2026-08-24,SKU-0021,WH-08,18,113.45
TXN000093,2026-08-05,SKU-0042,WH-04,25,760.93
TXN000213,2026-08-29,SKU-0026,WH-07,19,560.65
TXN000770,2026-08-17,SKU-0036,WH-04,15,322.12
TXN000337,2026-06-26,SKU-0041,WH-08,21,275.6
TXN001449,2026-06-28,SKU-0029,WH-07,20,161.6
TXN000803,2026-09-01,SKU-0002,WH-02,25,245.39
TXN000212,2026-08-27,SKU-0009,WH-06,19,586.24
TXN000618,2026-07-14,SKU-0038,WH-05,22,636.76
TXN001139,2026-06-24,SKU-0007,WH-05,20,740.52
TXN001182,2026-08-20,SKU-0002,WH-08,-20,0.0
TXN001168,2026-06-27,SKU-0042,WH-07,26,687.22
TXN001136,2026-08-02,SKU-0007,WH-05,21,93.66
TXN000036,2026-08-27,SKU-0030,WH-99,13,476.44
TXN000105,2026-07-12,SKU-0031,WH-06,10,360.44
TXN000362,2026-08-26,SKU-0035,WH-03,15,216.37
TXN000850,2026-08-30,SKU-0024,WH-02,16,122.19
TXN000756,2026-08-30,SKU-0009,WH-08,,173.6
TXN000758,2026-08-31,SKU-0032,WH-05,22,663.04
TXN000365,2026-07-23,SKU-0003,WH-03,,237.49
TXN000856,2026-07-26,SKU-0032,WH-01,17,210.78
TXN001465,2026-06-29,SKU-0002,WH-01,15,152.88
TXN001578,07/16/2026,SKU-0021,WH-01,15,194.7
TXN000330,2026-07-13,SKU-0016,WH-02,20,770.95
TXN000565,,SKU-0040,WH-02,15,150.92
TXN001375,2026-07-01,SKU-0022,WH-04,19,546.44
TXN000249,2026-08-14,SKU-0003,WH-05,22,257.42
TXN000476,2026-07-23,SKU-0010,WH-02,23,733.19
TXN001474,2026-08-25,SKU-0041,WH-04,26,535.57
TXN001430,2026-07-25,SKU-0017,WH-04,16,537.98
TXN001781,2026-07-20,SKU-0017,WH-08,12,323.88
TXN001188,2026-07-14,SKU-0010,WH-07,21,629.22
TXN000781,2026-08-17,SKU-0002,WH-01,27,869.88
TXN000454,2026-08-05,SKU-0002,WH-05,17,665.07
TXN001698,01-Jul-2026,SKU-0028,WH-05,-26,0.0
TXN001200,2026-08-23,SKU-0028,WH-04,16,635.17
TXN001107,2026-07-05,SKU-0040,WH-08,14,104.8
TXN000230,2026-08-02,SKU-0021,WH-02,14,411.23
TXN001319,2026-08-05,SKU-0021,WH-04,18,439.0
TXN000652,2026-08-11,SKU-0006,WH-05,16,205.68
TXN000070,08/18/2026,SKU-0006,WH-05,24,305.87
TXN000610,,SKU-0013,WH-06,16,132.65
TXN001174,2026-08-14,,WH-07,,562.38
TXN001805,2026-08-23,SKU-0042,WH-06,21,620.82
TXN001747,2026-07-26,SKU-0001,WH-02,19,575.93
TXN001824,2026-08-10,SKU-0004,WH-04,23,77.02
TXN000410,2026-08-22,SKU-0003,WH-03,13,32.95
TXN001730,2026-08-29,SKU-0004,WH-07,21,572.13
TXN001151,2026-08-07,SKU-0015,WH-03,22,422.86
TXN000338,2026-07-29,SKU-0010,WH-03,22,122.19
TXN001025,2026-08-16,SKU-0036,WH-06,23,565.72
TXN000043,2026-08-30,SKU-0037,WH_05,18,257.25
TXN000539,2026-07-31,SKU-0007,WH-04,19,642.55
TXN000601,2026-07-30,SKU-0030,WH-05,18,556.82
TXN001332,2026-08-16,SKU-0011,WH-01,12,271.55
TXN000965,2026-07-28,SKU-0044,WH-07,17,209.17
TXN001734,2026-06-28,SKU-0018,WH-04,22,859.81
TXN001434,2026-07-15,SKU-0012,WH-03,13,472.0
TXN000171,2026-08-01,SKU-0042,WH-03,21,225.42
TXN000417,2026-07-14,SKU-0009,WH-01,16,129.17
TXN000837,2026-08-04,SKU-0032,WH-05,15,342.76
TXN001765,,SKU-0018,WH-04,,46.93
TXN001563,2026-07-08,SKU-0023,WH-03,19,334.87
TXN000806,2026-07-20,SKU-0043,WH-02,14,238.48
TXN000882,2026-08-30,SKU-0026,WH-01,22,448.19
TXN001484,2026-07-19,SKU-0036,WH-06,22,703.6
TXN001751,2026-07-29,SKU-0031,WH-03,15,174.76
TXN000637,2026-07-12,SKU-0024,WH-03,15,485.24
TXN000423,2026-08-08,SKU-0014,WH_05,24,183.15
TXN000727,2026-08-26,SKU-0045,WH-03,17,655.1
TXN000967,2026-07-01,SKU-0014,WH-06,17,233.23
TXN001339,2026-07-02,SKU-0003,WH-01,19,288.75
TXN000376,2026-07-29,SKU-0042,WH-07,18,580.33
TXN000524,2026-07-03,SKU-0037,WH-06,19,629.81
TXN001771,2026-09-01,SKU-0036,WH-06,22,447.84
TXN000438,2026-07-19,SKU-0027,WH-01,22,242.94
TXN001616,2026-07-15,SKU-0027,WH-01,19,719.29
TXN000150,07/17/2026,SKU-0016,WH-04,23,872.69
TXN001516,2026-07-22,SKU-0027,WH-01,12,258.6
TXN001703,2026-08-03,SKU-0015,WH-08,17,675.95
TXN000981,2026-08-30,SKU-0007,WH-06,16,230.38
TXN000954,2026-08-22,SKU-0045,WH-07,18,152.64
TXN001693,2026-07-02,SKU-0018,WH-02,25,795.61
TXN001433,2026-07-28,SKU-0027,WH-08,17,662.29
TXN000143,,SKU-0011,WH-04,22,265.15
TXN000717,2026-07-04,SKU-0034,WH-03,10,374.33
TXN000526,2026-08-25,SKU-0022,WH-01,16,313.44
TXN001744,2026-06-25,SKU-0026,WH-02,23,104.15
TXN000583,2026-07-24,SKU-0012,WH-06,23,655.19
TXN000975,2026-08-05,SKU-0033,WH-03,14,171.46
TXN000566,2026-06-28,,WH-07,13,111.03
TXN001232,2026-07-17,SKU-0044,WH-07,16,107.93
TXN000440,2026-07-19,SKU-0015,WH-01,20,704.6
TXN001155,2026-06-28,SKU-0010,wh-05,11,190.21
TXN001404,2026-08-18,SKU-0018,WH-06,,48.95
TXN000174,,SKU-0043,WH-07,20,416.95
TXN001294,01-Aug-2026,SKU-0044,WH-01,24,250.43
TXN001431,06-Jul-2026,SKU-0006,WH-03,18,113.82
TXN001587,2026-07-23,SKU-0041,WH-03,18,168.82
TXN000123,2026-07-25,SKU-0039,WH-04,16,86.46
TXN000138,,SKU-0009,WH-02,17,164.85
TXN000879,2026-08-04,SKU-0014,WH-04,19,682.54
TXN001075,2026-07-02,SKU-0004,WH-01,19,256.1
TXN000732,2026-07-21,SKU-0026,WH-01,16,603.79
TXN000624,2026-07-23,SKU-0022,WH-05,,269.69
TXN001299,2026-07-26,SKU-0021,WH-07,21,407.57
TXN000784,2026-08-14,SKU-0027,WH-02,17,423.39
TXN001844,08/08/2026,SKU-0001,WH-03,29,831.86
TXN001366,2026-06-25,SKU-0043,WH-02,19,456.03
TXN001280,2026-08-30,SKU-0042,WH-07,12,157.65
TXN000182,2026-07-12,SKU-0002,WH-02,16,114.36
TXN000617,2026-08-13,SKU-0005,WH-06,19,473.32
TXN001324,2026-07-31,SKU-0025,WH-06,26,472.62
TXN000690,2026-06-27,SKU-0035,WH-01,15,250.65
TXN001643,27-Aug-2026,SKU-0003,WH-08,14,273.41
TXN000240,2026-07-26,SKU-0036,WH-04,14,52.29
TXN001254,2026-07-23,SKU-0023,WH-03,14,525.05
TXN001350,2026-08-04,SKU-0023,WH-03,14,91.9
TXN000458,07/02/2026,SKU-0038,WH-06,8,77.63
TXN000681,08/02/2026,SKU-0024,WH-04,18,293.82
TXN000465,2026-06-30,SKU-0030,WH-04,15,530.15
TXN001187,04-Aug-2026,SKU-0018,WH-04,21,128.51
TXN001191,2026-08-07,SKU-0020,WH-03,15,596.99
TXN000145,2026-07-31,SKU-0005,WH-03,21,791.58
TXN000206,2026-07-14,SKU-0005,WH-04,20,363.93
TXN001524,2026-08-25,SKU-0040,WH-02,21,729.85
TXN001212,07/23/2026,SKU-0032,WH-03,24,954.34
TXN001624,2026-07-24,SKU-0006,WH-03,,44.43
TXN000324,29-Aug-2026,SKU-0003,WH-05,24,675.88
TXN000657,2026-07-16,SKU-0010,WH-05,11,372.17
TXN001715,2026-08-10,SKU-0028,WH-08,,470.7
TXN000714,2026-08-21,SKU-0041,WH-08,19,553.11
TXN001733,2026-07-31,SKU-0024,WH-01,15,204.85
TXN001778,2026-07-30,SKU-0010,WH-08,29,541.61
TXN000079,2026-07-14,SKU-0012,WH-01,19,312.02
TXN001710,2026-07-09,SKU-0024,WH-06,15,531.78
TXN001695,2026-08-16,SKU-0004,WH-04,12,97.21
TXN000687,2026-06-24,SKU-0026,WH-03,23,789.53
TXN000166,2026-06-28,SKU-0041,WH-05,19,517.74
TXN000229,2026-07-04,SKU-0033,WH-04,16,89.46
TXN001816,25-Aug-2026,SKU-0039,WH-07,24,281.56
TXN001659,2026-07-22,SKU-0012,WH-03,,401.91
TXN000740,2026-08-14,SKU-0003,WH-01,22,711.8
TXN000100,2026-07-17,SKU-0002,WH-02,18,311.28
TXN000290,2026-08-27,SKU-0010,WH-01,19,715.05
TXN000444,2026-08-16,SKU-0010,WH-01,21,451.4
TXN000878,2026-08-25,SKU-0028,WH-05,21,303.61
TXN001455,07/15/2026,SKU-0007,WH-08,11,159.46
TXN001077,2026-06-24,SKU-0036,WH-01,17,445.08
TXN000739,2026-06-30,SKU-0019,WH-04,13,205.46
TXN000391,2026-06-24,SKU-0002,WH-03,23,546.85
TXN000086,2026-08-18,SKU-0023,WH-06,25,494.78
TXN001202,2026-07-06,SKU-0007,WH-06,22,359.02
TXN000666,2026-07-15,SKU-0031,Wh-01,21,582.04
TXN001275,2026-08-27,SKU-0020,WH-08,19,425.04
TXN001523,2026-08-07,SKU-0015,WH-08,16,349.26
TXN001690,2026-08-14,SKU-0044,WH-01,26,254.66
TXN000475,2026-07-23,SKU-0011,WH-08,16,58.13
TXN001295,08/04/2026,SKU-0027,WH-08,24,512.26
TXN000044,2026-08-23,SKU-0037,WH-07,15,214.07
TXN000788,2026-08-28,SKU-0032,WH-01,21,146.8
TXN001002,2026-08-25,SKU-0036,WH-03,12,71.28
TXN001137,2026-07-12,SKU-0027,WH-06,18,524.48
TXN000024,2026-07-04,SKU-0008,WH-02,9,155.35
TXN001235,2026-07-16,SKU-0038,WH-04,16,577.78
TXN000832,2026-07-17,SKU-0011,WH-07,23,696.92
TXN001193,2026-07-03,SKU-0008,WH-05,19,620.27
TXN000591,2026-08-13,SKU-0007,WH-01,17,334.05
TXN001849,2026-08-28,SKU-0021,WH-07,14,375.93
TXN000973,2026-07-08,SKU-0009,WH-08,18,682.35
TXN001620,2026-07-15,SKU-0045,WH-07,13,273.85
TXN001544,2026-08-26,SKU-0001,WH-08,24,406.28
TXN001056,2026-07-06,SKU-0009,WH-01,19,469.49
TXN000109,2026-07-01,SKU-0015,WH-01,27,239.97
TXN001160,2026-07-01,SKU-0032,WH-07,26,1029.91
TXN001354,2026-06-30,SKU-0039,WH-04,15,172.05
TXN000222,2026-07-03,SKU-0040,WH-05,31,419.23
TXN001052,2026-08-05,SKU-0040,WH-07,-26,0.0
TXN001311,2026-06-26,SKU-0043,WH-07,18,137.6
TXN000722,2026-06-27,SKU-0038,WH-02,11,264.33
TXN000055,08/01/2026,SKU-0037,WH-04,8,277.44
TXN000466,2026-06-28,SKU-0027,WH-03,16,561.91
TXN000253,06/25/2026,SKU-0005,WH-02,19,205.55
TXN001783,2026-07-29,SKU-0034,WH-06,21,610.78
TXN001072,28-Aug-2026,SKU-0035,WH-08,16,345.49
TXN001619,2026-07-31,SKU-0015,WH-04,20,112.4
TXN001492,07-Jul-2026,SKU-0037,WH-07,21,535.56
TXN000642,2026-06-26,SKU-0032,WH-04,24,600.86
TXN000545,2026-07-19,SKU-0016,WH-08,19,476.77
TXN000477,2026-07-22,SKU-0014,WH-04,19,377.89
TXN000949,2026-08-29,SKU-0032,WH-08,18,369.33
TXN001571,2026-06-27,SKU-0023,WH-07,21,474.58
TXN000843,2026-06-29,SKU-0033,WH-04,10,118.86
TXN000063,01-Jul-2026,SKU-0010,WH-99,15,38.43
TXN000413,2026-08-03,SKU-0013,WH-06,13,169.61
TXN000384,2026-08-01,SKU-0045,WH-02,20,568.67
TXN001773,08/07/2026,SKU-0013,WH-02,21,268.81
TXN000974,2026-09-01,SKU-0020,WH-04,15,336.45
TXN001346,2026-09-01,SKU-0007,WH-02,22,748.66
TXN000884,,SKU-0030,WH-03,12,77.38
TXN000451,2026-08-21,SKU-0037,WH-03,21,835.92
TXN001663,2026-07-30,SKU-0010,WH-07,19,356.22
TXN001258,2026-07-27,SKU-0039,WH-03,19,473.04
TXN000656,2026-07-25,SKU-0030,WH-04,18,392.87
TXN001581,2026-06-27,SKU-0039,WH-05,16,460.25
TXN001486,2026-07-11,SKU-0006,WH-06,16,529.94
TXN001448,06/29/2026,SKU-0038,WH-05,22,846.31
TXN001485,2026-08-15,SKU-0013,WH-08,18,544.1
TXN001327,2026-07-10,SKU-0041,WH-01,16,101.81
TXN000369,2026-07-05,SKU-0043, WH-01 ,11,372.3
TXN000689,2026-08-28,SKU-0020,WH-06,11,309.67
TXN000219,2026-08-10,SKU-0006,WH-07,11,87.66
TXN001755,2026-07-15,SKU-0017,WH-03,17,333.3
TXN001320,2026-06-29,SKU-0017,WH-01,24,845.79
TXN000021,2026-08-07,SKU-0039,WH-07,12,134.69
TXN000760,2026-07-19,,WH-02,19,305.14
TXN000869,2026-07-10,SKU-0003,WH-03,19,207.34
TXN000420,2026-08-03,SKU-0018,WH-05,12,193.85
TXN001349,,SKU-0026,WH-02,22,573.9
TXN000199,2026-07-28,SKU-0033,WH-08,14,406.8
TXN000450,07/19/2026,SKU-0016,WH-01,21,380.65
TXN001161,2026-07-06,SKU-0021,WH-07,10,79.42
TXN001019,,SKU-0016,WH-06,7,23.91
TXN001560,2026-08-26,SKU-0031,WH-05,21,109.68
TXN000911,2026-07-10,SKU-0024,WH-03,14,351.94
TXN000696,2026-07-12,SKU-0023,WH-01,15,345.19
TXN001670,2026-07-16,SKU-0032,WH-02,27,501.65
TXN000811,2026-08-11,SKU-0011,WH-04,17,262.81
TXN001652,2026-07-14,SKU-0017,WH-03,22,604.2
TXN001236,2026-06-30,SKU-0009,WH-03,14,299.4
TXN001841,2026-07-17,SKU-0025,WH-06,27,393.48
TXN000910,2026-06-27,SKU-0040,WH-01,17,575.92
TXN001521,2026-08-02,SKU-0019,WH-07,17,133.1
TXN001049,2026-07-06,SKU-0034,WH-08,20,438.82
TXN000505,25-Jun-2026,SKU-0014,WH-01,23,141.35
TXN001700,2026-08-21,SKU-0015,WH-02,23,674.2
TXN001255,2026-08-17,SKU-0024,WH-08,11,436.48
TXN000405,2026-07-05,SKU-0039,WH-08,22,586.1
TXN001592,2026-08-02,SKU-0009,WH-06,17,520.53
TXN000317,2026-07-18,SKU-0038,WH-02,29,562.87
TXN000183,,SKU-0028,WH-02,21,321.46
TXN001120,2026-08-29,SKU-0007,WH-08,13,340.12
TXN001740,2026-07-11,SKU-0041,WH-04,17,238.85
TXN000609,2026-08-08,SKU-0005,WH-08,10,325.68
TXN000626,2026-07-21,SKU-0012,WH-05,17,116.18
TXN000485,06/27/2026,SKU-0042,WH-02,17,59.03
TXN000278,07/14/2026,SKU-0030,WH-08,20,323.51
TXN000630,2026-08-04,SKU-0020,WH-04,14,38.56
TXN000020,2026-07-07,SKU-0044,WH-03,20,364.34
TXN000170,2026-08-27,SKU-0028,WH-01,19,156.93
TXN001425,2026-08-07,SKU-0043,WH-08,21,340.46
TXN000901,10-Aug-2026,SKU-0034,WH-08,13,295.37
TXN001039,2026-08-22,SKU-0014,WH-02,23,764.53
TXN001590,2026-07-11,SKU-0040,WH-02,16,283.45
TXN000176,2026-07-24,SKU-0012,WH-04,17,283.37
TXN000327,2026-08-14,SKU-0010,WH-08,21,218.82
TXN000706,2026-08-05,SKU-0012,WH-03,20,660.6
TXN001222,2026-06-26,SKU-0009,WH-02,20,511.81
TXN000470,2026-08-03,SKU-0014,WH-05,13,154.82
TXN001728,2026-08-09,SKU-0041,WH-01,19,482.21
TXN001718,2026-08-24,SKU-0038,WH-05,28,319.03
TXN000266,2026-07-20,SKU-0017,WH-01,-22,0.0
TXN000615,2026-08-03,SKU-0025,WH-05,19,563.02
TXN001516,2026-07-22,SKU-0027,WH-01,12,258.6
TXN000130,2026-08-20,SKU-0017,WH-06,17,512.07
TXN000865,2026-08-25,SKU-0024,WH-01,10,39.13
TXN001809,2026-07-23,SKU-0036,WH-01,12,341.59
TXN001362,02-Jul-2026,SKU-0005,WH-08,21,200.86
TXN001736,07/24/2026,SKU-0045,WH-05,15,493.93
TXN000489,2026-08-06,SKU-0029,WH-05,15,195.96
TXN001596,2026-07-15,SKU-0031,WH-01,18,618.59
TXN000606,2026-08-18,SKU-0028,WH-01,17,677.19
TXN001217,2026-08-16,SKU-0024,WH-05,20,744.07
TXN001164,2026-06-28,SKU-0033,WH-08,17,352.4
TXN000416,2026-07-12,SKU-0038,WH-02,11,170.39
TXN001684,2026-07-05,SKU-0023,WH-06,22,847.47
TXN001500,2026-08-24,SKU-0035,WH-02,20,148.18
TXN000152,2026-07-09,SKU-0024,WH-08,18,181.04
TXN000889,12-Jul-2026,SKU-0040,WH-07,20,594.5
TXN000849,2026-06-28,SKU-0019,WH-04,21,166.59
TXN000279,,SKU-0008,WH-07,9,314.13
TXN001034,2026-07-20,SKU-0010,WH-06,10,246.32
TXN000269,2026-08-06,SKU-0019,WH-08,13,40.43
TXN000096,2026-07-22,SKU-0040,WH-05,15,100.41
TXN000210,2026-07-31,SKU-0025,WH-08,18,204.77
TXN001532,2026-07-04,SKU-0002,WH-08,21,112.13
TXN000569,08-Jul-2026,SKU-0018,WH-02,18,343.1
TXN001817,2026-08-25,SKU-0003,WH-01,11,143.58
TXN000871,2026-07-20,SKU-0042,WH-08,18,76.33
TXN001572,2026-07-02,SKU-0012,WH-05,26,252.88
TXN001566,08/25/2026,SKU-0037,WH-03,12,429.44
TXN000532,2026-08-13,SKU-0045,wh-01,24,814.77
TXN001814,23-Aug-2026,SKU-0028,WH-03,22,730.82
TXN001356,2026-06-24,SKU-0006,WH-08,22,269.62
TXN001099,2026-07-15,SKU-0001,wh-05,14,507.2
TXN000712,2026-07-12,SKU-0017,WH-06,-20,0.0
TXN000077,2026-07-05,SKU-0009,WH-08,18,75.49
TXN000263,2026-06-28,SKU-0030,WH-07,19,107.69
TXN000813,07/01/2026,SKU-0006,WH-04,13,362.59
TXN000149,2026-07-11,SKU-0010,WH-07,19,64.92
TXN001813,2026-07-11,SKU-0002,WH-07,15,563.89
TXN001538,2026-06-29,SKU-0043,WH-06,16,254.75
TXN001821,2026-07-31,SKU-0028,WH-02,,257.85
TXN000469,2026-08-28,SKU-0045,WH-07,15,382.51
TXN000564,2026-08-22,SKU-0029,WH-03,15,297.84
TXN000461,2026-07-04,SKU-0034,WH-01,17,623.25
TXN001277,2026-07-24,SKU-0019,WH-01,,575.22
TXN000896,2026-08-16,SKU-0008,WH-03,23,314.26
TXN001393,2026-07-09,,WH-06,17,304.22
TXN001345,2026-08-18,SKU-0041,WH-03,25,123.82
TXN000695,2026-07-24,SKU-0012,WH-03,21,742.53
TXN001175,2026-07-13,SKU-0025,WH-05,15,257.86
TXN001752,2026-07-16,SKU-0001,WH-04,26,775.95
TXN000928,2026-08-06,SKU-0009,WH-03,16,144.7
TXN001326,16-Aug-2026,SKU-0008,WH-06,23,110.26
TXN001214,,SKU-0034,WH-04,14,483.83
TXN000586,2026-07-17,SKU-0012,WH-03,17,451.66
TXN001372,2026-09-01,SKU-0027,WH-03,16,374.4
TXN000243,15-Aug-2026,SKU-0030,WH-06,18,123.94
TXN001111,2026-07-09,SKU-0004,WH-99,19,408.51
TXN000751,,SKU-0036,WH-05,17,54.75
TXN001679,2026-08-11,SKU-0043,WH-02,,129.37
TXN001792,2026-08-09,SKU-0011,WH-07,16,178.28
TXN001442,2026-08-14,SKU-0003,WH-05,18,216.69
TXN001312,2026-08-17,SKU-0026,WH-03,19,435.69
TXN000648,,SKU-0011,WH-04,15,212.66
TXN001190,2026-06-24,SKU-0026,WH-06,14,488.79
TXN000595,2026-08-05,SKU-0021,WH-03,17,124.93
TXN000313,2026-08-02,SKU-0011,WH-07,21,403.51
TXN000933,2026-07-30,SKU-0016,WH-07,11,254.12
TXN000155,2026-07-05,SKU-0004,WH-04,22,258.24
TXN001380,2026-06-30,SKU-0032,WH-03,17,500.21
TXN001405,2026-08-26,SKU-0037,WH-06,17,673.38
TXN001303,2026-08-01,SKU-0043,WH-06,19,505.24
TXN001150,2026-07-24,SKU-0040,WH-01,9,208.59
TXN000999,2026-06-27,SKU-0037,WH-08,17,202.01
TXN001731,23-Jul-2026,SKU-0021,WH-04,17,310.13
TXN001046,2026-07-18,SKU-0034,Wh-01,16,429.4
TXN001640,2026-07-04,SKU-0012,WH-06,29,660.37
TXN001689,2026-08-14,SKU-0008,WH-03,18,710.72
TXN001306,2026-08-28,SKU-0001,WH-01,17,336.2
TXN001495,2026-08-04,SKU-0018,WH-08,13,361.64
TXN001762,2026-07-20,SKU-0044,WH-04,20,765.83
TXN001391,2026-07-12,SKU-0038,WH-07,14,502.65
TXN000025,2026-07-28,SKU-0041,WH-02,15,65.21
TXN000196,2026-07-14,SKU-0035,WH-08,16,353.19
TXN001088,2026-08-05,SKU-0035,WH-01,20,666.93
TXN000015,2026-07-10,SKU-0007,WH-01,16,230.28
TXN001490,2026-07-23,SKU-0007,WH-05,18,296.61
TXN001321,07/24/2026,SKU-0003,WH-02,10,255.92
TXN000883,2026-09-01,SKU-0007,WH-05,-34,0.0
TXN000621,2026-07-21,SKU-0003,WH-01,16,372.02
TXN001360,2026-07-15,SKU-0015,WH-08,21,541.18
TXN001050,2026-07-01,SKU-0001,WH-08,21,89.58
TXN001612,2026-08-01,SKU-0038,WH-07,21,364.74
TXN001067,2026-07-20,SKU-0042,WH-05,16,144.86
TXN000497,2026-08-27,SKU-0003,WH-01,19,81.08
TXN000792,2026-07-24,SKU-0037,WH-06,-29,0.0
TXN000964,2026-08-20,SKU-0007,WH-06,17,175.13
TXN000515,2026-08-21,SKU-0010,WH-04,16,547.31
TXN001835,2026-08-05,SKU-0002,WH-04,21,831.33
TXN001585,2026-07-26,SKU-0029,WH-04,18,136.52
TXN001478,2026-07-16,SKU-0002,WH-07,22,639.04
TXN001411,2026-08-17,SKU-0001,WH-05,16,635.44
TXN001095,2026-06-26,SKU-0028,WH-04,17,273.59
TXN000542,2026-06-26,SKU-0005,WH-01,20,296.9
TXN000456,06/26/2026,SKU-0030,WH-01,11,53.39
TXN000633,2026-08-12,SKU-0033,WH-03,19,759.47
TXN000431,2026-07-18,SKU-0024,WH-04,21,489.11
TXN000627,2026-08-18,SKU-0035,WH-06,21,310.9
TXN001677,2026-07-23,SKU-0027,WH-05,17,51.59
TXN000728,2026-07-19,SKU-0003,WH-01,23,757.82
TXN001288,2026-08-26,SKU-0015,wh-05,20,239.24
TXN000209,2026-06-27,SKU-0025,WH-04,19,683.44
TXN000316,2026-08-19,SKU-0023,WH-01,14,379.42
TXN000513,2026-07-11,SKU-0024,WH-06,25,450.56
TXN001337,2026-07-24,SKU-0033,WH-01,21,609.7
TXN001558,2026-08-01,SKU-0028,WH-02,22,298.77
TXN000829,2026-07-23,SKU-0032,wh-05,21,826.64
TXN000319,07/12/2026,SKU-0023,WH-07,15,136.76
TXN001031,2026-07-20,SKU-0029,WH-03,-18,0.0
TXN001417,07/24/2026,SKU-0040,WH-04,20,763.9
TXN000141,2026-07-03,SKU-0016,WH-04,16,286.03
TXN001110,2026-08-23,SKU-0038,WH-08,18,665.37
TXN001502,2026-08-24,SKU-0019,WH-04,22,570.7
TXN001527,2026-08-20,SKU-0043,WH-02,16,91.03
TXN000753,2026-08-18,SKU-0001,WH-03,13,168.69
TXN001001,2026-06-27,SKU-0007,WH-03,19,179.7
TXN001239,2026-07-19,SKU-0043,WH-01,20,298.48
TXN000580,,SKU-0014,WH-03,11,379.8
TXN000562,2026-07-21,SKU-0036,WH-04,18,387.88
TXN000398,2026-08-18,SKU-0039,WH-04,21,458.64
TXN000668,,SKU-0003,WH-06,16,533.59
TXN001514,06/24/2026,SKU-0041,WH-01,27,223.43
TXN000252,2026-08-25,SKU-0001,WH-99,15,191.95
TXN000907,2026-08-15,SKU-0021,WH-06,21,336.88
TXN000468,2026-07-20,SKU-0009,WH-08,12,168.21
TXN000914,2026-08-15,SKU-0026,WH-02,19,478.57
TXN000357,2026-07-28,SKU-0034,WH-08,13,417.21
TXN001278,,SKU-0040,WH-03,19,600.55
TXN001300,2026-07-15,SKU-0030,WH-01,14,424.54
TXN001202,2026-07-06,SKU-0007,WH-06,22,359.02
TXN001305,2026-09-01,SKU-0016,WH-03,15,482.12
TXN001414,2026-07-27,SKU-0045,WH-08,20,370.48
TXN000508,2026-07-04,SKU-0027,WH-03,19,318.79
TXN000749,2026-07-12,SKU-0023,WH-08,24,887.31
TXN001607,2026-08-10,SKU-0045,wh-05,16,586.95
TXN000129,2026-08-13,SKU-0037,WH-01,20,528.45
TXN000144,2026-07-14,SKU-0018,WH-06,20,738.05
TXN000960,26-Jun-2026,SKU-0030,WH-06,21,806.34
TXN000847,2026-08-29,SKU-0006,WH-02,20,65.4
TXN001669,2026-08-31,SKU-0029,WH-03,20,654.95
TXN000715,2026-07-24,SKU-0017,WH-08,12,471.19
TXN000905,2026-07-15,SKU-0022,wh-05,,214.38
TXN001791,2026-08-01,SKU-0006,WH-08,8,155.57
TXN001096,23-Aug-2026,SKU-0026,WH-06,15,206.98
TXN000235,2026-06-28,SKU-0011,WH-08,24,88.93
TXN001061,2026-07-18,SKU-0029,WH-04,16,312.98
