transaction_id,sale_date,sku,warehouse_id,quantity,revenue
TXN001233,2026-08-19,SKU-0035,WH-04,14.0,293.3
TXN000608,2026-08-11,SKU-0022,WH-01,19.0,359.51
TXN000589,2026-07-17,SKU-0024,WH-05,18.0,692.18
TXN001564,2026-06-24,SKU-0009,WH-07,14.0,410.06
TXN000428,2026-07-22,SKU-0008,WH-07,24.0,446.17
TXN000330,2026-07-13,SKU-0016,WH-02,20.0,770.95
TXN001038,2026-08-23,SKU-0006,WH-08,23.0,571.59
TXN000301,2026-09-01,SKU-0020,WH-03,15.0,242.45
TXN000102,2026-06-28,SKU-0032,WH-04,12.0,206.81
TXN000309,2026-08-04,SKU-0036,WH-04,17.0,576.48
TXN000480,2026-08-17,SKU-0023,WH-08,22.0,587.94
TXN001580,2026-08-18,SKU-0011,WH-02,23.0,467.4
TXN000421,2026-08-23,SKU-0042,WH-08,18.0,387.44
TXN001070,2026-07-16,SKU-0015,WH-03,24.0,710.17
TXN001569,2026-07-31,SKU-0039,WH-07,10.0,293.42
TXN001108,2026-08-06,SKU-0016,WH-07,12.0,359.88
TXN000047,2026-08-07,SKU-0021,WH-05,17.0,319.03
TXN000161,2026-07-04,SKU-0023,WH-07,15.0,365.13
TXN001466,2026-07-02,SKU-0016,WH-07,15.0,70.88
TXN000486,2026-07-08,SKU-0040,WH-07,13.0,184.9
TXN001557,2026-07-18,SKU-0034,WH-07,19.0,623.66
TXN000048,2026-07-07,SKU-0009,WH-03,19.0,221.11
TXN000683,2026-08-16,SKU-0009,WH-05,17.0,319.7
TXN001549,2026-08-01,SKU-0001,WH-08,19.0,362.34
TXN001059,2026-07-23,SKU-0042,WH-03,22.0,866.2
TXN000108,2026-08-11,SKU-0034,WH-01,12.0,413.57
TXN001738,2026-08-30,SKU-0044,WH-04,20.0,632.78
TXN000535,2026-07-12,SKU-0017,WH-01,12.0,429.06
TXN000258,2026-07-03,SKU-0045,WH-07,15.0,486.57
TXN000979,2026-07-30,SKU-0038,WH-08,16.0,358.41
TXN000186,2026-08-28,SKU-0002,WH-03,24.0,785.76
TXN001383,2026-08-14,SKU-0015,WH-06,22.0,841.72
TXN000120,2026-07-08,SKU-0017,WH-05,28.0,386.85
TXN001163,2026-08-14,SKU-0007,WH-07,20.0,464.39
TXN000602,2026-07-07,SKU-0023,WH-05,14.0,248.81
TXN000572,2026-06-30,SKU-0042,WH-06,21.0,490.33
TXN001589,2026-08-10,SKU-0008,WH-01,23.0,800.33
TXN000614,2026-07-22,SKU-0044,WH-06,21.0,765.62
TXN000192,2026-08-13,SKU-0027,WH-01,21.0,134.52
TXN000375,2026-07-29,SKU-0024,WH-04,23.0,458.71
TXN000708,2026-07-30,SKU-0035,WH-05,27.0,635.69
TXN001836,2026-08-29,SKU-0009,WH-05,18.0,576.76
TXN001541,2026-08-02,SKU-0042,WH-04,32.0,288.75
TXN001009,2026-07-06,SKU-0002,WH-07,13.0,285.39
TXN000534,2026-07-19,SKU-0021,WH-04,16.0,199.7
TXN000713,2026-06-25,SKU-0027,WH-04,17.0,498.46
TXN001823,2026-07-26,SKU-0011,WH-05,22.0,760.97
TXN000137,2026-08-12,SKU-0009,WH-02,15.0,378.54
TXN000368,2026-07-22,SKU-0030,WH-08,24.0,689.48
TXN000828,2026-08-22,SKU-0027,WH-01,14.0,244.81
TXN000745,2026-08-10,SKU-0043,WH-06,18.0,104.95
TXN001681,2026-08-03,SKU-0036,WH-06,15.0,332.18
TXN000056,2026-08-11,SKU-0028,WH-08,16.0,394.19
TXN000654,2026-08-09,SKU-0003,WH-02,28.0,444.12
TXN001138,2026-07-07,SKU-0044,WH-04,14.0,60.74
TXN000264,2026-07-12,SKU-0015,WH-03,21.0,610.79
TXN001167,2026-07-18,SKU-0045,WH-01,10.0,228.88
TXN001453,2026-08-08,SKU-0029,WH-06,17.0,459.7
TXN000718,2026-06-28,SKU-0002,WH-04,15.0,376.23
TXN000660,2026-08-14,SKU-0035,WH-06,16.0,183.96
TXN001043,2026-08-25,SKU-0001,WH-08,22.0,532.96
TXN001801,2026-08-23,SKU-0018,WH-04,20.0,734.62
TXN000900,2026-07-23,SKU-0033,WH-04,18.0,274.6
TXN000087,2026-07-21,SKU-0008,WH-05,20.0,387.22
TXN000507,2026-08-06,SKU-0035,WH-06,10.0,325.17
TXN000194,2026-08-28,SKU-0002,WH-05,20.0,120.52
TXN000361,2026-07-26,SKU-0015,WH-03,11.0,405.07
TXN001790,2026-07-19,SKU-0007,WH-08,13.0,346.69
TXN001078,2026-07-25,SKU-0033,WH-05,15.0,527.59
TXN000525,2026-07-15,SKU-0012,WH-05,15.0,259.0
TXN001267,2026-08-23,SKU-0009,WH-07,25.0,251.6
TXN000510,2026-07-18,SKU-0016,WH-06,18.0,461.01
TXN001787,2026-07-09,SKU-0001,WH-01,17.0,432.57
TXN000573,2026-07-09,SKU-0019,WH-07,19.0,610.6
TXN000268,2026-08-23,SKU-0021,WH-04,13.0,323.92
TXN000898,2026-07-02,SKU-0031,WH-08,16.0,330.16
TXN001240,2026-09-01,SKU-0024,WH-01,17.0,417.28
TXN000612,2026-07-24,SKU-0011,WH-06,20.0,714.31
TXN001457,2026-08-30,SKU-0025,WH-08,17.0,309.58
TXN001775,2026-07-12,SKU-0039,WH-06,20.0,137.47
TXN000825,2026-06-29,SKU-0026,WH-07,16.0,376.13
TXN001153,2026-07-12,SKU-0039,WH-06,13.0,406.91
TXN001699,2026-08-16,SKU-0028,WH-05,15.0,520.13
TXN001124,2026-08-05,SKU-0023,WH-03,24.0,233.07
TXN001407,2026-08-26,SKU-0037,WH-04,21.0,830.57
TXN000111,2026-07-02,SKU-0042,WH-07,17.0,404.56
TXN000331,2026-08-06,SKU-0037,WH-01,29.0,1087.12
TXN001822,2026-07-09,SKU-0029,WH-01,27.0,904.43
TXN000547,2026-07-23,SKU-0033,WH-01,21.0,533.62
TXN000241,2026-07-22,SKU-0041,WH-07,21.0,566.57
TXN000997,2026-08-06,SKU-0017,WH-05,20.0,122.39
TXN001583,2026-08-10,SKU-0025,WH-02,13.0,464.08
TXN000986,2026-08-25,SKU-0041,WH-06,23.0,445.73
TXN001171,2026-07-22,SKU-0019,WH-04,17.0,57.04
TXN000415,2026-08-29,SKU-0018,WH-04,20.0,443.68
TXN000181,2026-08-22,SKU-0009,WH-04,20.0,311.65
TXN000075,2026-07-01,SKU-0015,WH-06,19.0,476.26
TXN000846,2026-07-05,SKU-0040,WH-08,17.0,217.84
TXN001522,2026-08-27,SKU-0015,WH-03,17.0,546.4
TXN001617,2026-07-25,SKU-0017,WH-03,21.0,452.98
TXN001649,2026-07-16,SKU-0026,WH-01,17.0,584.2
TXN000819,2026-08-11,SKU-0031,WH-02,15.0,179.81
TXN001683,2026-08-24,SKU-0019,WH-08,12.0,418.6
TXN001028,2026-07-30,SKU-0038,WH-07,16.0,373.18
TXN000992,2026-07-06,SKU-0033,WH-02,22.0,718.79
TXN000750,2026-07-07,SKU-0018,WH-01,18.0,347.48
TXN000563,2026-07-13,SKU-0040,WH-08,16.0,372.04
TXN001291,2026-08-18,SKU-0045,WH-01,24.0,959.21
TXN000037,2026-08-20,SKU-0045,WH-05,7.0,149.94
TXN001352,2026-08-25,SKU-0002,WH-04,22.0,112.76
TXN001116,2026-08-27,SKU-0015,WH-01,19.0,289.45
TXN000190,2026-07-23,SKU-0044,WH-04,23.0,204.11
TXN000921,2026-08-02,SKU-0021,WH-01,19.0,591.44
TXN000231,2026-07-17,SKU-0042,WH-06,20.0,365.12
TXN000292,2026-08-03,SKU-0004,WH-02,15.0,243.76
TXN001355,2026-07-14,SKU-0025,WH-07,18.0,504.25
TXN000596,2026-06-29,SKU-0030,WH-05,18.0,111.34
TXN000406,2026-07-22,SKU-0006,WH-02,17.0,295.83
TXN000587,2026-06-24,SKU-0040,WH-06,19.0,134.46
TXN000008,2026-08-11,SKU-0033,WH-04,18.0,346.16
TXN000888,2026-08-01,SKU-0022,WH-07,21.0,298.06
TXN000653,2026-07-28,SKU-0005,WH-02,13.0,483.66
TXN001535,2026-08-24,SKU-0035,WH-04,22.0,220.3
TXN000895,2026-08-11,SKU-0002,WH-07,31.0,1210.9
TXN000623,2026-07-11,SKU-0040,WH-03,26.0,148.16
TXN000810,2026-06-26,SKU-0019,WH-01,18.0,143.43
TXN000561,2026-07-24,SKU-0040,WH-05,17.0,651.12
TXN000675,2026-07-20,SKU-0013,WH-04,22.0,654.12
TXN001634,2026-07-19,SKU-0036,WH-06,19.0,222.93
TXN001118,2026-07-18,SKU-0004,WH-03,13.0,398.62
TXN000060,2026-08-22,SKU-0014,WH-02,15.0,478.4
TXN000366,2026-06-26,SKU-0041,WH-04,10.0,221.42
TXN000820,2026-07-05,SKU-0011,WH-07,16.0,535.24
TXN000592,2026-06-25,SKU-0037,WH-08,19.0,89.39
TXN000512,2026-07-03,SKU-0024,WH-07,22.0,731.49
TXN001598,2026-08-21,SKU-0005,WH-01,20.0,615.38
TXN000478,2026-08-28,SKU-0002,WH-01,20.0,159.9
TXN001451,2026-08-08,SKU-0045,WH-03,17.0,655.69
TXN001745,2026-07-02,SKU-0040,WH-02,19.0,106.56
TXN000959,2026-07-30,SKU-0027,WH-01,10.0,134.11
TXN001542,2026-08-11,SKU-0025,WH-02,14.0,260.29
TXN000126,2026-08-26,SKU-0020,WH-04,27.0,614.73
TXN000341,2026-08-03,SKU-0004,WH-08,26.0,711.73
TXN000771,2026-07-09,SKU-0021,WH-02,13.0,300.39
TXN000098,2026-08-16,SKU-0015,WH-03,17.0,553.39
TXN001626,2026-07-12,SKU-0021,WH-02,14.0,109.62
TXN001829,2026-07-16,SKU-0027,WH-03,15.0,451.43
TXN000872,2026-07-07,SKU-0032,WH-02,18.0,446.54
TXN000158,2026-08-06,SKU-0034,WH-07,19.0,403.18
TXN000424,2026-07-13,SKU-0015,WH-05,13.0,443.29
TXN000447,2026-07-23,SKU-0007,WH-02,14.0,549.63
TXN000613,2026-08-05,SKU-0036,WH-02,17.0,150.26
TXN000202,2026-06-29,SKU-0004,WH-08,17.0,671.09
TXN001827,2026-08-26,SKU-0043,WH-08,30.0,1004.74
TXN001272,2026-08-19,SKU-0032,WH-02,18.0,112.59
TXN000969,2026-07-27,SKU-0030,WH-08,17.0,43.16
TXN000977,2026-08-20,SKU-0006,WH-03,22.0,784.33
TXN000336,2026-06-26,SKU-0014,WH-03,17.0,549.33
TXN001480,2026-08-22,SKU-0002,WH-03,23.0,159.81
TXN000177,2026-08-22,SKU-0034,WH-04,22.0,576.69
TXN001238,2026-08-01,SKU-0043,WH-05,26.0,509.63
TXN001714,2026-07-18,SKU-0013,WH-08,20.0,445.26
TXN001379,2026-08-08,SKU-0015,WH-03,14.0,87.82
TXN000082,2026-07-25,SKU-0018,WH-05,17.0,649.56
TXN000641,2026-08-09,SKU-0028,WH-07,22.0,452.7
TXN000282,2026-08-22,SKU-0012,WH-06,16.0,495.96
TXN000348,2026-08-13,SKU-0013,WH-08,16.0,134.9
TXN000579,2026-07-29,SKU-0034,WH-08,24.0,526.19
TXN000418,2026-08-12,SKU-0012,WH-07,19.0,700.24
TXN001256,2026-07-31,SKU-0032,WH-02,30.0,322.69
TXN000267,2026-07-11,SKU-0044,WH-02,17.0,201.03
TXN000821,2026-07-10,SKU-0045,WH-04,12.0,97.86
TXN001445,2026-08-24,SKU-0008,WH-04,24.0,184.17
TXN001697,2026-06-24,SKU-0019,WH-08,24.0,650.12
TXN000693,2026-08-05,SKU-0037,WH-03,16.0,623.68
TXN001146,2026-07-15,SKU-0021,WH-03,25.0,284.3
TXN000133,2026-08-21,SKU-0007,WH-06,18.0,595.17
TXN001506,2026-06-26,SKU-0015,WH-08,16.0,501.09
TXN000931,2026-08-19,SKU-0040,WH-03,12.0,316.37
TXN000527,2026-07-12,SKU-0031,WH-04,15.0,317.38
TXN000091,2026-08-23,SKU-0025,WH-08,19.0,275.85
TXN000831,2026-08-07,SKU-0032,WH-01,13.0,258.95
TXN001800,2026-07-21,SKU-0018,WH-03,16.0,494.07
TXN000304,2026-07-25,SKU-0020,WH-07,17.0,394.83
TXN000297,2026-07-23,SKU-0007,WH-08,26.0,739.66
TXN000531,2026-08-11,SKU-0003,WH-05,18.0,573.41
TXN000464,2026-08-19,SKU-0007,WH-03,15.0,296.68
TXN000053,2026-07-27,SKU-0016,WH-06,12.0,250.36
TXN001265,2026-07-07,SKU-0038,WH-01,30.0,968.21
TXN000011,2026-07-08,SKU-0030,WH-01,11.0,231.27
TXN001227,2026-07-21,SKU-0045,WH-03,21.0,606.25
TXN001799,2026-08-09,SKU-0042,WH-01,18.0,615.77
TXN001463,2026-07-30,SKU-0037,WH-02,12.0,370.15
TXN001716,2026-07-16,SKU-0035,WH-07,18.0,664.92
TXN001125,2026-07-23,SKU-0013,WH-01,18.0,685.09
TXN000926,2026-07-12,SKU-0013,WH-06,18.0,200.82
TXN001053,2026-07-30,SKU-0035,WH-07,18.0,130.18
TXN001117,2026-07-15,SKU-0045,WH-04,17.0,443.53
TXN000351,2026-07-10,SKU-0031,WH-01,17.0,499.01
TXN000759,2026-08-01,SKU-0021,WH-04,24.0,774.64
TXN000107,2026-06-28,SKU-0007,WH-01,23.0,105.17
TXN000227,2026-07-30,SKU-0032,WH-04,19.0,297.75
TXN000223,2026-07-20,SKU-0002,WH-08,15.0,384.94
TXN001092,2026-07-03,SKU-0013,WH-05,20.0,628.09
TXN000167,2026-08-17,SKU-0034,WH-03,8.0,25.53
TXN001540,2026-07-22,SKU-0037,WH-06,17.0,438.65
TXN001073,2026-08-02,SKU-0020,WH-02,11.0,92.57
TXN000558,2026-06-28,SKU-0002,WH-03,13.0,106.94
TXN001224,2026-08-17,SKU-0032,WH-02,19.0,113.78
TXN000705,2026-08-30,SKU-0032,WH-06,24.0,670.08
TXN000003,2026-08-30,SKU-0015,WH-04,16.0,117.95
TXN001297,2026-06-25,SKU-0019,WH-07,18.0,226.71
TXN000736,2026-07-23,SKU-0006,WH-07,20.0,777.75
TXN001166,2026-08-11,SKU-0008,WH-07,17.0,517.56
TXN000571,2026-08-22,SKU-0031,WH-01,21.0,439.03
TXN000827,2026-08-17,SKU-0029,WH-01,8.0,217.0
TXN001842,2026-08-20,SKU-0037,WH-02,20.0,97.81
TXN000248,2026-08-21,SKU-0024,WH-07,14.0,468.87
TXN000902,2026-07-04,SKU-0019,WH-02,16.0,171.97
TXN001390,2026-07-27,SKU-0026,WH-05,17.0,180.94
TXN001646,2026-08-09,SKU-0009,WH-03,25.0,997.24
TXN001460,2026-06-30,SKU-0045,WH-08,10.0,243.51
TXN001635,2026-08-14,SKU-0032,WH-04,16.0,399.88
TXN000941,2026-06-29,SKU-0012,WH-01,21.0,675.86
TXN001419,2026-07-09,SKU-0025,WH-06,11.0,28.38
TXN001534,2026-08-08,SKU-0040,WH-01,10.0,104.08
TXN000707,2026-07-08,SKU-0023,WH-02,24.0,872.79
TXN000724,2026-07-18,SKU-0018,WH-02,19.0,684.03
TXN001482,2026-08-17,SKU-0001,WH-06,13.0,305.1
TXN001468,2026-07-20,SKU-0037,WH-06,23.0,894.32
TXN001429,2026-07-13,SKU-0015,WH-06,17.0,514.23
TXN000556,2026-07-08,SKU-0013,WH-08,24.0,877.02
TXN001600,2026-07-21,SKU-0004,WH-08,22.0,123.73
TXN001017,2026-08-13,SKU-0003,WH-06,15.0,181.46
TXN001743,2026-08-01,SKU-0017,WH-08,18.0,172.72
TXN001310,2026-08-30,SKU-0041,WH-06,16.0,473.72
TXN001148,2026-08-17,SKU-0006,WH-02,22.0,73.31
TXN001627,2026-07-20,SKU-0001,WH-08,21.0,668.13
TXN001368,2026-09-01,SKU-0023,WH-01,20.0,408.04
TXN000435,2026-08-24,SKU-0003,WH-03,21.0,373.74
TXN001199,2026-07-12,SKU-0021,WH-03,19.0,586.14
TXN001713,2026-07-13,SKU-0012,WH-08,14.0,431.46
TXN000000,2026-06-30,SKU-0030,WH-07,23.0,898.97
TXN000786,2026-07-08,SKU-0025,WH-07,24.0,80.39
TXN001093,2026-07-05,SKU-0019,WH-06,14.0,273.48
TXN000700,2026-08-29,SKU-0030,WH-04,18.0,146.04
TXN000115,2026-08-02,SKU-0013,WH-01,13.0,294.04
TXN001218,2026-08-27,SKU-0025,WH-02,10.0,35.47
TXN000030,2026-08-14,SKU-0007,WH-06,28.0,891.76
TXN000325,2026-08-13,SKU-0009,WH-07,21.0,426.73
TXN001452,2026-08-08,SKU-0019,WH-01,18.0,690.61
TXN001422,2026-08-02,SKU-0029,WH-06,22.0,98.63
TXN001210,2026-07-13,SKU-0024,WH-02,20.0,400.25
TXN001847,2026-07-16,SKU-0019,WH-02,26.0,1012.88
TXN001260,2026-08-18,SKU-0003,WH-08,17.0,585.41
TXN000990,2026-08-13,SKU-0011,WH-01,20.0,222.73
TXN000293,2026-08-29,SKU-0016,WH-02,23.0,491.33
TXN000305,2026-07-13,SKU-0016,WH-04,23.0,704.14
TXN001374,2026-08-09,SKU-0025,WH-05,17.0,65.47
TXN000146,2026-08-06,SKU-0037,WH-01,21.0,240.19
TXN001079,2026-08-13,SKU-0019,WH-04,16.0,131.06
TXN000955,2026-07-30,SKU-0021,WH-05,23.0,834.15
TXN000636,2026-08-04,SKU-0021,WH-03,17.0,85.4
TXN000764,2026-07-05,SKU-0033,WH-07,26.0,727.56
TXN001802,2026-08-18,SKU-0027,WH-06,24.0,158.94
TXN000640,2026-08-18,SKU-0024,WH-02,12.0,116.34
TXN001409,2026-08-18,SKU-0007,WH-06,16.0,260.59
TXN001361,2026-08-25,SKU-0037,WH-07,27.0,234.76
TXN000039,2026-08-04,SKU-0025,WH-04,20.0,759.52
TXN000403,2026-07-13,SKU-0032,WH-03,15.0,409.08
TXN000080,2026-07-10,SKU-0033,WH-08,15.0,270.13
TXN001467,2026-09-01,SKU-0037,WH-03,22.0,477.85
TXN001750,2026-07-14,SKU-0026,WH-04,10.0,372.13
TXN001074,2026-07-13,SKU-0009,WH-08,17.0,248.79
TXN001820,2026-07-13,SKU-0026,WH-05,23.0,870.49
TXN001378,2026-07-26,SKU-0009,WH-02,14.0,503.62
TXN001648,2026-06-28,SKU-0014,WH-04,23.0,390.23
TXN001201,2026-08-24,SKU-0020,WH-06,15.0,435.16
TXN001015,2026-06-29,SKU-0005,WH-08,20.0,569.68
TXN001221,2026-08-21,SKU-0016,WH-05,16.0,424.84
TXN000233,2026-08-05,SKU-0034,WH-01,18.0,314.09
TXN001704,2026-08-23,SKU-0044,WH-05,21.0,510.4
TXN000726,2026-07-29,SKU-0041,WH-07,18.0,347.36
TXN000335,2026-07-01,SKU-0026,WH-05,21.0,310.68
TXN001281,2026-08-15,SKU-0024,WH-06,18.0,79.97
TXN000400,2026-08-30,SKU-0038,WH-06,19.0,513.46
TXN000857,2026-08-28,SKU-0040,WH-07,26.0,171.54
TXN000303,2026-06-29,SKU-0012,WH-07,22.0,674.84
TXN001418,2026-08-29,SKU-0001,WH-03,21.0,541.46
TXN001211,2026-07-06,SKU-0044,WH-01,14.0,40.99
TXN000703,2026-07-09,SKU-0010,WH-01,15.0,133.49
TXN000920,2026-08-09,SKU-0020,WH-03,14.0,163.36
TXN001006,2026-08-20,SKU-0030,WH-02,16.0,129.63
TXN001229,2026-07-12,SKU-0006,WH-03,19.0,73.14
TXN001173,2026-07-15,SKU-0016,WH-08,17.0,159.46
TXN000255,2026-08-06,SKU-0044,WH-03,19.0,427.54
TXN000940,2026-07-12,SKU-0007,WH-06,19.0,486.62
TXN000414,2026-08-18,SKU-0033,WH-07,16.0,553.95
TXN001252,2026-06-27,SKU-0027,WH-03,20.0,567.69
TXN001785,2026-08-29,SKU-0006,WH-06,23.0,788.15
TXN000434,2026-07-24,SKU-0009,WH-08,19.0,533.77
TXN001100,2026-07-10,SKU-0009,WH-02,15.0,473.73
TXN000643,2026-09-01,SKU-0003,WH-05,17.0,74.98
TXN001706,2026-06-27,SKU-0040,WH-04,15.0,387.0
TXN000453,2026-07-18,SKU-0020,WH-02,19.0,408.13
TXN001717,2026-07-15,SKU-0016,WH-08,19.0,81.97
TXN000119,2026-07-20,SKU-0043,WH-05,17.0,93.97
TXN000778,2026-07-21,SKU-0031,WH-01,13.0,454.85
TXN001536,2026-08-16,SKU-0016,WH-07,14.0,185.56
TXN001003,2026-07-03,SKU-0044,WH-03,26.0,878.98
TXN001768,2026-07-21,SKU-0028,WH-04,14.0,359.72
TXN000816,2026-08-01,SKU-0034,WH-08,16.0,415.5
TXN001189,2026-08-06,SKU-0019,WH-04,11.0,151.34
TXN000169,2026-07-03,SKU-0026,WH-07,28.0,1088.71
TXN000353,2026-08-19,SKU-0044,WH-04,21.0,300.47
TXN001834,2026-08-22,SKU-0020,WH-04,18.0,110.12
TXN000793,2026-08-24,SKU-0023,WH-07,17.0,361.98
TXN001301,2026-08-18,SKU-0012,WH-02,16.0,67.04
TXN000807,2026-07-09,SKU-0033,WH-03,21.0,406.16
TXN001274,2026-07-23,SKU-0042,WH-03,18.0,330.61
TXN000270,2026-08-09,SKU-0001,WH-03,19.0,128.66
TXN001491,2026-08-08,SKU-0045,WH-08,12.0,252.97
TXN000737,2026-07-29,SKU-0017,WH-05,24.0,92.89
TXN001172,2026-08-14,SKU-0024,WH-02,18.0,155.33
TXN000748,2026-06-25,SKU-0015,WH-01,17.0,319.13
TXN001322,2026-07-23,SKU-0039,WH-02,21.0,725.38
TXN001579,2026-06-29,SKU-0006,WH-03,21.0,813.05
TXN001830,2026-06-24,SKU-0027,WH-08,21.0,714.6
TXN000555,2026-08-21,SKU-0030,WH-06,21.0,263.88
TXN000104,2026-07-20,SKU-0028,WH-04,17.0,400.28
TXN001027,2026-07-01,SKU-0007,WH-04,17.0,324.33
TXN000408,2026-08-01,SKU-0027,WH-03,19.0,200.94
TXN000951,2026-07-01,SKU-0026,WH-01,20.0,376.24
TXN000022,2026-06-25,SKU-0017,WH-01,17.0,331.86
TXN000204,2026-08-20,SKU-0033,WH-05,15.0,522.68
TXN001097,2026-07-01,SKU-0039,WH-05,27.0,877.63
TXN001257,2026-07-15,SKU-0041,WH-03,15.0,398.0
TXN001273,2026-07-13,SKU-0019,WH-07,24.0,145.25
TXN001242,2026-07-16,SKU-0021,WH-07,24.0,626.19
TXN001688,2026-07-20,SKU-0014,WH-04,19.0,254.16
TXN001531,2026-07-01,SKU-0027,WH-06,20.0,243.64
TXN001825,2026-07-29,SKU-0019,WH-04,13.0,209.21
TXN001691,2026-07-24,SKU-0040,WH-02,19.0,598.72
TXN001784,2026-08-09,SKU-0031,WH-06,18.0,570.37
TXN001561,2026-08-15,SKU-0021,WH-07,29.0,443.65
TXN001539,2026-08-20,SKU-0032,WH-02,18.0,276.2
TXN000081,2026-07-01,SKU-0016,WH-06,18.0,153.85
TXN000619,2026-06-25,SKU-0027,WH-02,9.0,65.68
TXN000801,2026-08-16,SKU-0026,WH-03,16.0,123.59
TXN000259,2026-07-05,SKU-0042,WH-04,18.0,52.97
TXN000697,2026-07-14,SKU-0034,WH-02,21.0,152.72
TXN001629,2026-06-25,SKU-0013,WH-01,15.0,153.01
TXN000396,2026-07-21,SKU-0028,WH-07,22.0,495.24
TXN000936,2026-08-08,SKU-0035,WH-02,26.0,818.61
TXN000701,2026-08-23,SKU-0017,WH-03,14.0,302.24
TXN001749,2026-08-28,SKU-0024,WH-03,19.0,224.8
TXN001680,2026-08-17,SKU-0042,WH-07,21.0,126.04
TXN001347,2026-07-28,SKU-0033,WH-07,19.0,225.46
TXN001333,2026-07-28,SKU-0027,WH-06,23.0,369.72
TXN000049,2026-07-28,SKU-0003,WH-05,16.0,546.69
TXN001720,2026-08-03,SKU-0039,WH-02,16.0,176.49
TXN001328,2026-07-20,SKU-0002,WH-05,14.0,464.3
TXN000299,2026-08-19,SKU-0011,WH-05,19.0,653.33
TXN001183,2026-07-15,SKU-0026,WH-08,18.0,52.45
TXN001623,2026-08-26,SKU-0038,WH-01,20.0,466.57
TXN001105,2026-06-24,SKU-0044,WH-01,21.0,66.83
TXN000711,2026-08-08,SKU-0027,WH-02,27.0,560.7
TXN001438,2026-08-29,SKU-0005,WH-06,14.0,290.25
TXN000446,2026-08-07,SKU-0028,WH-03,14.0,499.37
TXN001270,2026-08-14,SKU-0025,WH-08,19.0,540.79
TXN001517,2026-08-24,SKU-0037,WH-02,20.0,624.1
TXN001020,2026-07-26,SKU-0018,WH-05,21.0,804.34
TXN000634,2026-07-25,SKU-0006,WH-02,19.0,616.11
TXN001385,2026-08-07,SKU-0036,WH-06,16.0,448.49
TXN001604,2026-07-09,SKU-0008,WH-07,15.0,536.53
TXN001264,2026-07-04,SKU-0035,WH-03,14.0,349.04
TXN000599,2026-08-17,SKU-0041,WH-05,20.0,674.05
TXN001249,2026-06-30,SKU-0016,WH-04,14.0,395.4
TXN001415,2026-07-28,SKU-0034,WH-01,11.0,168.36
TXN001711,2026-08-29,SKU-0037,WH-02,12.0,432.76
TXN000966,2026-07-02,SKU-0043,WH-07,23.0,829.43
TXN000912,2026-08-18,SKU-0003,WH-04,23.0,229.59
TXN000957,2026-07-24,SKU-0028,WH-07,15.0,526.31
TXN001459,2026-08-27,SKU-0003,WH-07,17.0,279.97
TXN000994,2026-08-04,SKU-0016,WH-05,17.0,420.0
TXN000228,2026-08-15,SKU-0023,WH-02,14.0,508.63
TXN000877,2026-08-08,SKU-0041,WH-06,18.0,582.77
TXN000553,2026-08-18,SKU-0042,WH-03,25.0,514.56
TXN001676,2026-06-24,SKU-0044,WH-03,18.0,505.41
TXN000273,2026-08-07,SKU-0021,WH-01,20.0,252.96
TXN001397,2026-07-19,SKU-0004,WH-06,12.0,165.84
TXN000286,2026-07-05,SKU-0014,WH-06,18.0,172.43
TXN000730,2026-07-05,SKU-0024,WH-03,20.0,768.48
TXN000016,2026-08-01,SKU-0003,WH-05,24.0,864.1
TXN001144,2026-07-08,SKU-0041,WH-05,14.0,498.27
TXN001782,2026-08-11,SKU-0026,WH-03,10.0,350.47
TXN000625,2026-07-14,SKU-0013,WH-01,10.0,294.88
TXN000987,2026-08-05,SKU-0020,WH-07,20.0,322.29
TXN000135,2026-08-26,SKU-0025,WH-02,26.0,910.49
TXN001225,2026-08-03,SKU-0019,WH-01,17.0,241.8
TXN001543,2026-09-01,SKU-0024,WH-01,17.0,244.69
TXN000211,2026-08-10,SKU-0035,WH-07,21.0,549.91
TXN001657,2026-07-10,SKU-0014,WH-03,17.0,46.53
TXN000840,2026-08-27,SKU-0013,WH-03,19.0,560.03
TXN001497,2026-06-26,SKU-0034,WH-04,21.0,395.91
TXN000088,2026-07-19,SKU-0033,WH-08,21.0,619.33
TXN000298,2026-06-27,SKU-0037,WH-08,18.0,113.05
TXN001815,2026-08-23,SKU-0011,WH-04,17.0,443.36
TXN000913,2026-07-06,SKU-0003,WH-03,23.0,631.69
TXN000868,2026-08-10,SKU-0028,WH-08,12.0,116.21
TXN000779,2026-07-03,SKU-0011,WH-02,20.0,714.03
TXN000045,2026-06-27,SKU-0007,WH-06,19.0,730.38
TXN001632,2026-07-22,SKU-0017,WH-03,16.0,309.76
TXN000761,2026-07-10,SKU-0027,WH-04,20.0,703.63
TXN000528,2026-07-18,SKU-0028,WH-05,16.0,637.25
TXN001618,2026-08-18,SKU-0004,WH-08,19.0,301.59
TXN000863,2026-08-19,SKU-0002,WH-06,13.0,281.33
TXN000481,2026-06-24,SKU-0037,WH-04,17.0,571.62
TXN001392,2026-08-29,SKU-0021,WH-06,20.0,527.31
TXN000110,2026-08-18,SKU-0022,WH-05,16.0,559.69
TXN001060,2026-08-24,SKU-0045,WH-02,17.0,573.77
TXN001458,2026-07-08,SKU-0041,WH-07,20.0,173.86
TXN000332,2026-08-16,SKU-0032,WH-05,14.0,115.6
TXN000001,2026-07-24,SKU-0042,WH-02,20.0,220.43
TXN001828,2026-08-21,SKU-0032,WH-04,11.0,417.49
TXN000142,2026-08-15,SKU-0019,WH-02,17.0,507.76
TXN000620,2026-08-23,SKU-0024,WH-06,23.0,835.11
TXN001071,2026-08-07,SKU-0004,WH-01,19.0,548.63
TXN000789,2026-07-06,SKU-0032,WH-07,27.0,891.19
TXN000198,2026-07-26,SKU-0034,WH-04,14.0,255.62
TXN000460,2026-08-10,SKU-0034,WH-06,18.0,159.91
TXN000159,2026-09-01,SKU-0006,WH-06,18.0,378.12
TXN001084,2026-06-24,SKU-0007,WH-05,15.0,517.19
TXN001576,2026-08-22,SKU-0010,WH-03,14.0,304.7
TXN001831,2026-08-17,SKU-0039,WH-08,15.0,580.19
TXN001505,2026-06-25,SKU-0041,WH-02,19.0,233.57
TXN000083,2026-07-31,SKU-0002,WH-07,16.0,280.27
TXN001435,2026-08-18,SKU-0002,WH-04,22.0,79.13
TXN000427,2026-08-21,SKU-0044,WH-02,19.0,574.85
TXN000289,2026-06-30,SKU-0023,WH-05,21.0,73.35
TXN000529,2026-08-18,SKU-0023,WH-08,18.0,495.29
TXN001760,2026-08-07,SKU-0028,WH-02,14.0,469.65
TXN000664,2026-07-26,SKU-0006,WH-02,21.0,638.22
TXN001230,2026-08-28,SKU-0017,WH-06,18.0,589.26
TXN000401,2026-07-10,SKU-0007,WH-06,16.0,633.8
TXN000154,2026-08-26,SKU-0006,WH-01,23.0,601.66
TXN001373,2026-07-14,SKU-0043,WH-01,21.0,390.68
TXN001625,2026-07-22,SKU-0016,WH-08,10.0,312.36
TXN001157,2026-07-10,SKU-0002,WH-04,22.0,531.37
TXN000851,2026-08-20,SKU-0022,WH-02,13.0,296.21
TXN000823,2026-08-15,SKU-0022,WH-04,13.0,457.86
TXN001739,2026-07-12,SKU-0001,WH-05,18.0,716.47
TXN001369,2026-07-15,SKU-0014,WH-07,15.0,567.06
TXN000575,2026-08-14,SKU-0001,WH-01,17.0,416.32
TXN001234,2026-07-03,SKU-0044,WH-08,18.0,606.1
TXN000314,2026-07-15,SKU-0004,WH-02,17.0,552.95
TXN000852,2026-08-02,SKU-0020,WH-08,20.0,88.82
TXN000598,2026-07-24,SKU-0002,WH-03,25.0,811.31
TXN000426,2026-07-22,SKU-0011,WH-02,18.0,527.32
TXN001642,2026-06-25,SKU-0013,WH-02,16.0,314.33
TXN000950,2026-06-29,SKU-0028,WH-07,18.0,616.8
TXN001593,2026-06-29,SKU-0022,WH-07,20.0,611.83
TXN000593,2026-08-25,SKU-0006,WH-04,21.0,543.12
TXN001754,2026-08-23,SKU-0015,WH-05,17.0,221.84
TXN000521,2026-07-06,SKU-0038,WH-06,19.0,67.13
TXN000919,2026-08-15,SKU-0015,WH-04,20.0,455.54
TXN000491,2026-08-09,SKU-0001,WH-05,19.0,739.75
TXN001115,2026-07-15,SKU-0020,WH-03,14.0,315.43
TXN000443,2026-07-30,SKU-0012,WH-06,13.0,409.84
TXN001764,2026-07-09,SKU-0019,WH-08,20.0,575.46
TXN001777,2026-07-03,SKU-0043,WH-06,9.0,155.82
TXN001441,2026-08-02,SKU-0001,WH-08,18.0,138.24
TXN000733,2026-08-23,SKU-0018,WH-04,15.0,457.99
TXN000409,2026-07-03,SKU-0039,WH-03,16.0,203.76
TXN000012,2026-08-04,SKU-0042,WH-03,19.0,63.75
TXN000808,2026-08-18,SKU-0003,WH-04,23.0,591.04
TXN000073,2026-06-24,SKU-0009,WH-06,14.0,496.14
TXN000195,2026-08-23,SKU-0022,WH-05,9.0,152.75
TXN000399,2026-07-07,SKU-0014,WH-07,22.0,396.38
TXN000308,2026-06-24,SKU-0044,WH-02,25.0,223.91
TXN001608,2026-08-16,SKU-0021,WH-01,9.0,332.54
TXN000948,2026-06-29,SKU-0021,WH-07,19.0,116.68
TXN001631,2026-08-16,SKU-0045,WH-03,13.0,174.2
TXN000215,2026-07-13,SKU-0016,WH-03,17.0,373.84
TXN000163,2026-08-30,SKU-0002,WH-03,19.0,501.13
TXN001102,2026-08-25,SKU-0033,WH-01,20.0,347.29
TXN000559,2026-08-12,SKU-0028,WH-06,14.0,92.7
TXN001147,2026-08-23,SKU-0006,WH-01,20.0,488.53
TXN000538,2026-07-19,SKU-0033,WH-01,10.0,252.61
TXN001729,2026-08-12,SKU-0029,WH-07,21.0,433.65
TXN001456,2026-07-29,SKU-0045,WH-05,16.0,205.77
TXN000952,2026-06-24,SKU-0018,WH-01,13.0,115.11
TXN000280,2026-07-28,SKU-0010,WH-06,16.0,132.58
TXN001806,2026-07-05,SKU-0038,WH-07,22.0,149.92
TXN000311,2026-07-03,SKU-0030,WH-03,12.0,278.94
TXN000251,2026-07-24,SKU-0024,WH-06,16.0,114.31
TXN001603,2026-08-30,SKU-0023,WH-02,26.0,485.28
TXN000494,2026-06-24,SKU-0005,WH-02,20.0,573.68
TXN001132,2026-07-20,SKU-0042,WH-04,26.0,903.79
TXN000972,2026-07-28,SKU-0012,WH-04,16.0,622.24
TXN000647,2026-08-03,SKU-0029,WH-04,17.0,346.67
TXN000729,2026-08-19,SKU-0008,WH-06,27.0,278.93
TXN000812,2026-08-15,SKU-0008,WH-04,14.0,489.56
TXN001209,2026-09-01,SKU-0022,WH-07,16.0,423.6
TXN001013,2026-07-05,SKU-0007,WH-04,19.0,485.21
TXN000359,2026-07-17,SKU-0014,WH-03,15.0,340.84
TXN001793,2026-07-05,SKU-0002,WH-06,31.0,467.73
TXN001614,2026-08-14,SKU-0035,WH-05,13.0,237.19
TXN000834,2026-08-09,SKU-0032,WH-03,15.0,353.09
TXN000350,2026-06-29,SKU-0017,WH-01,10.0,396.42
TXN001194,2026-08-29,SKU-0041,WH-04,18.0,713.55
TXN001176,2026-08-09,SKU-0008,WH-04,14.0,356.17
TXN000799,2026-07-25,SKU-0041,WH-01,23.0,670.83
TXN000679,2026-09-01,SKU-0008,WH-07,19.0,513.52
TXN001266,2026-08-16,SKU-0030,WH-01,21.0,302.78
TXN000659,2026-07-28,SKU-0007,WH-06,11.0,405.49
TXN001477,2026-06-29,SKU-0020,WH-08,9.0,35.99
TXN001526,2026-08-24,SKU-0024,WH-03,17.0,540.1
TXN000570,2026-08-23,SKU-0040,WH-03,19.0,644.56
TXN001292,2026-08-16,SKU-0041,WH-08,19.0,95.33
TXN000649,2026-07-21,SKU-0003,WH-02,26.0,1008.85
TXN000769,2026-07-27,SKU-0002,WH-06,20.0,151.83
TXN001335,2026-07-04,SKU-0045,WH-05,15.0,95.33
TXN000027,2026-07-11,SKU-0003,WH-03,18.0,293.07
TXN000425,2026-08-30,SKU-0004,WH-06,19.0,416.22
TXN001181,2026-07-26,SKU-0020,WH-07,17.0,439.52
TXN001058,2026-07-29,SKU-0032,WH-01,17.0,498.15
TXN000487,2026-08-27,SKU-0014,WH-08,13.0,337.7
TXN001471,2026-08-04,SKU-0042,WH-02,22.0,537.43
TXN001109,2026-07-14,SKU-0030,WH-04,18.0,101.81
TXN001298,2026-08-14,SKU-0022,WH-02,14.0,89.43
TXN000597,2026-08-19,SKU-0017,WH-02,9.0,55.71
TXN000702,2026-07-19,SKU-0041,WH-08,17.0,561.21
TXN001675,2026-07-01,SKU-0042,WH-01,20.0,244.93
TXN000050,2026-07-02,SKU-0018,WH-07,18.0,314.02
TXN000262,2026-08-15,SKU-0023,WH-02,19.0,610.99
TXN000918,2026-08-05,SKU-0025,WH-04,19.0,235.61
TXN001701,2026-06-24,SKU-0027,WH-03,22.0,648.78
TXN000148,2026-08-14,SKU-0029,WH-03,11.0,144.67
TXN001819,2026-07-02,SKU-0025,WH-01,17.0,128.53
TXN000390,2026-08-28,SKU-0014,WH-01,18.0,459.18
TXN001770,2026-07-27,SKU-0003,WH-06,23.0,901.57
TXN000035,2026-06-24,SKU-0024,WH-03,22.0,780.34
TXN000791,2026-06-29,SKU-0031,WH-03,18.0,301.5
TXN000804,2026-08-08,SKU-0004,WH-02,20.0,144.9
TXN001012,2026-08-11,SKU-0031,WH-06,15.0,432.69
TXN000006,2026-08-02,SKU-0005,WH-05,15.0,158.2
TXN001826,2026-06-30,SKU-0039,WH-06,23.0,673.56
TXN000452,2026-07-22,SKU-0026,WH-02,15.0,501.83
TXN001331,2026-06-30,SKU-0009,WH-04,21.0,624.65
TXN001622,2026-08-05,SKU-0036,WH-08,16.0,307.98
TXN000216,2026-08-27,SKU-0018,WH-08,14.0,463.26
TXN000935,2026-08-13,SKU-0041,WH-08,12.0,59.42
TXN000395,2026-07-06,SKU-0023,WH-08,20.0,671.37
TXN001080,2026-08-15,SKU-0025,WH-02,22.0,140.73
TXN001712,2026-07-15,SKU-0041,WH-07,12.0,409.03
TXN000503,2026-07-08,SKU-0024,WH-02,25.0,769.78
TXN000383,2026-07-01,SKU-0006,WH-08,12.0,358.6
TXN000725,2026-08-30,SKU-0041,WH-07,26.0,673.36
TXN000310,2026-07-29,SKU-0032,WH-06,22.0,182.42
TXN000594,2026-07-24,SKU-0027,WH-05,13.0,184.3
TXN000802,2026-06-30,SKU-0021,WH-04,17.0,628.77
TXN000520,2026-08-01,SKU-0020,WH-05,21.0,228.51
TXN001243,2026-08-04,SKU-0028,WH-02,18.0,329.95
TXN000757,2026-07-14,SKU-0044,WH-03,16.0,370.65
TXN001487,2026-07-30,SKU-0030,WH-03,17.0,214.82
TXN000205,2026-06-27,SKU-0011,WH-06,19.0,395.84
TXN001246,2026-08-12,SKU-0021,WH-07,15.0,437.5
TXN001395,2026-07-07,SKU-0040,WH-07,19.0,176.99
TXN001421,2026-06-28,SKU-0031,WH-02,14.0,412.61
TXN001231,2026-08-09,SKU-0031,WH-07,16.0,45.42
TXN000663,2026-08-17,SKU-0020,WH-03,25.0,578.24
TXN000678,2026-08-29,SKU-0018,WH-03,16.0,173.47
TXN001462,2026-07-28,SKU-0030,WH-06,18.0,138.05
TXN000574,2026-09-01,SKU-0036,WH-07,15.0,595.0
TXN000767,2026-08-23,SKU-0019,WH-08,16.0,334.59
TXN000629,2026-07-27,SKU-0029,WH-08,19.0,730.02
TXN000315,2026-06-28,SKU-0011,WH-03,11.0,386.15
TXN001032,2026-08-26,SKU-0015,WH-03,15.0,231.83
TXN001641,2026-07-09,SKU-0004,WH-01,15.0,190.3
TXN001436,2026-07-08,SKU-0018,WH-06,17.0,257.94
TXN000984,2026-09-01,SKU-0032,WH-06,21.0,628.77
TXN001843,2026-07-31,SKU-0017,WH-03,27.0,562.03
TXN001428,2026-08-12,SKU-0024,WH-06,18.0,583.71
TXN001228,2026-08-05,SKU-0031,WH-07,20.0,86.26
TXN000188,2026-07-13,SKU-0002,WH-07,17.0,313.5
TXN000189,2026-08-14,SKU-0003,WH-05,15.0,235.46
TXN000824,2026-08-19,SKU-0004,WH-06,13.0,487.85
TXN000662,2026-06-24,SKU-0043,WH-02,19.0,299.35
TXN000242,2026-08-23,SKU-0021,WH-05,20.0,171.34
TXN001668,2026-08-01,SKU-0043,WH-08,20.0,727.75
TXN000893,2026-06-28,SKU-0034,WH-06,19.0,556.05
TXN000498,2026-06-29,SKU-0044,WH-07,10.0,265.62
TXN000099,2026-08-18,SKU-0007,WH-03,18.0,45.35
TXN001552,2026-08-24,SKU-0022,WH-07,18.0,458.29
TXN001776,2026-08-29,SKU-0014,WH-08,20.0,458.6
TXN000582,2026-07-12,SKU-0017,WH-05,20.0,776.68
TXN000484,2026-07-31,SKU-0037,WH-03,22.0,134.72
TXN000720,2026-08-03,SKU-0019,WH-04,21.0,564.17
TXN001786,2026-07-08,SKU-0012,WH-01,19.0,465.31
TXN000250,2026-08-06,SKU-0013,WH-04,22.0,830.12
TXN000436,2026-08-20,SKU-0016,WH-02,14.0,185.51
TXN001665,2026-08-21,SKU-0016,WH-08,14.0,471.91
TXN000962,2026-07-01,SKU-0040,WH-06,21.0,244.83
TXN000719,2026-08-14,SKU-0011,WH-08,16.0,265.76
TXN000516,2026-08-13,SKU-0016,WH-02,22.0,329.62
TXN001213,2026-07-12,SKU-0044,WH-08,19.0,683.66
TXN000685,2026-07-20,SKU-0042,WH-03,13.0,195.51
TXN000833,2026-07-10,SKU-0030,WH-02,20.0,582.2
TXN000419,2026-07-12,SKU-0003,WH-02,12.0,131.54
TXN000839,2026-07-31,SKU-0044,WH-04,14.0,327.0
TXN001313,2026-08-18,SKU-0041,WH-08,14.0,496.92
TXN000502,2026-07-02,SKU-0003,WH-02,21.0,570.02
TXN001082,2026-07-06,SKU-0013,WH-01,16.0,239.5
TXN001087,2026-07-19,SKU-0030,WH-08,18.0,95.36
TXN000200,2026-08-16,SKU-0002,WH-05,27.0,559.62
TXN000349,2026-08-13,SKU-0027,WH-02,14.0,294.08
TXN001177,2026-08-21,SKU-0027,WH-07,16.0,147.81
TXN001068,2026-07-30,SKU-0003,WH-03,24.0,108.6
TXN001250,2026-08-11,SKU-0038,WH-05,22.0,828.02
TXN001302,2026-07-31,SKU-0024,WH-07,21.0,420.7
TXN000318,2026-07-16,SKU-0029,WH-08,14.0,349.4
TXN000976,2026-07-23,SKU-0002,WH-07,16.0,585.43
TXN000581,2026-08-23,SKU-0006,WH-01,27.0,649.96
TXN000355,2026-06-26,SKU-0041,WH-07,21.0,430.94
TXN001158,2026-08-12,SKU-0028,WH-08,14.0,270.77
TXN000723,2026-08-16,SKU-0012,WH-02,17.0,184.25
TXN000180,2026-07-03,SKU-0019,WH-03,17.0,161.38
TXN000244,2026-07-10,SKU-0033,WH-06,26.0,138.26
TXN001597,2026-07-20,SKU-0043,WH-04,27.0,502.61
TXN000274,2026-08-10,SKU-0013,WH-02,12.0,222.06
TXN001630,2026-08-02,SKU-0030,WH-06,19.0,558.03
TXN001722,2026-08-19,SKU-0028,WH-01,18.0,355.2
TXN000392,2026-07-13,SKU-0007,WH-03,25.0,420.01
TXN001342,2026-06-25,SKU-0017,WH-07,19.0,274.0
TXN000220,2026-08-19,SKU-0035,WH-03,25.0,908.58
TXN000234,2026-08-03,SKU-0016,WH-01,13.0,392.85
TXN000746,2026-08-11,SKU-0013,WH-02,23.0,353.06
TXN000156,2026-07-05,SKU-0035,WH-08,15.0,549.26
TXN001179,2026-07-08,SKU-0042,WH-06,29.0,223.57
TXN001343,2026-07-25,SKU-0007,WH-03,14.0,537.57
TXN001004,2026-09-01,SKU-0032,WH-06,21.0,830.2
TXN000856,2026-07-26,SKU-0032,WH-01,17.0,210.78
TXN000363,2026-07-23,SKU-0028,WH-08,18.0,658.32
TXN001000,2026-08-10,SKU-0036,WH-04,14.0,176.45
TXN001143,2026-07-29,SKU-0032,WH-06,31.0,1161.47
TXN001707,2026-06-26,SKU-0038,WH-04,14.0,369.46
TXN001247,2026-08-08,SKU-0042,WH-08,17.0,550.13
TXN000067,2026-06-26,SKU-0028,WH-05,13.0,156.45
TXN001673,2026-07-06,SKU-0039,WH-08,25.0,710.54
TXN001131,2026-07-18,SKU-0018,WH-03,14.0,48.2
TXN001325,2026-07-12,SKU-0015,WH-01,11.0,311.93
TXN001753,2026-08-05,SKU-0011,WH-06,16.0,307.86
TXN001037,2026-07-15,SKU-0022,WH-01,22.0,299.56
TXN001573,2026-06-28,SKU-0011,WH-08,19.0,689.0
TXN000393,2026-08-24,SKU-0030,WH-05,20.0,161.73
TXN001470,2026-06-27,SKU-0008,WH-06,12.0,387.27
TXN001204,2026-08-05,SKU-0023,WH-06,19.0,100.67
TXN001498,2026-08-04,SKU-0033,WH-07,20.0,321.14
TXN001026,2026-07-24,SKU-0041,WH-05,21.0,809.34
TXN001525,2026-08-30,SKU-0034,WH-01,24.0,585.78
TXN000134,2026-06-28,SKU-0022,WH-02,17.0,242.58
TXN000103,2026-09-01,SKU-0030,WH-04,15.0,347.39
TXN000009,2026-07-05,SKU-0006,WH-03,21.0,665.77
TXN001248,2026-08-30,SKU-0032,WH-07,15.0,351.25
TXN000543,2026-07-14,SKU-0008,WH-07,11.0,295.69
TXN000010,2026-07-02,SKU-0032,WH-04,15.0,519.35
TXN001008,2026-07-27,SKU-0013,WH-05,16.0,349.94
TXN000639,2026-07-18,SKU-0028,WH-08,22.0,645.36
TXN000885,2026-08-07,SKU-0028,WH-08,22.0,295.68
TXN000826,2026-08-19,SKU-0043,WH-03,15.0,301.77
TXN000766,2026-07-29,SKU-0013,WH-02,16.0,450.87
TXN001011,2026-07-15,SKU-0014,WH-02,19.0,184.63
TXN001774,2026-07-07,SKU-0023,WH-07,23.0,546.4
TXN000064,2026-07-13,SKU-0002,WH-04,17.0,208.47
TXN000616,2026-08-24,SKU-0020,WH-06,18.0,291.2
TXN000891,2026-07-31,SKU-0032,WH-03,17.0,51.31
TXN000370,2026-08-10,SKU-0041,WH-02,14.0,357.57
TXN001444,2026-07-31,SKU-0030,WH-07,20.0,478.5
TXN001488,2026-08-06,SKU-0007,WH-01,24.0,235.86
TXN001512,2026-07-20,SKU-0022,WH-06,22.0,619.13
TXN000125,2026-07-04,SKU-0017,WH-05,18.0,585.39
TXN001725,2026-08-24,SKU-0007,WH-03,18.0,254.23
TXN000407,2026-08-31,SKU-0015,WH-06,23.0,896.93
TXN001667,2026-07-13,SKU-0002,WH-05,27.0,717.27
TXN001748,2026-08-29,SKU-0009,WH-08,15.0,113.37
TXN000904,2026-08-10,SKU-0028,WH-01,18.0,111.89
TXN000968,2026-08-11,SKU-0017,WH-04,14.0,47.42
TXN000541,2026-07-26,SKU-0011,WH-01,16.0,79.79
TXN000139,2026-07-14,SKU-0045,WH-06,14.0,173.91
TXN000260,2026-08-15,SKU-0006,WH-05,18.0,432.35
TXN000473,2026-08-11,SKU-0028,WH-01,19.0,562.93
TXN000845,2026-07-03,SKU-0012,WH-01,18.0,378.32
TXN000226,2026-08-21,SKU-0030,WH-07,12.0,69.93
TXN001473,2026-08-27,SKU-0022,WH-07,15.0,533.38
TXN000692,2026-07-06,SKU-0022,WH-06,14.0,213.2
TXN000191,2026-07-18,SKU-0018,WH-05,22.0,268.31
TXN000860,2026-06-24,SKU-0023,WH-03,12.0,385.39
TXN000306,2026-08-12,SKU-0001,WH-08,23.0,761.61
TXN000985,2026-07-07,SKU-0031,WH-08,16.0,71.12
TXN001639,2026-07-22,SKU-0028,WH-03,19.0,151.4
TXN001510,2026-09-01,SKU-0027,WH-05,22.0,124.82
TXN001807,2026-08-24,SKU-0021,WH-08,18.0,113.45
TXN001658,2026-08-15,SKU-0022,WH-06,22.0,615.69
TXN001769,2026-08-06,SKU-0002,WH-01,20.0,195.6
TXN001672,2026-06-26,SKU-0038,WH-04,23.0,664.99
TXN000320,2026-07-31,SKU-0039,WH-04,15.0,151.77
TXN001493,2026-07-22,SKU-0025,WH-05,18.0,452.98
TXN001610,2026-08-22,SKU-0020,WH-04,18.0,426.61
TXN001832,2026-08-20,SKU-0042,WH-04,23.0,914.88
TXN001582,2026-07-09,SKU-0021,WH-01,17.0,146.24
TXN001653,2026-07-22,SKU-0023,WH-05,17.0,658.77
TXN001215,2026-06-28,SKU-0007,WH-02,20.0,393.58
TXN001309,2026-08-17,SKU-0009,WH-05,16.0,147.61
TXN000237,2026-08-20,SKU-0002,WH-02,14.0,41.37
TXN000785,2026-07-16,SKU-0026,WH-02,16.0,80.53
TXN001196,2026-07-04,SKU-0010,WH-07,17.0,230.41
TXN000345,2026-08-08,SKU-0036,WH-05,18.0,222.9
TXN001130,2026-07-23,SKU-0042,WH-02,15.0,406.78
TXN001279,2026-08-28,SKU-0010,WH-02,19.0,671.11
TXN001086,2026-07-17,SKU-0045,WH-03,20.0,582.06
TXN001271,2026-08-10,SKU-0043,WH-08,17.0,153.52
TXN000340,2026-08-02,SKU-0001,WH-02,28.0,823.35
TXN001014,2026-06-27,SKU-0009,WH-02,22.0,673.33
TXN000457,2026-07-28,SKU-0023,WH-08,17.0,276.06
TXN000549,2026-07-04,SKU-0039,WH-02,16.0,133.24
TXN001586,2026-08-24,SKU-0032,WH-08,20.0,252.25
TXN000300,2026-08-10,SKU-0040,WH-01,25.0,585.25
TXN001285,2026-08-12,SKU-0022,WH-01,17.0,482.12
TXN000942,2026-08-25,SKU-0010,WH-05,14.0,341.67
TXN000160,2026-06-29,SKU-0005,WH-02,13.0,345.26
TXN001637,2026-07-13,SKU-0022,WH-04,16.0,399.68
TXN000474,2026-08-23,SKU-0030,WH-06,19.0,631.09
TXN000982,2026-06-27,SKU-0012,WH-04,14.0,216.22
TXN000187,2026-08-17,SKU-0005,WH-01,20.0,649.42
TXN001446,2026-08-31,SKU-0038,WH-03,18.0,415.73
TXN000463,2026-06-30,SKU-0044,WH-02,25.0,730.45
TXN000005,2026-07-15,SKU-0036,WH-03,17.0,115.51
TXN000841,2026-08-31,SKU-0012,WH-08,20.0,728.51
TXN001550,2026-06-25,SKU-0036,WH-01,21.0,435.47
TXN000326,2026-08-16,SKU-0036,WH-07,29.0,895.65
TXN001245,2026-07-03,SKU-0015,WH-07,23.0,58.1
TXN001128,2026-08-07,SKU-0001,WH-06,13.0,312.9
TXN000136,2026-08-16,SKU-0021,WH-03,11.0,231.4
TXN001377,2026-08-05,SKU-0040,WH-03,20.0,90.63
TXN001551,2026-06-30,SKU-0034,WH-05,19.0,67.74
TXN000892,2026-08-29,SKU-0021,WH-07,17.0,109.84
TXN000059,2026-07-19,SKU-0025,WH-05,15.0,220.51
TXN000013,2026-08-09,SKU-0020,WH-04,19.0,283.74
TXN000945,2026-08-24,SKU-0027,WH-07,20.0,662.24
TXN000387,2026-08-04,SKU-0038,WH-01,25.0,737.63
TXN001129,2026-07-14,SKU-0034,WH-03,22.0,648.08
TXN001237,2026-08-11,SKU-0042,WH-05,18.0,307.25
TXN000026,2026-07-10,SKU-0042,WH-04,20.0,452.05
TXN000603,2026-08-17,SKU-0043,WH-01,17.0,224.69
TXN000842,2026-07-04,SKU-0036,WH-02,14.0,366.35
TXN000322,2026-07-08,SKU-0016,WH-01,16.0,72.0
TXN001399,2026-07-21,SKU-0004,WH-05,15.0,270.37
TXN001651,2026-06-27,SKU-0037,WH-02,24.0,355.56
TXN000866,2026-07-21,SKU-0019,WH-06,16.0,366.76
TXN000970,2026-08-06,SKU-0018,WH-02,16.0,474.99
TXN001353,2026-08-23,SKU-0006,WH-08,13.0,213.25
TXN001483,2026-08-16,SKU-0042,WH-04,18.0,286.04
TXN001818,2026-08-06,SKU-0015,WH-07,17.0,182.86
TXN000295,2026-07-02,SKU-0015,WH-02,16.0,121.03
TXN000554,2026-08-13,SKU-0017,WH-04,7.0,75.59
TXN000256,2026-08-24,SKU-0013,WH-01,13.0,320.02
TXN000560,2026-06-28,SKU-0021,WH-02,28.0,853.59
TXN000830,2026-07-04,SKU-0002,WH-04,18.0,518.96
TXN001692,2026-07-14,SKU-0036,WH-04,16.0,537.21
TXN000880,2026-07-04,SKU-0033,WH-08,18.0,382.06
TXN000455,2026-07-30,SKU-0011,WH-01,19.0,709.72
TXN000307,2026-08-30,SKU-0018,WH-05,20.0,422.42
TXN000072,2026-08-27,SKU-0043,WH-05,22.0,132.61
TXN001454,2026-08-04,SKU-0029,WH-04,13.0,328.43
TXN001845,2026-07-25,SKU-0042,WH-04,20.0,493.19
TXN000680,2026-07-03,SKU-0029,WH-04,17.0,211.67
TXN001036,2026-06-25,SKU-0003,WH-04,16.0,461.26
TXN000367,2026-08-12,SKU-0045,WH-01,18.0,522.12
TXN000953,2026-08-02,SKU-0024,WH-04,17.0,502.39
TXN001615,2026-08-30,SKU-0006,WH-05,14.0,255.0
TXN000694,2026-08-01,SKU-0045,WH-05,14.0,457.28
TXN000929,2026-08-01,SKU-0034,WH-06,23.0,461.1
TXN001410,2026-08-17,SKU-0036,WH-05,16.0,56.55
TXN001307,2026-07-09,SKU-0039,WH-05,21.0,229.97
TXN000909,2026-08-02,SKU-0045,WH-07,17.0,546.26
TXN001152,2026-08-17,SKU-0010,WH-05,23.0,264.47
TXN001682,2026-08-30,SKU-0037,WH-04,18.0,91.52
TXN001029,2026-06-28,SKU-0044,WH-02,22.0,227.59
TXN000466,2026-06-28,SKU-0027,WH-03,16.0,561.91
TXN001440,2026-07-06,SKU-0036,WH-08,10.0,368.2
TXN001047,2026-07-18,SKU-0043,WH-01,19.0,53.3
TXN001035,2026-08-26,SKU-0019,WH-05,18.0,188.86
TXN000776,2026-08-13,SKU-0038,WH-02,12.0,104.74
TXN000568,2026-06-30,SKU-0015,WH-04,24.0,535.04
TXN001203,2026-07-03,SKU-0016,WH-03,12.0,304.45
TXN000084,2026-07-19,SKU-0038,WH-04,25.0,383.5
TXN001094,2026-08-16,SKU-0038,WH-01,20.0,423.88
TXN000755,2026-07-11,SKU-0034,WH-03,17.0,565.8
TXN001437,2026-07-13,SKU-0014,WH-02,19.0,756.61
TXN001104,2026-08-30,SKU-0006,WH-04,14.0,501.88
TXN000388,2026-08-01,SKU-0028,WH-04,21.0,680.93
TXN000731,2026-08-18,SKU-0023,WH-01,9.0,269.05
TXN000172,2026-08-30,SKU-0018,WH-06,23.0,856.75
TXN001114,2026-06-27,SKU-0031,WH-04,28.0,967.07
TXN000530,2026-08-08,SKU-0022,WH-01,19.0,628.85
TXN001840,2026-07-03,SKU-0024,WH-03,14.0,494.93
TXN001289,2026-08-06,SKU-0039,WH-03,16.0,59.3
TXN001290,2026-08-28,SKU-0022,WH-06,22.0,280.91
TXN000374,2026-07-03,SKU-0021,WH-04,21.0,68.87
TXN001081,2026-06-25,SKU-0042,WH-06,21.0,419.7
TXN000937,2026-08-01,SKU-0031,WH-05,25.0,816.88
TXN001686,2026-08-15,SKU-0013,WH-05,18.0,372.69
TXN000670,2026-08-01,SKU-0031,WH-06,25.0,863.35
TXN000032,2026-07-05,SKU-0006,WH-07,11.0,346.91
TXN000127,2026-08-19,SKU-0035,WH-02,14.0,307.76
TXN000354,2026-06-30,SKU-0022,WH-05,25.0,662.85
TXN000164,2026-07-16,SKU-0009,WH-04,23.0,712.43
TXN001259,2026-08-29,SKU-0002,WH-06,19.0,698.56
TXN000492,2026-08-04,SKU-0008,WH-05,15.0,121.47
TXN000472,2026-07-16,SKU-0016,WH-02,15.0,473.78
TXN001568,2026-08-16,SKU-0001,WH-05,23.0,410.86
TXN001811,2026-06-24,SKU-0032,WH-06,16.0,516.34
TXN000089,2026-07-19,SKU-0019,WH-06,17.0,468.02
TXN001208,2026-08-22,SKU-0018,WH-03,24.0,923.22
TXN000097,2026-08-28,SKU-0030,WH-07,18.0,704.25
TXN001023,2026-08-24,SKU-0016,WH-06,14.0,63.85
TXN001584,2026-07-16,SKU-0014,WH-04,16.0,285.61
TXN000449,2026-08-31,SKU-0002,WH-05,15.0,230.8
TXN000550,2026-08-26,SKU-0013,WH-02,13.0,269.2
TXN001149,2026-08-25,SKU-0043,WH-02,18.0,472.9
TXN000218,2026-07-07,SKU-0029,WH-01,27.0,121.49
TXN000178,2026-07-01,SKU-0007,WH-05,23.0,901.06
TXN000433,2026-09-01,SKU-0022,WH-03,15.0,161.74
TXN000567,2026-08-18,SKU-0044,WH-06,14.0,44.45
TXN000741,2026-07-28,SKU-0020,WH-04,12.0,82.67
TXN001195,2026-07-11,SKU-0009,WH-02,17.0,570.94
TXN000483,2026-08-30,SKU-0028,WH-08,13.0,63.47
TXN001389,2026-08-13,SKU-0014,WH-05,20.0,312.03
TXN000780,2026-08-06,SKU-0022,WH-04,19.0,174.09
TXN000853,2026-07-29,SKU-0008,WH-01,21.0,229.48
TXN001085,2026-06-24,SKU-0022,WH-03,13.0,361.41
TXN000782,2026-08-18,SKU-0040,WH-08,28.0,137.4
TXN001351,2026-08-24,SKU-0038,WH-01,15.0,163.7
TXN001296,2026-08-29,SKU-0020,WH-01,22.0,80.99
TXN001447,2026-07-22,SKU-0044,WH-05,17.0,489.56
TXN001348,2026-07-29,SKU-0021,WH-02,16.0,616.88
TXN000673,2026-08-06,SKU-0042,WH-08,22.0,301.9
TXN001789,2026-07-17,SKU-0040,WH-04,13.0,82.31
TXN000686,2026-08-05,SKU-0005,WH-03,17.0,562.85
TXN001427,2026-08-23,SKU-0031,WH-06,18.0,119.33
TXN001577,2026-08-19,SKU-0024,WH-06,23.0,496.33
TXN000817,2026-07-25,SKU-0007,WH-06,12.0,471.63
TXN000752,2026-08-16,SKU-0014,WH-01,21.0,370.81
TXN000121,2026-09-01,SKU-0038,WH-01,13.0,309.13
TXN001156,2026-08-06,SKU-0022,WH-06,17.0,554.19
TXN001040,2026-06-26,SKU-0033,WH-01,18.0,484.88
TXN001766,2026-08-25,SKU-0008,WH-04,15.0,134.73
TXN000855,2026-08-08,SKU-0020,WH-05,18.0,618.56
TXN000038,2026-08-19,SKU-0013,WH-01,19.0,77.67
TXN000031,2026-07-30,SKU-0008,WH-05,19.0,419.88
TXN001304,2026-08-14,SKU-0013,WH-01,20.0,377.17
TXN000106,2026-08-21,SKU-0022,WH-08,14.0,391.75
TXN000710,2026-07-10,SKU-0038,WH-04,21.0,54.28
TXN000069,2026-08-18,SKU-0033,WH-06,21.0,753.39
TXN001678,2026-08-13,SKU-0019,WH-02,23.0,599.2
TXN001119,2026-07-26,SKU-0035,WH-07,22.0,671.51
TXN001647,2026-07-07,SKU-0044,WH-04,17.0,636.03
TXN001127,2026-06-28,SKU-0005,WH-04,20.0,784.56
TXN001098,2026-07-25,SKU-0023,WH-07,17.0,315.59
TXN001696,2026-07-25,SKU-0005,WH-01,22.0,338.35
TXN000265,2026-08-25,SKU-0034,WH-03,18.0,140.37
TXN001016,2026-07-06,SKU-0023,WH-01,23.0,348.04
TXN001134,2026-07-05,SKU-0012,WH-03,12.0,447.87
TXN000504,2026-08-22,SKU-0038,WH-04,10.0,359.51
TXN000276,2026-07-14,SKU-0016,WH-02,19.0,180.12
TXN000809,2026-07-24,SKU-0039,WH-02,28.0,365.89
TXN000339,2026-08-01,SKU-0013,WH-03,15.0,245.98
TXN001406,2026-07-02,SKU-0010,WH-05,18.0,269.18
TXN000185,2026-08-27,SKU-0016,WH-08,16.0,161.27
TXN000798,2026-07-03,SKU-0023,WH-01,5.0,34.68
TXN000930,2026-07-11,SKU-0018,WH-03,10.0,98.87
TXN000744,2026-08-02,SKU-0036,WH-08,18.0,608.15
TXN000978,2026-07-10,SKU-0031,WH-05,17.0,317.13
TXN001694,2026-06-27,SKU-0003,WH-02,14.0,433.38
TXN000061,2026-07-16,SKU-0041,WH-06,22.0,139.06
TXN000797,2026-08-26,SKU-0038,WH-02,16.0,541.67
TXN001507,2026-07-29,SKU-0005,WH-01,23.0,436.1
TXN001609,2026-08-29,SKU-0014,WH-06,26.0,609.28
TXN000193,2026-08-25,SKU-0027,WH-01,27.0,525.61
TXN000033,2026-08-18,SKU-0024,WH-03,13.0,245.98
TXN000800,2026-07-08,SKU-0010,WH-05,23.0,347.7
TXN000057,2026-08-10,SKU-0016,WH-06,17.0,678.46
TXN000938,2026-08-27,SKU-0020,WH-03,16.0,348.71
TXN001709,2026-07-14,SKU-0032,WH-05,17.0,381.08
TXN000358,2026-08-12,SKU-0030,WH-04,17.0,301.71
TXN001069,2026-07-18,SKU-0028,WH-04,19.0,293.11
TXN001666,2026-07-03,SKU-0017,WH-02,18.0,408.59
TXN000291,2026-06-25,SKU-0004,WH-01,15.0,435.57
TXN000046,2026-08-15,SKU-0042,WH-04,18.0,609.51
TXN000923,2026-08-28,SKU-0029,WH-02,19.0,604.7
TXN000277,2026-06-24,SKU-0045,WH-07,29.0,725.88
TXN001727,2026-08-26,SKU-0024,WH-03,17.0,319.75
TXN000224,2026-07-27,SKU-0033,WH-01,21.0,540.68
TXN000864,2026-07-10,SKU-0045,WH-06,23.0,826.63
TXN000381,2026-08-06,SKU-0018,WH-07,23.0,108.31
TXN001357,2026-07-19,SKU-0005,WH-06,19.0,730.66
TXN000364,2026-07-04,SKU-0001,WH-03,18.0,582.1
TXN001788,2026-07-09,SKU-0016,WH-03,13.0,118.66
TXN001024,2026-07-10,SKU-0042,WH-06,19.0,89.89
TXN000773,2026-07-26,SKU-0014,WH-07,21.0,781.22
TXN001244,2026-08-24,SKU-0002,WH-03,17.0,208.95
TXN000867,2026-06-29,SKU-0037,WH-03,13.0,141.55
TXN000028,2026-07-03,SKU-0043,WH-07,25.0,564.47
TXN000294,2026-08-25,SKU-0024,WH-01,18.0,369.41
TXN001185,2026-08-25,SKU-0036,WH-05,13.0,194.57
TXN000980,2026-07-22,SKU-0022,WH-07,16.0,406.57
TXN001461,2026-07-02,SKU-0007,WH-05,15.0,466.97
TXN001363,2026-08-11,SKU-0027,WH-02,15.0,261.81
TXN000116,2026-08-03,SKU-0006,WH-03,22.0,865.27
TXN001741,2026-08-01,SKU-0030,WH-08,10.0,374.09
TXN001509,2026-07-31,SKU-0045,WH-06,29.0,239.21
TXN000247,2026-07-06,SKU-0020,WH-03,25.0,113.18
TXN000665,2026-06-25,SKU-0033,WH-05,14.0,421.17
TXN001779,2026-07-15,SKU-0030,WH-08,26.0,875.55
TXN001394,2026-07-11,SKU-0036,WH-03,19.0,587.29
TXN000092,2026-08-12,SKU-0044,WH-08,17.0,247.91
TXN000114,2026-08-28,SKU-0042,WH-06,23.0,62.22
TXN000254,2026-08-24,SKU-0026,WH-08,14.0,236.57
TXN000429,2026-08-15,SKU-0002,WH-07,21.0,120.81
TXN000588,2026-08-04,SKU-0034,WH-02,20.0,69.28
TXN001503,2026-08-17,SKU-0011,WH-07,24.0,845.48
TXN000118,2026-08-06,SKU-0006,WH-06,19.0,419.6
TXN001344,2026-08-07,SKU-0018,WH-02,21.0,565.72
TXN001756,2026-07-01,SKU-0002,WH-05,12.0,128.68
TXN001226,2026-08-26,SKU-0041,WH-08,19.0,310.5
TXN000775,2026-08-09,SKU-0033,WH-02,19.0,657.82
TXN000552,2026-07-23,SKU-0008,WH-01,13.0,502.22
TXN001113,2026-08-12,SKU-0011,WH-06,20.0,58.51
TXN001216,2026-08-18,SKU-0009,WH-05,28.0,197.16
TXN001613,2026-08-20,SKU-0012,WH-04,16.0,525.42
TXN001276,2026-06-29,SKU-0029,WH-06,15.0,147.03
TXN000651,2026-08-09,SKU-0003,WH-02,15.0,305.66
TXN001170,2026-08-10,SKU-0039,WH-07,13.0,392.02
TXN001142,2026-08-08,SKU-0034,WH-03,17.0,156.93
TXN001804,2026-06-29,SKU-0001,WH-08,19.0,453.1
TXN000533,2026-07-08,SKU-0020,WH-02,17.0,676.23
TXN000862,2026-07-15,SKU-0041,WH-05,14.0,528.44
TXN001371,2026-08-23,SKU-0006,WH-02,18.0,419.28
TXN001336,2026-07-01,SKU-0020,WH-06,17.0,561.86
TXN001293,2026-08-10,SKU-0045,WH-06,19.0,110.82
TXN001812,2026-08-12,SKU-0004,WH-01,27.0,1034.12
TXN000014,2026-08-28,SKU-0007,WH-05,19.0,247.88
TXN001106,2026-07-02,SKU-0037,WH-04,20.0,387.15
TXN001574,2026-08-18,SKU-0040,WH-01,18.0,168.4
TXN000600,2026-08-26,SKU-0003,WH-08,16.0,252.95
TXN000875,2026-08-05,SKU-0036,WH-03,20.0,318.26
TXN001398,2026-07-22,SKU-0036,WH-01,33.0,226.48
TXN001133,2026-08-08,SKU-0033,WH-06,24.0,582.86
TXN000371,2026-07-01,SKU-0010,WH-06,21.0,141.87
TXN000271,2026-08-05,SKU-0021,WH-04,17.0,291.3
TXN000605,2026-08-30,SKU-0012,WH-01,13.0,511.9
TXN000214,2026-08-17,SKU-0005,WH-01,18.0,106.03
TXN000344,2026-08-20,SKU-0010,WH-04,23.0,236.34
TXN000838,2026-07-26,SKU-0005,WH-06,12.0,294.06
TXN000147,2026-08-18,SKU-0035,WH-02,20.0,646.42
TXN001412,2026-07-24,SKU-0041,WH-03,21.0,829.96
TXN001223,2026-08-10,SKU-0023,WH-06,20.0,522.4
TXN000342,2026-08-22,SKU-0019,WH-01,12.0,394.63
TXN000747,2026-07-06,SKU-0010,WH-01,24.0,765.61
TXN000173,2026-08-09,SKU-0039,WH-06,10.0,131.92
TXN001530,2026-07-16,SKU-0001,WH-05,22.0,102.29
TXN000052,2026-08-19,SKU-0040,WH-05,12.0,278.9
TXN001314,2026-06-28,SKU-0041,WH-04,18.0,183.08
TXN001796,2026-07-27,SKU-0003,WH-04,17.0,255.75
TXN000095,2026-07-14,SKU-0036,WH-04,23.0,157.29
TXN000261,2026-07-12,SKU-0037,WH-04,20.0,706.32
TXN001501,2026-08-08,SKU-0019,WH-03,15.0,406.9
TXN000179,2026-08-29,SKU-0023,WH-07,11.0,234.75
TXN001126,2026-08-12,SKU-0010,WH-04,21.0,268.27
TXN001772,2026-07-15,SKU-0024,WH-01,28.0,736.61
TXN000184,2026-07-18,SKU-0004,WH-01,15.0,172.64
TXN000467,2026-08-22,SKU-0019,WH-07,21.0,192.51
TXN000071,2026-09-01,SKU-0027,WH-01,15.0,260.34
TXN001169,2026-08-29,SKU-0009,WH-05,26.0,356.02
TXN001533,2026-07-14,SKU-0016,WH-02,18.0,150.99
TXN001207,2026-07-05,SKU-0028,WH-08,21.0,677.79
TXN000029,2026-06-29,SKU-0008,WH-03,14.0,104.35
TXN000796,2026-08-23,SKU-0026,WH-07,20.0,611.44
TXN001063,2026-07-30,SKU-0035,WH-02,14.0,430.74
TXN000932,2026-08-07,SKU-0040,WH-07,16.0,502.73
TXN000658,2026-07-02,SKU-0032,WH-03,21.0,179.7
TXN000394,2026-07-08,SKU-0030,WH-08,13.0,516.05
TXN001076,2026-07-26,SKU-0034,WH-05,17.0,430.65
TXN000988,2026-08-22,SKU-0008,WH-01,16.0,90.8
TXN001645,2026-07-19,SKU-0004,WH-04,26.0,683.94
TXN001329,2026-06-24,SKU-0019,WH-06,22.0,301.55
TXN000989,2026-08-29,SKU-0042,WH-02,18.0,242.4
TXN000677,2026-08-11,SKU-0036,WH-04,19.0,699.42
TXN001308,2026-07-15,SKU-0039,WH-02,21.0,416.16
TXN000822,2026-07-11,SKU-0033,WH-01,25.0,104.69
TXN000963,2026-07-02,SKU-0036,WH-07,18.0,454.48
TXN001033,2026-07-04,SKU-0045,WH-08,16.0,348.42
TXN001554,2026-07-22,SKU-0004,WH-08,18.0,258.25
TXN000939,2026-07-21,SKU-0003,WH-04,11.0,237.55
TXN001054,2026-08-18,SKU-0019,WH-02,19.0,756.71
TXN000691,2026-06-25,SKU-0039,WH-05,17.0,197.55
TXN001511,2026-08-06,SKU-0015,WH-08,14.0,468.98
TXN000334,2026-07-08,SKU-0026,WH-08,10.0,185.43
TXN000873,2026-08-12,SKU-0038,WH-08,17.0,204.48
TXN000805,2026-07-16,SKU-0017,WH-05,12.0,71.88
TXN000007,2026-08-02,SKU-0030,WH-04,19.0,337.05
TXN000517,2026-07-30,SKU-0022,WH-08,14.0,177.14
TXN000197,2026-07-31,SKU-0037,WH-08,11.0,337.5
TXN000296,2026-07-19,SKU-0033,WH-05,15.0,350.72
TXN001575,2026-08-02,SKU-0013,WH-01,14.0,237.45
TXN000122,2026-08-30,SKU-0009,WH-07,27.0,620.0
TXN000378,2026-08-28,SKU-0041,WH-02,19.0,100.88
TXN001062,2026-08-19,SKU-0027,WH-04,17.0,95.31
TXN000162,2026-08-22,SKU-0042,WH-04,14.0,194.18
TXN001186,2026-07-09,SKU-0007,WH-06,25.0,540.6
TXN001091,2026-08-27,SKU-0007,WH-03,21.0,575.66
TXN000124,2026-07-21,SKU-0008,WH-03,14.0,548.03
TXN000551,2026-08-02,SKU-0037,WH-08,14.0,255.89
TXN000915,2026-07-24,SKU-0029,WH-04,23.0,897.81
TXN000958,2026-07-13,SKU-0044,WH-07,30.0,281.12
TXN001599,2026-08-07,SKU-0018,WH-02,19.0,708.7
TXN001650,2026-08-22,SKU-0006,WH-02,20.0,561.62
TXN000611,2026-08-06,SKU-0017,WH-04,18.0,367.42
TXN000287,2026-06-29,SKU-0029,WH-02,21.0,433.23
TXN000956,2026-08-02,SKU-0024,WH-02,17.0,256.24
TXN000564,2026-08-22,SKU-0029,WH-03,15.0,297.84
TXN001413,2026-07-05,SKU-0019,WH-01,9.0,100.87
TXN000356,2026-07-24,SKU-0043,WH-04,20.0,671.15
TXN001341,2026-08-30,SKU-0029,WH-04,24.0,573.56
TXN000352,2026-06-30,SKU-0007,WH-07,13.0,116.53
TXN000836,2026-08-13,SKU-0035,WH-02,17.0,220.63
TXN000946,2026-08-31,SKU-0007,WH-05,16.0,495.6
TXN000667,2026-06-26,SKU-0043,WH-04,14.0,439.93
TXN000886,2026-06-25,SKU-0033,WH-03,16.0,466.74
TXN001284,2026-07-15,SKU-0039,WH-07,21.0,779.0
TXN001565,2026-07-07,SKU-0014,WH-07,16.0,156.06
TXN000333,2026-07-03,SKU-0013,WH-01,15.0,126.06
TXN000721,2026-07-15,SKU-0004,WH-05,22.0,268.92
TXN000373,2026-07-06,SKU-0033,WH-04,22.0,372.05
TXN000590,2026-08-28,SKU-0033,WH-03,22.0,751.93
TXN000312,2026-07-26,SKU-0042,WH-05,20.0,427.95
TXN000042,2026-07-22,SKU-0026,WH-03,21.0,301.52
TXN001450,2026-08-31,SKU-0014,WH-03,18.0,357.58
TXN001594,2026-07-12,SKU-0032,WH-08,25.0,244.89
TXN000971,2026-08-02,SKU-0017,WH-08,25.0,507.26
TXN001636,2026-07-11,SKU-0027,WH-05,16.0,249.31
TXN000522,2026-07-08,SKU-0025,WH-07,13.0,462.18
TXN000762,2026-07-28,SKU-0020,WH-06,17.0,233.09
TXN001588,2026-08-04,SKU-0037,WH-02,16.0,387.7
TXN001732,2026-07-12,SKU-0038,WH-07,19.0,174.79
TXN001403,2026-07-21,SKU-0009,WH-01,18.0,224.11
TXN000704,2026-08-11,SKU-0008,WH-08,16.0,398.37
TXN001780,2026-06-26,SKU-0029,WH-08,18.0,531.24
TXN001469,2026-07-24,SKU-0035,WH-04,19.0,229.61
TXN000944,2026-08-26,SKU-0045,WH-07,20.0,776.74
TXN001633,2026-08-28,SKU-0041,WH-02,26.0,856.86
TXN000360,2026-08-14,SKU-0038,WH-05,13.0,320.65
TXN001018,2026-07-16,SKU-0029,WH-01,17.0,599.48
TXN000524,2026-07-03,SKU-0037,WH-06,19.0,629.81
TXN000272,2026-08-12,SKU-0014,WH-07,20.0,190.02
TXN000519,2026-08-17,SKU-0038,WH-03,21.0,554.22
TXN000814,2026-06-27,SKU-0026,WH-04,11.0,338.37
TXN000818,2026-06-29,SKU-0001,WH-03,22.0,708.95
TXN001401,2026-07-05,SKU-0013,WH-08,18.0,610.23
TXN001763,2026-08-12,SKU-0025,WH-02,20.0,257.14
TXN001606,2026-08-21,SKU-0030,WH-02,15.0,396.31
TXN001121,2026-08-27,SKU-0006,WH-08,21.0,491.21
TXN000379,2026-08-26,SKU-0024,WH-08,20.0,797.98
TXN000203,2026-07-04,SKU-0015,WH-04,13.0,455.77
TXN000343,2026-07-30,SKU-0032,WH-05,18.0,305.8
TXN001602,2026-08-14,SKU-0025,WH-08,21.0,832.52
TXN000518,2026-08-12,SKU-0044,WH-01,19.0,227.37
TXN001661,2026-07-22,SKU-0021,WH-08,13.0,55.54
TXN001261,2026-07-31,SKU-0041,WH-06,16.0,366.14
TXN001846,2026-06-27,SKU-0009,WH-08,20.0,172.08
TXN001424,2026-08-06,SKU-0033,WH-08,19.0,196.06
TXN000917,2026-08-08,SKU-0024,WH-08,26.0,817.72
TXN000232,2026-08-18,SKU-0026,WH-04,12.0,208.45
TXN000794,2026-08-11,SKU-0030,WH-07,14.0,327.63
TXN001757,2026-07-28,SKU-0042,WH-02,19.0,95.3
TXN001122,2026-07-22,SKU-0015,WH-07,26.0,331.87
TXN000514,2026-08-24,SKU-0035,WH-06,10.0,53.01
TXN000511,2026-08-28,SKU-0024,WH-08,14.0,323.22
TXN000112,2026-06-28,SKU-0024,WH-04,13.0,137.09
TXN000217,2026-07-29,SKU-0044,WH-08,17.0,605.84
TXN001384,2026-07-24,SKU-0024,WH-05,26.0,286.87
TXN000934,2026-08-03,SKU-0003,WH-06,20.0,729.85
TXN001042,2026-08-23,SKU-0003,WH-07,17.0,157.87
TXN001192,2026-08-08,SKU-0002,WH-08,17.0,186.12
TXN001601,2026-08-07,SKU-0018,WH-05,22.0,63.86
TXN001316,2026-08-21,SKU-0039,WH-05,19.0,343.58
TXN001737,2026-07-12,SKU-0042,WH-05,21.0,694.59
TXN001464,2026-07-16,SKU-0021,WH-01,25.0,338.65
TXN000540,2026-08-28,SKU-0028,WH-05,16.0,286.95
TXN000328,2026-07-11,SKU-0012,WH-02,24.0,136.37
TXN000848,2026-07-08,SKU-0025,WH-02,20.0,234.32
TXN001655,2026-06-29,SKU-0034,WH-03,15.0,171.69
TXN001810,2026-08-01,SKU-0006,WH-06,14.0,206.35
TXN000093,2026-08-05,SKU-0042,WH-04,25.0,760.93
TXN000213,2026-08-29,SKU-0026,WH-07,19.0,560.65
TXN000770,2026-08-17,SKU-0036,WH-04,15.0,322.12
TXN000337,2026-06-26,SKU-0041,WH-08,21.0,275.6
TXN001449,2026-06-28,SKU-0029,WH-07,20.0,161.6
TXN000803,2026-09-01,SKU-0002,WH-02,25.0,245.39
TXN000212,2026-08-27,SKU-0009,WH-06,19.0,586.24
TXN000618,2026-07-14,SKU-0038,WH-05,22.0,636.76
TXN001139,2026-06-24,SKU-0007,WH-05,20.0,740.52
TXN001168,2026-06-27,SKU-0042,WH-07,26.0,687.22
TXN001136,2026-08-02,SKU-0007,WH-05,21.0,93.66
TXN000105,2026-07-12,SKU-0031,WH-06,10.0,360.44
TXN000362,2026-08-26,SKU-0035,WH-03,15.0,216.37
TXN000850,2026-08-30,SKU-0024,WH-02,16.0,122.19
TXN000758,2026-08-31,SKU-0032,WH-05,22.0,663.04
TXN001465,2026-06-29,SKU-0002,WH-01,15.0,152.88
TXN001375,2026-07-01,SKU-0022,WH-04,19.0,546.44
TXN000249,2026-08-14,SKU-0003,WH-05,22.0,257.42
TXN000476,2026-07-23,SKU-0010,WH-02,23.0,733.19
TXN001474,2026-08-25,SKU-0041,WH-04,26.0,535.57
TXN001430,2026-07-25,SKU-0017,WH-04,16.0,537.98
TXN001781,2026-07-20,SKU-0017,WH-08,12.0,323.88
TXN001188,2026-07-14,SKU-0010,WH-07,21.0,629.22
TXN000781,2026-08-17,SKU-0002,WH-01,27.0,869.88
TXN000454,2026-08-05,SKU-0002,WH-05,17.0,665.07
TXN001200,2026-08-23,SKU-0028,WH-04,16.0,635.17
TXN001107,2026-07-05,SKU-0040,WH-08,14.0,104.8
TXN000230,2026-08-02,SKU-0021,WH-02,14.0,411.23
TXN001319,2026-08-05,SKU-0021,WH-04,18.0,439.0
TXN000652,2026-08-11,SKU-0006,WH-05,16.0,205.68
TXN001805,2026-08-23,SKU-0042,WH-06,21.0,620.82
TXN001747,2026-07-26,SKU-0001,WH-02,19.0,575.93
TXN001824,2026-08-10,SKU-0004,WH-04,23.0,77.02
TXN000410,2026-08-22,SKU-0003,WH-03,13.0,32.95
TXN001730,2026-08-29,SKU-0004,WH-07,21.0,572.13
TXN001151,2026-08-07,SKU-0015,WH-03,22.0,422.86
TXN000338,2026-07-29,SKU-0010,WH-03,22.0,122.19
TXN001025,2026-08-16,SKU-0036,WH-06,23.0,565.72
TXN000043,2026-08-30,SKU-0037,WH-05,18.0,257.25
TXN000539,2026-07-31,SKU-0007,WH-04,19.0,642.55
TXN000601,2026-07-30,SKU-0030,WH-05,18.0,556.82
TXN001332,2026-08-16,SKU-0011,WH-01,12.0,271.55
TXN000965,2026-07-28,SKU-0044,WH-07,17.0,209.17
TXN001734,2026-06-28,SKU-0018,WH-04,22.0,859.81
TXN001434,2026-07-15,SKU-0012,WH-03,13.0,472.0
TXN000171,2026-08-01,SKU-0042,WH-03,21.0,225.42
TXN000417,2026-07-14,SKU-0009,WH-01,16.0,129.17
TXN000837,2026-08-04,SKU-0032,WH-05,15.0,342.76
TXN001563,2026-07-08,SKU-0023,WH-03,19.0,334.87
TXN000806,2026-07-20,SKU-0043,WH-02,14.0,238.48
TXN000882,2026-08-30,SKU-0026,WH-01,22.0,448.19
TXN001484,2026-07-19,SKU-0036,WH-06,22.0,703.6
TXN001751,2026-07-29,SKU-0031,WH-03,15.0,174.76
TXN000637,2026-07-12,SKU-0024,WH-03,15.0,485.24
TXN000423,2026-08-08,SKU-0014,WH-05,24.0,183.15
TXN000727,2026-08-26,SKU-0045,WH-03,17.0,655.1
TXN000967,2026-07-01,SKU-0014,WH-06,17.0,233.23
TXN001339,2026-07-02,SKU-0003,WH-01,19.0,288.75
TXN000376,2026-07-29,SKU-0042,WH-07,18.0,580.33
TXN001771,2026-09-01,SKU-0036,WH-06,22.0,447.84
TXN000438,2026-07-19,SKU-0027,WH-01,22.0,242.94
TXN001616,2026-07-15,SKU-0027,WH-01,19.0,719.29
TXN001516,2026-07-22,SKU-0027,WH-01,12.0,258.6
TXN001703,2026-08-03,SKU-0015,WH-08,17.0,675.95
TXN000981,2026-08-30,SKU-0007,WH-06,16.0,230.38
TXN000954,2026-08-22,SKU-0045,WH-07,18.0,152.64
TXN001693,2026-07-02,SKU-0018,WH-02,25.0,795.61
TXN001433,2026-07-28,SKU-0027,WH-08,17.0,662.29
TXN000717,2026-07-04,SKU-0034,WH-03,10.0,374.33
TXN000526,2026-08-25,SKU-0022,WH-01,16.0,313.44
TXN001744,2026-06-25,SKU-0026,WH-02,23.0,104.15
TXN000583,2026-07-24,SKU-0012,WH-06,23.0,655.19
TXN000975,2026-08-05,SKU-0033,WH-03,14.0,171.46
TXN001232,2026-07-17,SKU-0044,WH-07,16.0,107.93
TXN000440,2026-07-19,SKU-0015,WH-01,20.0,704.6
TXN001155,2026-06-28,SKU-0010,WH-05,11.0,190.21
TXN001587,2026-07-23,SKU-0041,WH-03,18.0,168.82
TXN000123,2026-07-25,SKU-0039,WH-04,16.0,86.46
TXN000879,2026-08-04,SKU-0014,WH-04,19.0,682.54
TXN001075,2026-07-02,SKU-0004,WH-01,19.0,256.1
TXN000732,2026-07-21,SKU-0026,WH-01,16.0,603.79
TXN001299,2026-07-26,SKU-0021,WH-07,21.0,407.57
TXN000784,2026-08-14,SKU-0027,WH-02,17.0,423.39
TXN001366,2026-06-25,SKU-0043,WH-02,19.0,456.03
TXN001280,2026-08-30,SKU-0042,WH-07,12.0,157.65
TXN000182,2026-07-12,SKU-0002,WH-02,16.0,114.36
TXN000617,2026-08-13,SKU-0005,WH-06,19.0,473.32
TXN001324,2026-07-31,SKU-0025,WH-06,26.0,472.62
TXN000690,2026-06-27,SKU-0035,WH-01,15.0,250.65
TXN000240,2026-07-26,SKU-0036,WH-04,14.0,52.29
TXN001254,2026-07-23,SKU-0023,WH-03,14.0,525.05
TXN001350,2026-08-04,SKU-0023,WH-03,14.0,91.9
TXN000465,2026-06-30,SKU-0030,WH-04,15.0,530.15
TXN001191,2026-08-07,SKU-0020,WH-03,15.0,596.99
TXN000145,2026-07-31,SKU-0005,WH-03,21.0,791.58
TXN000206,2026-07-14,SKU-0005,WH-04,20.0,363.93
TXN001524,2026-08-25,SKU-0040,WH-02,21.0,729.85
TXN000657,2026-07-16,SKU-0010,WH-05,11.0,372.17
TXN000714,2026-08-21,SKU-0041,WH-08,19.0,553.11
TXN001733,2026-07-31,SKU-0024,WH-01,15.0,204.85
TXN001778,2026-07-30,SKU-0010,WH-08,29.0,541.61
TXN000079,2026-07-14,SKU-0012,WH-01,19.0,312.02
TXN001710,2026-07-09,SKU-0024,WH-06,15.0,531.78
TXN001695,2026-08-16,SKU-0004,WH-04,12.0,97.21
TXN000687,2026-06-24,SKU-0026,WH-03,23.0,789.53
TXN000166,2026-06-28,SKU-0041,WH-05,19.0,517.74
TXN000229,2026-07-04,SKU-0033,WH-04,16.0,89.46
TXN000740,2026-08-14,SKU-0003,WH-01,22.0,711.8
TXN000100,2026-07-17,SKU-0002,WH-02,18.0,311.28
TXN000290,2026-08-27,SKU-0010,WH-01,19.0,715.05
TXN000444,2026-08-16,SKU-0010,WH-01,21.0,451.4
TXN000878,2026-08-25,SKU-0028,WH-05,21.0,303.61
TXN001077,2026-06-24,SKU-0036,WH-01,17.0,445.08
TXN000739,2026-06-30,SKU-0019,WH-04,13.0,205.46
TXN000391,2026-06-24,SKU-0002,WH-03,23.0,546.85
TXN000086,2026-08-18,SKU-0023,WH-06,25.0,494.78
TXN001202,2026-07-06,SKU-0007,WH-06,22.0,359.02
TXN000666,2026-07-15,SKU-0031,WH-01,21.0,582.04
TXN001275,2026-08-27,SKU-0020,WH-08,19.0,425.04
TXN001523,2026-08-07,SKU-0015,WH-08,16.0,349.26
TXN001690,2026-08-14,SKU-0044,WH-01,26.0,254.66
TXN000475,2026-07-23,SKU-0011,WH-08,16.0,58.13
TXN000044,2026-08-23,SKU-0037,WH-07,15.0,214.07
TXN000788,2026-08-28,SKU-0032,WH-01,21.0,146.8
TXN001002,2026-08-25,SKU-0036,WH-03,12.0,71.28
TXN001137,2026-07-12,SKU-0027,WH-06,18.0,524.48
TXN000024,2026-07-04,SKU-0008,WH-02,9.0,155.35
TXN001235,2026-07-16,SKU-0038,WH-04,16.0,577.78
TXN000832,2026-07-17,SKU-0011,WH-07,23.0,696.92
TXN001193,2026-07-03,SKU-0008,WH-05,19.0,620.27
TXN000591,2026-08-13,SKU-0007,WH-01,17.0,334.05
TXN001849,2026-08-28,SKU-0021,WH-07,14.0,375.93
TXN000973,2026-07-08,SKU-0009,WH-08,18.0,682.35
TXN001620,2026-07-15,SKU-0045,WH-07,13.0,273.85
TXN001544,2026-08-26,SKU-0001,WH-08,24.0,406.28
TXN001056,2026-07-06,SKU-0009,WH-01,19.0,469.49
TXN000109,2026-07-01,SKU-0015,WH-01,27.0,239.97
TXN001160,2026-07-01,SKU-0032,WH-07,26.0,1029.91
TXN001354,2026-06-30,SKU-0039,WH-04,15.0,172.05
TXN000222,2026-07-03,SKU-0040,WH-05,31.0,419.23
TXN001311,2026-06-26,SKU-0043,WH-07,18.0,137.6
TXN000722,2026-06-27,SKU-0038,WH-02,11.0,264.33
TXN001783,2026-07-29,SKU-0034,WH-06,21.0,610.78
TXN001619,2026-07-31,SKU-0015,WH-04,20.0,112.4
TXN000642,2026-06-26,SKU-0032,WH-04,24.0,600.86
TXN000545,2026-07-19,SKU-0016,WH-08,19.0,476.77
TXN000477,2026-07-22,SKU-0014,WH-04,19.0,377.89
TXN000949,2026-08-29,SKU-0032,WH-08,18.0,369.33
TXN001571,2026-06-27,SKU-0023,WH-07,21.0,474.58
TXN000843,2026-06-29,SKU-0033,WH-04,10.0,118.86
TXN000413,2026-08-03,SKU-0013,WH-06,13.0,169.61
TXN000384,2026-08-01,SKU-0045,WH-02,20.0,568.67
TXN000974,2026-09-01,SKU-0020,WH-04,15.0,336.45
TXN001346,2026-09-01,SKU-0007,WH-02,22.0,748.66
TXN000451,2026-08-21,SKU-0037,WH-03,21.0,835.92
TXN001663,2026-07-30,SKU-0010,WH-07,19.0,356.22
TXN001258,2026-07-27,SKU-0039,WH-03,19.0,473.04
TXN000656,2026-07-25,SKU-0030,WH-04,18.0,392.87
TXN001581,2026-06-27,SKU-0039,WH-05,16.0,460.25
TXN001486,2026-07-11,SKU-0006,WH-06,16.0,529.94
TXN001485,2026-08-15,SKU-0013,WH-08,18.0,544.1
TXN001327,2026-07-10,SKU-0041,WH-01,16.0,101.81
TXN000369,2026-07-05,SKU-0043,WH-01,11.0,372.3
TXN000689,2026-08-28,SKU-0020,WH-06,11.0,309.67
TXN000219,2026-08-10,SKU-0006,WH-07,11.0,87.66
TXN001755,2026-07-15,SKU-0017,WH-03,17.0,333.3
TXN001320,2026-06-29,SKU-0017,WH-01,24.0,845.79
TXN000021,2026-08-07,SKU-0039,WH-07,12.0,134.69
TXN000869,2026-07-10,SKU-0003,WH-03,19.0,207.34
TXN000420,2026-08-03,SKU-0018,WH-05,12.0,193.85
TXN000199,2026-07-28,SKU-0033,WH-08,14.0,406.8
TXN001161,2026-07-06,SKU-0021,WH-07,10.0,79.42
TXN001560,2026-08-26,SKU-0031,WH-05,21.0,109.68
TXN000911,2026-07-10,SKU-0024,WH-03,14.0,351.94
TXN000696,2026-07-12,SKU-0023,WH-01,15.0,345.19
TXN001670,2026-07-16,SKU-0032,WH-02,27.0,501.65
TXN000811,2026-08-11,SKU-0011,WH-04,17.0,262.81
TXN001652,2026-07-14,SKU-0017,WH-03,22.0,604.2
TXN001236,2026-06-30,SKU-0009,WH-03,14.0,299.4
TXN001841,2026-07-17,SKU-0025,WH-06,27.0,393.48
TXN000910,2026-06-27,SKU-0040,WH-01,17.0,575.92
TXN001521,2026-08-02,SKU-0019,WH-07,17.0,133.1
TXN001049,2026-07-06,SKU-0034,WH-08,20.0,438.82
TXN001700,2026-08-21,SKU-0015,WH-02,23.0,674.2
TXN001255,2026-08-17,SKU-0024,WH-08,11.0,436.48
TXN000405,2026-07-05,SKU-0039,WH-08,22.0,586.1
TXN001592,2026-08-02,SKU-0009,WH-06,17.0,520.53
TXN000317,2026-07-18,SKU-0038,WH-02,29.0,562.87
TXN001120,2026-08-29,SKU-0007,WH-08,13.0,340.12
TXN001740,2026-07-11,SKU-0041,WH-04,17.0,238.85
TXN000609,2026-08-08,SKU-0005,WH-08,10.0,325.68
TXN000626,2026-07-21,SKU-0012,WH-05,17.0,116.18
TXN000630,2026-08-04,SKU-0020,WH-04,14.0,38.56
TXN000020,2026-07-07,SKU-0044,WH-03,20.0,364.34
TXN000170,2026-08-27,SKU-0028,WH-01,19.0,156.93
TXN001425,2026-08-07,SKU-0043,WH-08,21.0,340.46
TXN001039,2026-08-22,SKU-0014,WH-02,23.0,764.53
TXN001590,2026-07-11,SKU-0040,WH-02,16.0,283.45
TXN000176,2026-07-24,SKU-0012,WH-04,17.0,283.37
TXN000327,2026-08-14,SKU-0010,WH-08,21.0,218.82
TXN000706,2026-08-05,SKU-0012,WH-03,20.0,660.6
TXN001222,2026-06-26,SKU-0009,WH-02,20.0,511.81
TXN000470,2026-08-03,SKU-0014,WH-05,13.0,154.82
TXN001728,2026-08-09,SKU-0041,WH-01,19.0,482.21
TXN001718,2026-08-24,SKU-0038,WH-05,28.0,319.03
TXN000615,2026-08-03,SKU-0025,WH-05,19.0,563.02
TXN000130,2026-08-20,SKU-0017,WH-06,17.0,512.07
TXN000865,2026-08-25,SKU-0024,WH-01,10.0,39.13
TXN001809,2026-07-23,SKU-0036,WH-01,12.0,341.59
TXN000489,2026-08-06,SKU-0029,WH-05,15.0,195.96
TXN001596,2026-07-15,SKU-0031,WH-01,18.0,618.59
TXN000606,2026-08-18,SKU-0028,WH-01,17.0,677.19
TXN001217,2026-08-16,SKU-0024,WH-05,20.0,744.07
TXN001164,2026-06-28,SKU-0033,WH-08,17.0,352.4
TXN000416,2026-07-12,SKU-0038,WH-02,11.0,170.39
TXN001684,2026-07-05,SKU-0023,WH-06,22.0,847.47
TXN001500,2026-08-24,SKU-0035,WH-02,20.0,148.18
TXN000152,2026-07-09,SKU-0024,WH-08,18.0,181.04
TXN000849,2026-06-28,SKU-0019,WH-04,21.0,166.59
TXN001034,2026-07-20,SKU-0010,WH-06,10.0,246.32
TXN000269,2026-08-06,SKU-0019,WH-08,13.0,40.43
TXN000096,2026-07-22,SKU-0040,WH-05,15.0,100.41
TXN000210,2026-07-31,SKU-0025,WH-08,18.0,204.77
TXN001532,2026-07-04,SKU-0002,WH-08,21.0,112.13
TXN001817,2026-08-25,SKU-0003,WH-01,11.0,143.58
TXN000871,2026-07-20,SKU-0042,WH-08,18.0,76.33
TXN001572,2026-07-02,SKU-0012,WH-05,26.0,252.88
TXN000532,2026-08-13,SKU-0045,WH-01,24.0,814.77
TXN001356,2026-06-24,SKU-0006,WH-08,22.0,269.62
TXN001099,2026-07-15,SKU-0001,WH-05,14.0,507.2
TXN000077,2026-07-05,SKU-0009,WH-08,18.0,75.49
TXN000263,2026-06-28,SKU-0030,WH-07,19.0,107.69
TXN000149,2026-07-11,SKU-0010,WH-07,19.0,64.92
TXN001813,2026-07-11,SKU-0002,WH-07,15.0,563.89
TXN001538,2026-06-29,SKU-0043,WH-06,16.0,254.75
TXN000469,2026-08-28,SKU-0045,WH-07,15.0,382.51
TXN000461,2026-07-04,SKU-0034,WH-01,17.0,623.25
TXN000896,2026-08-16,SKU-0008,WH-03,23.0,314.26
TXN001345,2026-08-18,SKU-0041,WH-03,25.0,123.82
TXN000695,2026-07-24,SKU-0012,WH-03,21.0,742.53
TXN001175,2026-07-13,SKU-0025,WH-05,15.0,257.86
TXN001752,2026-07-16,SKU-0001,WH-04,26.0,775.95
TXN000928,2026-08-06,SKU-0009,WH-03,16.0,144.7
TXN000586,2026-07-17,SKU-0012,WH-03,17.0,451.66
TXN001372,2026-09-01,SKU-0027,WH-03,16.0,374.4
TXN001792,2026-08-09,SKU-0011,WH-07,16.0,178.28
TXN001442,2026-08-14,SKU-0003,WH-05,18.0,216.69
TXN001312,2026-08-17,SKU-0026,WH-03,19.0,435.69
TXN001190,2026-06-24,SKU-0026,WH-06,14.0,488.79
TXN000595,2026-08-05,SKU-0021,WH-03,17.0,124.93
TXN000313,2026-08-02,SKU-0011,WH-07,21.0,403.51
TXN000933,2026-07-30,SKU-0016,WH-07,11.0,254.12
TXN000155,2026-07-05,SKU-0004,WH-04,22.0,258.24
TXN001380,2026-06-30,SKU-0032,WH-03,17.0,500.21
TXN001405,2026-08-26,SKU-0037,WH-06,17.0,673.38
TXN001303,2026-08-01,SKU-0043,WH-06,19.0,505.24
TXN001150,2026-07-24,SKU-0040,WH-01,9.0,208.59
TXN000999,2026-06-27,SKU-0037,WH-08,17.0,202.01
TXN001046,2026-07-18,SKU-0034,WH-01,16.0,429.4
TXN001640,2026-07-04,SKU-0012,WH-06,29.0,660.37
TXN001689,2026-08-14,SKU-0008,WH-03,18.0,710.72
TXN001306,2026-08-28,SKU-0001,WH-01,17.0,336.2
TXN001495,2026-08-04,SKU-0018,WH-08,13.0,361.64
TXN001762,2026-07-20,SKU-0044,WH-04,20.0,765.83
TXN001391,2026-07-12,SKU-0038,WH-07,14.0,502.65
TXN000025,2026-07-28,SKU-0041,WH-02,15.0,65.21
TXN000196,2026-07-14,SKU-0035,WH-08,16.0,353.19
TXN001088,2026-08-05,SKU-0035,WH-01,20.0,666.93
TXN000015,2026-07-10,SKU-0007,WH-01,16.0,230.28
TXN001490,2026-07-23,SKU-0007,WH-05,18.0,296.61
TXN000621,2026-07-21,SKU-0003,WH-01,16.0,372.02
TXN001360,2026-07-15,SKU-0015,WH-08,21.0,541.18
TXN001050,2026-07-01,SKU-0001,WH-08,21.0,89.58
TXN001612,2026-08-01,SKU-0038,WH-07,21.0,364.74
TXN001067,2026-07-20,SKU-0042,WH-05,16.0,144.86
TXN000497,2026-08-27,SKU-0003,WH-01,19.0,81.08
TXN000964,2026-08-20,SKU-0007,WH-06,17.0,175.13
TXN000515,2026-08-21,SKU-0010,WH-04,16.0,547.31
TXN001835,2026-08-05,SKU-0002,WH-04,21.0,831.33
TXN001585,2026-07-26,SKU-0029,WH-04,18.0,136.52
TXN001478,2026-07-16,SKU-0002,WH-07,22.0,639.04
TXN001411,2026-08-17,SKU-0001,WH-05,16.0,635.44
TXN001095,2026-06-26,SKU-0028,WH-04,17.0,273.59
TXN000542,2026-06-26,SKU-0005,WH-01,20.0,296.9
TXN000633,2026-08-12,SKU-0033,WH-03,19.0,759.47
TXN000431,2026-07-18,SKU-0024,WH-04,21.0,489.11
TXN000627,2026-08-18,SKU-0035,WH-06,21.0,310.9
TXN001677,2026-07-23,SKU-0027,WH-05,17.0,51.59
TXN000728,2026-07-19,SKU-0003,WH-01,23.0,757.82
TXN001288,2026-08-26,SKU-0015,WH-05,20.0,239.24
TXN000209,2026-06-27,SKU-0025,WH-04,19.0,683.44
TXN000316,2026-08-19,SKU-0023,WH-01,14.0,379.42
TXN000513,2026-07-11,SKU-0024,WH-06,25.0,450.56
TXN001337,2026-07-24,SKU-0033,WH-01,21.0,609.7
TXN001558,2026-08-01,SKU-0028,WH-02,22.0,298.77
TXN000829,2026-07-23,SKU-0032,WH-05,21.0,826.64
TXN000141,2026-07-03,SKU-0016,WH-04,16.0,286.03
TXN001110,2026-08-23,SKU-0038,WH-08,18.0,665.37
TXN001502,2026-08-24,SKU-0019,WH-04,22.0,570.7
TXN001527,2026-08-20,SKU-0043,WH-02,16.0,91.03
TXN000753,2026-08-18,SKU-0001,WH-03,13.0,168.69
TXN001001,2026-06-27,SKU-0007,WH-03,19.0,179.7
TXN001239,2026-07-19,SKU-0043,WH-01,20.0,298.48
TXN000562,2026-07-21,SKU-0036,WH-04,18.0,387.88
TXN000398,2026-08-18,SKU-0039,WH-04,21.0,458.64
TXN000907,2026-08-15,SKU-0021,WH-06,21.0,336.88
TXN000468,2026-07-20,SKU-0009,WH-08,12.0,168.21
TXN000914,2026-08-15,SKU-0026,WH-02,19.0,478.57
TXN000357,2026-07-28,SKU-0034,WH-08,13.0,417.21
TXN001300,2026-07-15,SKU-0030,WH-01,14.0,424.54
TXN001305,2026-09-01,SKU-0016,WH-03,15.0,482.12
TXN001414,2026-07-27,SKU-0045,WH-08,20.0,370.48
TXN000508,2026-07-04,SKU-0027,WH-03,19.0,318.79
TXN000749,2026-07-12,SKU-0023,WH-08,24.0,887.31
TXN001607,2026-08-10,SKU-0045,WH-05,16.0,586.95
TXN000129,2026-08-13,SKU-0037,WH-01,20.0,528.45
TXN000144,2026-07-14,SKU-0018,WH-06,20.0,738.05
TXN000847,2026-08-29,SKU-0006,WH-02,20.0,65.4
TXN001669,2026-08-31,SKU-0029,WH-03,20.0,654.95
TXN000715,2026-07-24,SKU-0017,WH-08,12.0,471.19
TXN001791,2026-08-01,SKU-0006,WH-08,8.0,155.57
TXN000235,2026-06-28,SKU-0011,WH-08,24.0,88.93
TXN001061,2026-07-18,SKU-0029,WH-04,16.0,312.98
