product_id,sku
PROD000001,10002
PROD000002,10080
PROD000003,10120
PROD000004,10123C
PROD000005,10123G
PROD000006,10124A
PROD000007,10125
PROD000008,10133
PROD000009,10134
PROD000010,10135
PROD000011,10138
PROD000012,11001
PROD000013,15034
PROD000014,15036
PROD000015,15039
PROD000016,15044A
PROD000017,15044B
PROD000018,15044C
PROD000019,15044D
PROD000020,15056BL
PROD000021,15056N
PROD000022,15056P
PROD000023,15056bl
PROD000024,15056n
PROD000025,15056p
PROD000026,15058A
PROD000027,15058B
PROD000028,15058C
PROD000029,15059A
PROD000030,15060B
PROD000031,15060b
PROD000032,16008
PROD000033,16011
PROD000034,16012
PROD000035,16014
PROD000036,16015
PROD000037,16016
PROD000038,16020C
PROD000039,16033
PROD000040,16043
PROD000041,16044
PROD000042,16045
PROD000043,16046
PROD000044,16047
PROD000045,16048
PROD000046,16049
PROD000047,16051
PROD000048,16052
PROD000049,16053
PROD000050,16054
PROD000051,16119
PROD000052,16151A
PROD000053,16156L
PROD000054,16156N
PROD000055,16156S
PROD000056,16161E
PROD000057,16161G
PROD000058,16161M
PROD000059,16161P
PROD000060,16161U
PROD000061,16162L
PROD000062,16162M
PROD000063,16168M
PROD000064,16168S
PROD000065,16169C
PROD000066,16169D
PROD000067,16169E
PROD000068,16169F
PROD000069,16169G
PROD000070,16169K
PROD000071,16169M
PROD000072,16169N
PROD000073,16169P
PROD000074,16201A
PROD000075,16202A
PROD000076,16202B
PROD000077,16202C
PROD000078,16202E
PROD000079,16206B
PROD000080,16207A
PROD000081,16207B
PROD000082,16212
PROD000083,16215
PROD000084,16216
PROD000085,16218
PROD000086,16219
PROD000087,16222B
PROD000088,16225
PROD000089,16235
PROD000090,16236
PROD000091,16237
PROD000092,16238
PROD000093,16239
PROD000094,16240
PROD000095,16243B
PROD000096,16244A
PROD000097,16244B
PROD000098,16245A
PROD000099,16248B
PROD000100,16254
PROD000101,16256B
PROD000102,16256C
PROD000103,16258A
PROD000104,16258B
PROD000105,16259
PROD000106,17001
PROD000107,17003
PROD000108,17011A
PROD000109,17011B
PROD000110,17011E
PROD000111,17011F
PROD000112,17012A
PROD000113,17012B
PROD000114,17012C
PROD000115,17012D
PROD000116,17012E
PROD000117,17012F
PROD000118,17013C
PROD000119,17013D
PROD000120,17013F
PROD000121,17014A
PROD000122,17014C
PROD000123,17014D
PROD000124,17014E
PROD000125,17021
PROD000126,17033
PROD000127,17038
PROD000128,17039
PROD000129,17084A
PROD000130,17084J
PROD000131,17084N
PROD000132,17084P
PROD000133,17084R
PROD000134,17090A
PROD000135,17090D
PROD000136,17091A
PROD000137,17091B
PROD000138,17091F
PROD000139,17091J
PROD000140,17096
PROD000141,17107D
PROD000142,17108D
PROD000143,17109C
PROD000144,17109D
PROD000145,17129D
PROD000146,17129F
PROD000147,17136A
PROD000148,17164B
PROD000149,17164D
PROD000150,17165B
PROD000151,17165D
PROD000152,17178
PROD000153,17181
PROD000154,17191A
PROD000155,18007
PROD000156,18094C
PROD000157,18096C
PROD000158,18097A
PROD000159,18097C
PROD000160,18098A
PROD000161,18098B
PROD000162,18098C
PROD000163,18098c
PROD000164,20615
PROD000165,20616
PROD000166,20617
PROD000167,20618
PROD000168,20619
PROD000169,20621
PROD000170,20622
PROD000171,20652
PROD000172,20653
PROD000173,20654
PROD000174,20655
PROD000175,20657
PROD000176,20658
PROD000177,20659
PROD000178,20660
PROD000179,20661
PROD000180,20662
PROD000181,20663
PROD000182,20664
PROD000183,20665
PROD000184,20666
PROD000185,20667
PROD000186,20668
PROD000187,20669
PROD000188,20670
PROD000189,20671
PROD000190,20672
PROD000191,20674
PROD000192,20675
PROD000193,20676
PROD000194,20677
PROD000195,20679
PROD000196,20680
PROD000197,20681
PROD000198,20682
PROD000199,20683
PROD000200,20684
PROD000201,20685
PROD000202,20686
PROD000203,20688
PROD000204,20689
PROD000205,20690
PROD000206,20692
PROD000207,20693
PROD000208,20694
PROD000209,20695
PROD000210,20696
PROD000211,20697
PROD000212,20698
PROD000213,20699
PROD000214,20700
PROD000215,20701
PROD000216,20702
PROD000217,20703
PROD000218,20704
PROD000219,20705
PROD000220,20707
PROD000221,20711
PROD000222,20712
PROD000223,20713
PROD000224,20714
PROD000225,20715
PROD000226,20716
PROD000227,20717
PROD000228,20718
PROD000229,20719
PROD000230,20723
PROD000231,20724
PROD000232,20725
PROD000233,20726
PROD000234,20727
PROD000235,20728
PROD000236,20729
PROD000237,20730
PROD000238,20731
PROD000239,20733
PROD000240,20734
PROD000241,20735
PROD000242,20736
PROD000243,20738
PROD000244,20747
PROD000245,20748
PROD000246,20749
PROD000247,20750
PROD000248,20751
PROD000249,20752
PROD000250,20753
PROD000251,20754
PROD000252,20755
PROD000253,20756
PROD000254,20757
PROD000255,20758
PROD000256,20759
PROD000257,20760
PROD000258,20761
PROD000259,20762
PROD000260,20763
PROD000261,20764
PROD000262,20765
PROD000263,20766
PROD000264,20767
PROD000265,20768
PROD000266,20769
PROD000267,20770
PROD000268,20771
PROD000269,20772
PROD000270,20773
PROD000271,20774
PROD000272,20775
PROD000273,20776
PROD000274,20777
PROD000275,20778
PROD000276,20780
PROD000277,20781
PROD000278,20782
PROD000279,20783
PROD000280,20784
PROD000281,20785
PROD000282,20786
PROD000283,20787
PROD000284,20793
PROD000285,20794
PROD000286,20795
PROD000287,20798
PROD000288,20799
PROD000289,20801
PROD000290,20802
PROD000291,20803
PROD000292,20804
PROD000293,20814
PROD000294,20816
PROD000295,20818
PROD000296,20819
PROD000297,20820
PROD000298,20821
PROD000299,20823
PROD000300,20824
PROD000301,20826
PROD000302,20827
PROD000303,20828
PROD000304,20829
PROD000305,20830
PROD000306,20831
PROD000307,20832
PROD000308,20833
PROD000309,20835
PROD000310,20836
PROD000311,20837
PROD000312,20838
PROD000313,20839
PROD000314,20840
PROD000315,20845
PROD000316,20846
PROD000317,20847
PROD000318,20848
PROD000319,20849
PROD000320,20850
PROD000321,20851
PROD000322,20854
PROD000323,20855
PROD000324,20856
PROD000325,20857
PROD000326,20860
PROD000327,20861
PROD000328,20862
PROD000329,20863
PROD000330,20864
PROD000331,20865
PROD000332,20866
PROD000333,20867
PROD000334,20868
PROD000335,20869
PROD000336,20871
PROD000337,20877
PROD000338,20878
PROD000339,20879
PROD000340,20885
PROD000341,20886
PROD000342,20887
PROD000343,20888
PROD000344,20889
PROD000345,20890
PROD000346,20892
PROD000347,20893
PROD000348,20894
PROD000349,20896
PROD000350,20897
PROD000351,20898
PROD000352,20899
PROD000353,20901
PROD000354,20902
PROD000355,20903
PROD000356,20906
PROD000357,20910
PROD000358,20913
PROD000359,20914
PROD000360,20931
PROD000361,20932
PROD000362,20933
PROD000363,20934
PROD000364,20935
PROD000365,20936
PROD000366,20940
PROD000367,20941
PROD000368,20943
PROD000369,20950
PROD000370,20951
PROD000371,20952
PROD000372,20953
PROD000373,20954
PROD000374,20956
PROD000375,20957
PROD000376,20958
PROD000377,20960
PROD000378,20961
PROD000379,20963
PROD000380,20964
PROD000381,20966
PROD000382,20967
PROD000383,20968
PROD000384,20969
PROD000385,20970
PROD000386,20971
PROD000387,20972
PROD000388,20973
PROD000389,20974
PROD000390,20975
PROD000391,20976
PROD000392,20977
PROD000393,20978
PROD000394,20979
PROD000395,20980
PROD000396,20981
PROD000397,20982
PROD000398,20983
PROD000399,20984
PROD000400,20985
PROD000401,20986
PROD000402,20987
PROD000403,20989
PROD000404,20990
PROD000405,20991
PROD000406,20992
PROD000407,20993
PROD000408,20996
PROD000409,20997
PROD000410,20998
PROD000411,21000
PROD000412,21001
PROD000413,21002
PROD000414,21003
PROD000415,21004
PROD000416,21007
PROD000417,21008
PROD000418,21009
PROD000419,21010
PROD000420,21011
PROD000421,21012
PROD000422,21014
PROD000423,21015
PROD000424,21016
PROD000425,21017
PROD000426,21018
PROD000427,21022
PROD000428,21025
PROD000429,21026
PROD000430,21027
PROD000431,21028
PROD000432,21029
PROD000433,21030
PROD000434,21031
PROD000435,21032
PROD000436,21033
PROD000437,21034
PROD000438,21035
PROD000439,21038
PROD000440,21039
PROD000441,21040
PROD000442,21041
PROD000443,21042
PROD000444,21043
PROD000445,21051
PROD000446,21054
PROD000447,21055
PROD000448,21056
PROD000449,21058
PROD000450,21059
PROD000451,21060
PROD000452,21061
PROD000453,21062
PROD000454,21063
PROD000455,21064
PROD000456,21065
PROD000457,21066
PROD000458,21067
PROD000459,21068
PROD000460,21069
PROD000461,21070
PROD000462,21071
PROD000463,21076
PROD000464,21077
PROD000465,21078
PROD000466,21080
PROD000467,21082
PROD000468,21084
PROD000469,21085
PROD000470,21086
PROD000471,21087
PROD000472,21088
PROD000473,21089
PROD000474,21090
PROD000475,21091
PROD000476,21092
PROD000477,21094
PROD000478,21095
PROD000479,21096
PROD000480,21097
PROD000481,21098
PROD000482,21099
PROD000483,21100
PROD000484,21102
PROD000485,21106
PROD000486,21107
PROD000487,21108
PROD000488,21109
PROD000489,21110
PROD000490,21111
PROD000491,21112
PROD000492,21114
PROD000493,21115
PROD000494,21116
PROD000495,21117
PROD000496,21121
PROD000497,21122
PROD000498,21123
PROD000499,21124
PROD000500,21125
PROD000501,21126
PROD000502,21127
PROD000503,21128
PROD000504,21129
PROD000505,21130
PROD000506,21131
PROD000507,21132
PROD000508,21133
PROD000509,21134
PROD000510,21135
PROD000511,21136
PROD000512,21137
PROD000513,21143
PROD000514,21144
PROD000515,21145
PROD000516,21146
PROD000517,21147
PROD000518,21153
PROD000519,21154
PROD000520,21155
PROD000521,21156
PROD000522,21157
PROD000523,21158
PROD000524,21159
PROD000525,21160
PROD000526,21161
PROD000527,21162
PROD000528,21163
PROD000529,21164
PROD000530,21165
PROD000531,21166
PROD000532,21167
PROD000533,21169
PROD000534,21171
PROD000535,21172
PROD000536,21173
PROD000537,21174
PROD000538,21175
PROD000539,21179
PROD000540,21181
PROD000541,21185
PROD000542,21186
PROD000543,21187
PROD000544,21188
PROD000545,21189
PROD000546,21190
PROD000547,21191
PROD000548,21192
PROD000549,21193
PROD000550,21194
PROD000551,21195
PROD000552,21196
PROD000553,21197
PROD000554,21198
PROD000555,21199
PROD000556,21200
PROD000557,21201
PROD000558,21202
PROD000559,21203
PROD000560,21204
PROD000561,21205
PROD000562,21206
PROD000563,21207
PROD000564,21208
PROD000565,21209
PROD000566,21210
PROD000567,21211
PROD000568,21212
PROD000569,21213
PROD000570,21214
PROD000571,21215
PROD000572,21216
PROD000573,21217
PROD000574,21218
PROD000575,21219
PROD000576,21220
PROD000577,21221
PROD000578,21222
PROD000579,21223
PROD000580,21224
PROD000581,21226
PROD000582,21228
PROD000583,21231
PROD000584,21232
PROD000585,21238
PROD000586,21239
PROD000587,21240
PROD000588,21241
PROD000589,21242
PROD000590,21243
PROD000591,21244
PROD000592,21245
PROD000593,21246
PROD000594,21247
PROD000595,21248
PROD000596,21249
PROD000597,21250
PROD000598,21251
PROD000599,21253
PROD000600,21254
PROD000601,21255
PROD000602,21256
PROD000603,21257
PROD000604,21258
PROD000605,21259
PROD000606,21260
PROD000607,21261
PROD000608,21262
PROD000609,21263
PROD000610,21264
PROD000611,21265
PROD000612,21266
PROD000613,21268
PROD000614,21269
PROD000615,21270
PROD000616,21272
PROD000617,21274
PROD000618,21275
PROD000619,21276
PROD000620,21277
PROD000621,21278
PROD000622,21279
PROD000623,21280
PROD000624,21281
PROD000625,21282
PROD000626,21283
PROD000627,21284
PROD000628,21285
PROD000629,21286
PROD000630,21287
PROD000631,21288
PROD000632,21289
PROD000633,21291
PROD000634,21292
PROD000635,21293
PROD000636,21294
PROD000637,21298
PROD000638,21299
PROD000639,21300
PROD000640,21303
PROD000641,21304
PROD000642,21306
PROD000643,21307
PROD000644,21308
PROD000645,21311
PROD000646,21312
PROD000647,21313
PROD000648,21314
PROD000649,21316
PROD000650,21317
PROD000651,21318
PROD000652,21319
PROD000653,21320
PROD000654,21321
PROD000655,21322
PROD000656,21323
PROD000657,21324
PROD000658,21325
PROD000659,21326
PROD000660,21327
PROD000661,21328
PROD000662,21329
PROD000663,21330
PROD000664,21331
PROD000665,21332
PROD000666,21333
PROD000667,21335
PROD000668,21336
PROD000669,21337
PROD000670,21338
PROD000671,21339
PROD000672,21340
PROD000673,21341
PROD000674,21343
PROD000675,21344
PROD000676,21348
PROD000677,21349
PROD000678,21350
PROD000679,21351
PROD000680,21352
PROD000681,21353
PROD000682,21354
PROD000683,21355
PROD000684,21356
PROD000685,21357
PROD000686,21358
PROD000687,21359
PROD000688,21360
PROD000689,21361
PROD000690,21363
PROD000691,21364
PROD000692,21365
PROD000693,21366
PROD000694,21367
PROD000695,21368
PROD000696,21371
PROD000697,21372
PROD000698,21373
PROD000699,21374
PROD000700,21375
PROD000701,21376
PROD000702,21377
PROD000703,21378
PROD000704,21379
PROD000705,21380
PROD000706,21381
PROD000707,21382
PROD000708,21383
PROD000709,21384
PROD000710,21385
PROD000711,21386
PROD000712,21388
PROD000713,21389
PROD000714,21390
PROD000715,21391
PROD000716,21392
PROD000717,21393
PROD000718,21394
PROD000719,21395
PROD000720,21396
PROD000721,21397
PROD000722,21398
PROD000723,21399
PROD000724,21400
PROD000725,21401
PROD000726,21402
PROD000727,21403
PROD000728,21407
PROD000729,21408
PROD000730,21410
PROD000731,21411
PROD000732,21412
PROD000733,21413
PROD000734,21415
PROD000735,21416
PROD000736,21417
PROD000737,21418
PROD000738,21419
PROD000739,21420
PROD000740,21421
PROD000741,21422
PROD000742,21424
PROD000743,21425
PROD000744,21426
PROD000745,21427
PROD000746,21428
PROD000747,21429
PROD000748,21430
PROD000749,21431
PROD000750,21432
PROD000751,21437
PROD000752,21438
PROD000753,21439
PROD000754,21440
PROD000755,21441
PROD000756,21442
PROD000757,21443
PROD000758,21444
PROD000759,21445
PROD000760,21446
PROD000761,21447
PROD000762,21448
PROD000763,21450
PROD000764,21452
PROD000765,21454
PROD000766,21455
PROD000767,21456
PROD000768,21457
PROD000769,21458
PROD000770,21459
PROD000771,21460
PROD000772,21461
PROD000773,21462
PROD000774,21463
PROD000775,21464
PROD000776,21465
PROD000777,21466
PROD000778,21467
PROD000779,21468
PROD000780,21469
PROD000781,21470
PROD000782,21471
PROD000783,21472
PROD000784,21473
PROD000785,21474
PROD000786,21475
PROD000787,21476
PROD000788,21477
PROD000789,21478
PROD000790,21479
PROD000791,21480
PROD000792,21481
PROD000793,21482
PROD000794,21484
PROD000795,21485
PROD000796,21486
PROD000797,21488
PROD000798,21490
PROD000799,21491
PROD000800,21493
PROD000801,21494
PROD000802,21495
PROD000803,21496
PROD000804,21497
PROD000805,21498
PROD000806,21499
PROD000807,21500
PROD000808,21503
PROD000809,21504
PROD000810,21506
PROD000811,21507
PROD000812,21508
PROD000813,21509
PROD000814,21511
PROD000815,21518
PROD000816,21519
PROD000817,21520
PROD000818,21523
PROD000819,21524
PROD000820,21525
PROD000821,21527
PROD000822,21528
PROD000823,21529
PROD000824,21530
PROD000825,21531
PROD000826,21532
PROD000827,21533
PROD000828,21534
PROD000829,21535
PROD000830,21536
PROD000831,21537
PROD000832,21538
PROD000833,21539
PROD000834,21540
PROD000835,21541
PROD000836,21542
PROD000837,21543
PROD000838,21544
PROD000839,21545
PROD000840,21547
PROD000841,21548
PROD000842,21549
PROD000843,21550
PROD000844,21551
PROD000845,21552
PROD000846,21553
PROD000847,21554
PROD000848,21555
PROD000849,21556
PROD000850,21557
PROD000851,21558
PROD000852,21559
PROD000853,21560
PROD000854,21561
PROD000855,21562
PROD000856,21563
PROD000857,21564
PROD000858,21576
PROD000859,21577
PROD000860,21578
PROD000861,21579
PROD000862,21580
PROD000863,21581
PROD000864,21582
PROD000865,21584
PROD000866,21586
PROD000867,21587
PROD000868,21588
PROD000869,21589
PROD000870,21590
PROD000871,21591
PROD000872,21592
PROD000873,21593
PROD000874,21595
PROD000875,21596
PROD000876,21609
PROD000877,21610
PROD000878,21611
PROD000879,21612
PROD000880,21613
PROD000881,21614
PROD000882,21615
PROD000883,21616
PROD000884,21617
PROD000885,21618
PROD000886,21619
PROD000887,21620
PROD000888,21621
PROD000889,21622
PROD000890,21623
PROD000891,21624
PROD000892,21625
PROD000893,21626
PROD000894,21627
PROD000895,21628
PROD000896,21629
PROD000897,21630
PROD000898,21631
PROD000899,21632
PROD000900,21633
PROD000901,21634
PROD000902,21635
PROD000903,21636
PROD000904,21637
PROD000905,21638
PROD000906,21639
PROD000907,21640
PROD000908,21641
PROD000909,21642
PROD000910,21643
PROD000911,21644
PROD000912,21645
PROD000913,21647
PROD000914,21648
PROD000915,21649
PROD000916,21650
PROD000917,21651
PROD000918,21652
PROD000919,21653
PROD000920,21654
PROD000921,21655
PROD000922,21656
PROD000923,21657
PROD000924,21658
PROD000925,21659
PROD000926,21661
PROD000927,21662
PROD000928,21663
PROD000929,21664
PROD000930,21665
PROD000931,21666
PROD000932,21667
PROD000933,21668
PROD000934,21669
PROD000935,21670
PROD000936,21671
PROD000937,21672
PROD000938,21673
PROD000939,21674
PROD000940,21675
PROD000941,21676
PROD000942,21677
PROD000943,21678
PROD000944,21679
PROD000945,21680
PROD000946,21681
PROD000947,21682
PROD000948,21683
PROD000949,21684
PROD000950,21686
PROD000951,21687
PROD000952,21688
PROD000953,21689
PROD000954,21690
PROD000955,21691
PROD000956,21692
PROD000957,21693
PROD000958,21694
PROD000959,21695
PROD000960,21696
PROD000961,21698
PROD000962,21700
PROD000963,21701
PROD000964,21702
PROD000965,21703
PROD000966,21704
PROD000967,21705
PROD000968,21706
PROD000969,21707
PROD000970,21708
PROD000971,21709
PROD000972,21710
PROD000973,21711
PROD000974,21713
PROD000975,21714
PROD000976,21715
PROD000977,21716
PROD000978,21717
PROD000979,21718
PROD000980,21719
PROD000981,21720
PROD000982,21721
PROD000983,21722
PROD000984,21723
PROD000985,21724
PROD000986,21725
PROD000987,21726
PROD000988,21728
PROD000989,21729
PROD000990,21730
PROD000991,21731
PROD000992,21732
PROD000993,21733
PROD000994,21734
PROD000995,21735
PROD000996,21736
PROD000997,21737
PROD000998,21738
PROD000999,21739
PROD001000,21740
PROD001001,21741
PROD001002,21742
PROD001003,21743
PROD001004,21744
PROD001005,21745
PROD001006,21746
PROD001007,21747
PROD001008,21749
PROD001009,21750
PROD001010,21752
PROD001011,21754
PROD001012,21755
PROD001013,21756
PROD001014,21757
PROD001015,21758
PROD001016,21759
PROD001017,21760
PROD001018,21761
PROD001019,21763
PROD001020,21765
PROD001021,21767
PROD001022,21768
PROD001023,21769
PROD001024,21770
PROD001025,21773
PROD001026,21774
PROD001027,21775
PROD001028,21777
PROD001029,21779
PROD001030,21780
PROD001031,21781
PROD001032,21784
PROD001033,21785
PROD001034,21786
PROD001035,21787
PROD001036,21788
PROD001037,21789
PROD001038,21790
PROD001039,21791
PROD001040,21792
PROD001041,21793
PROD001042,21794
PROD001043,21795
PROD001044,21796
PROD001045,21801
PROD001046,21802
PROD001047,21803
PROD001048,21804
PROD001049,21805
PROD001050,21806
PROD001051,21807
PROD001052,21808
PROD001053,21809
PROD001054,21810
PROD001055,21811
PROD001056,21812
PROD001057,21813
PROD001058,21814
PROD001059,21815
PROD001060,21816
PROD001061,21817
PROD001062,21818
PROD001063,21819
PROD001064,21820
PROD001065,21821
PROD001066,21822
PROD001067,21823
PROD001068,21824
PROD001069,21825
PROD001070,21826
PROD001071,21827
PROD001072,21828
PROD001073,21829
PROD001074,21830
PROD001075,21832
PROD001076,21833
PROD001077,21836
PROD001078,21837
PROD001079,21839
PROD001080,21841
PROD001081,21842
PROD001082,21843
PROD001083,21844
PROD001084,21845
PROD001085,21846
PROD001086,21847
PROD001087,21849
PROD001088,21850
PROD001089,21851
PROD001090,21852
PROD001091,21853
PROD001092,21860
PROD001093,21864
PROD001094,21865
PROD001095,21866
PROD001096,21867
PROD001097,21868
PROD001098,21869
PROD001099,21870
PROD001100,21871
PROD001101,21872
PROD001102,21873
PROD001103,21874
PROD001104,21875
PROD001105,21876
PROD001106,21877
PROD001107,21878
PROD001108,21879
PROD001109,21880
PROD001110,21881
PROD001111,21882
PROD001112,21883
PROD001113,21884
PROD001114,21888
PROD001115,21889
PROD001116,21890
PROD001117,21891
PROD001118,21892
PROD001119,21893
PROD001120,21894
PROD001121,21895
PROD001122,21896
PROD001123,21897
PROD001124,21898
PROD001125,21899
PROD001126,21900
PROD001127,21901
PROD001128,21902
PROD001129,21903
PROD001130,21904
PROD001131,21905
PROD001132,21906
PROD001133,21907
PROD001134,21908
PROD001135,21910
PROD001136,21911
PROD001137,21912
PROD001138,21913
PROD001139,21914
PROD001140,21915
PROD001141,21916
PROD001142,21917
PROD001143,21918
PROD001144,21919
PROD001145,21922
PROD001146,21923
PROD001147,21924
PROD001148,21925
PROD001149,21926
PROD001150,21927
PROD001151,21928
PROD001152,21929
PROD001153,21930
PROD001154,21931
PROD001155,21932
PROD001156,21933
PROD001157,21934
PROD001158,21935
PROD001159,21936
PROD001160,21937
PROD001161,21942
PROD001162,21943
PROD001163,21944
PROD001164,21945
PROD001165,21946
PROD001166,21947
PROD001167,21948
PROD001168,21949
PROD001169,21955
PROD001170,21967
PROD001171,21972
PROD001172,21973
PROD001173,21974
PROD001174,21975
PROD001175,21976
PROD001176,21977
PROD001177,21980
PROD001178,21981
PROD001179,21982
PROD001180,21983
PROD001181,21984
PROD001182,21985
PROD001183,21986
PROD001184,21987
PROD001185,21988
PROD001186,21989
PROD001187,21990
PROD001188,21991
PROD001189,21992
PROD001190,21993
PROD001191,22003
PROD001192,22021
PROD001193,22023
PROD001194,22024
PROD001195,22025
PROD001196,22026
PROD001197,22027
PROD001198,22028
PROD001199,22029
PROD001200,22030
PROD001201,22031
PROD001202,22032
PROD001203,22033
PROD001204,22034
PROD001205,22035
PROD001206,22036
PROD001207,22037
PROD001208,22038
PROD001209,22039
PROD001210,22040
PROD001211,22041
PROD001212,22042
PROD001213,22043
PROD001214,22044
PROD001215,22045
PROD001216,22046
PROD001217,22047
PROD001218,22048
PROD001219,22049
PROD001220,22050
PROD001221,22051
PROD001222,22052
PROD001223,22053
PROD001224,22054
PROD001225,22055
PROD001226,22056
PROD001227,22057
PROD001228,22058
PROD001229,22059
PROD001230,22060
PROD001231,22061
PROD001232,22062
PROD001233,22063
PROD001234,22064
PROD001235,22065
PROD001236,22066
PROD001237,22067
PROD001238,22068
PROD001239,22069
PROD001240,22070
PROD001241,22071
PROD001242,22072
PROD001243,22073
PROD001244,22074
PROD001245,22075
PROD001246,22076
PROD001247,22077
PROD001248,22078
PROD001249,22079
PROD001250,22080
PROD001251,22081
PROD001252,22082
PROD001253,22083
PROD001254,22084
PROD001255,22085
PROD001256,22086
PROD001257,22087
PROD001258,22088
PROD001259,22089
PROD001260,22090
PROD001261,22091
PROD001262,22092
PROD001263,22093
PROD001264,22094
PROD001265,22095
PROD001266,22096
PROD001267,22097
PROD001268,22098
PROD001269,22099
PROD001270,22100
PROD001271,22101
PROD001272,22102
PROD001273,22103
PROD001274,22104
PROD001275,22105
PROD001276,22106
PROD001277,22107
PROD001278,22108
PROD001279,22109
PROD001280,22110
PROD001281,22111
PROD001282,22112
PROD001283,22113
PROD001284,22114
PROD001285,22115
PROD001286,22116
PROD001287,22117
PROD001288,22118
PROD001289,22119
PROD001290,22120
PROD001291,22121
PROD001292,22122
PROD001293,22123
PROD001294,22124
PROD001295,22125
PROD001296,22126
PROD001297,22127
PROD001298,22128
PROD001299,22129
PROD001300,22130
PROD001301,22131
PROD001302,22132
PROD001303,22133
PROD001304,22134
PROD001305,22135
PROD001306,22136
PROD001307,22137
PROD001308,22138
PROD001309,22139
PROD001310,22141
PROD001311,22142
PROD001312,22143
PROD001313,22144
PROD001314,22145
PROD001315,22146
PROD001316,22147
PROD001317,22148
PROD001318,22149
PROD001319,22150
PROD001320,22151
PROD001321,22152
PROD001322,22153
PROD001323,22154
PROD001324,22155
PROD001325,22156
PROD001326,22157
PROD001327,22158
PROD001328,22161
PROD001329,22162
PROD001330,22163
PROD001331,22164
PROD001332,22165
PROD001333,22166
PROD001334,22167
PROD001335,22168
PROD001336,22169
PROD001337,22170
PROD001338,22171
PROD001339,22172
PROD001340,22173
PROD001341,22174
PROD001342,22175
PROD001343,22176
PROD001344,22177
PROD001345,22178
PROD001346,22179
PROD001347,22180
PROD001348,22181
PROD001349,22182
PROD001350,22183
PROD001351,22184
PROD001352,22185
PROD001353,22186
PROD001354,22187
PROD001355,22188
PROD001356,22189
PROD001357,22190
PROD001358,22191
PROD001359,22192
PROD001360,22193
PROD001361,22194
PROD001362,22195
PROD001363,22196
PROD001364,22197
PROD001365,22198
PROD001366,22199
PROD001367,22200
PROD001368,22201
PROD001369,22202
PROD001370,22203
PROD001371,22204
PROD001372,22206
PROD001373,22207
PROD001374,22208
PROD001375,22209
PROD001376,22210
PROD001377,22211
PROD001378,22212
PROD001379,22214
PROD001380,22215
PROD001381,22216
PROD001382,22217
PROD001383,22218
PROD001384,22219
PROD001385,22220
PROD001386,22221
PROD001387,22222
PROD001388,22223
PROD001389,22224
PROD001390,22227
PROD001391,22228
PROD001392,22229
PROD001393,22230
PROD001394,22231
PROD001395,22232
PROD001396,22233
PROD001397,22236
PROD001398,22241
PROD001399,22242
PROD001400,22243
PROD001401,22244
PROD001402,22245
PROD001403,22246
PROD001404,22247
PROD001405,22248
PROD001406,22249
PROD001407,22250
PROD001408,22251
PROD001409,22252
PROD001410,22253
PROD001411,22254
PROD001412,22255
PROD001413,22256
PROD001414,22257
PROD001415,22258
PROD001416,22259
PROD001417,22260
PROD001418,22261
PROD001419,22262
PROD001420,22263
PROD001421,22264
PROD001422,22265
PROD001423,22266
PROD001424,22267
PROD001425,22268
PROD001426,22269
PROD001427,22270
PROD001428,22271
PROD001429,22272
PROD001430,22273
PROD001431,22274
PROD001432,22275
PROD001433,22276
PROD001434,22277
PROD001435,22278
PROD001436,22279
PROD001437,22280
PROD001438,22281
PROD001439,22282
PROD001440,22283
PROD001441,22284
PROD001442,22285
PROD001443,22286
PROD001444,22287
PROD001445,22288
PROD001446,22289
PROD001447,22290
PROD001448,22291
PROD001449,22292
PROD001450,22293
PROD001451,22294
PROD001452,22295
PROD001453,22296
PROD001454,22297
PROD001455,22299
PROD001456,22300
PROD001457,22301
PROD001458,22302
PROD001459,22303
PROD001460,22304
PROD001461,22305
PROD001462,22306
PROD001463,22307
PROD001464,22308
PROD001465,22309
PROD001466,22310
PROD001467,22311
PROD001468,22312
PROD001469,22313
PROD001470,22314
PROD001471,22315
PROD001472,22316
PROD001473,22317
PROD001474,22318
PROD001475,22319
PROD001476,22320
PROD001477,22321
PROD001478,22322
PROD001479,22323
PROD001480,22324
PROD001481,22325
PROD001482,22326
PROD001483,22327
PROD001484,22328
PROD001485,22329
PROD001486,22330
PROD001487,22331
PROD001488,22332
PROD001489,22333
PROD001490,22334
PROD001491,22335
PROD001492,22336
PROD001493,22337
PROD001494,22338
PROD001495,22339
PROD001496,22340
PROD001497,22341
PROD001498,22342
PROD001499,22343
PROD001500,22344
PROD001501,22345
PROD001502,22346
PROD001503,22347
PROD001504,22348
PROD001505,22349
PROD001506,22350
PROD001507,22352
PROD001508,22353
PROD001509,22354
PROD001510,22355
PROD001511,22356
PROD001512,22357
PROD001513,22358
PROD001514,22359
PROD001515,22360
PROD001516,22361
PROD001517,22362
PROD001518,22363
PROD001519,22364
PROD001520,22365
PROD001521,22366
PROD001522,22367
PROD001523,22371
PROD001524,22372
PROD001525,22374
PROD001526,22375
PROD001527,22376
PROD001528,22377
PROD001529,22378
PROD001530,22379
PROD001531,22380
PROD001532,22381
PROD001533,22382
PROD001534,22383
PROD001535,22384
PROD001536,22385
PROD001537,22386
PROD001538,22389
PROD001539,22390
PROD001540,22391
PROD001541,22393
PROD001542,22394
PROD001543,22395
PROD001544,22396
PROD001545,22398
PROD001546,22399
PROD001547,22400
PROD001548,22402
PROD001549,22403
PROD001550,22405
PROD001551,22406
PROD001552,22407
PROD001553,22408
PROD001554,22409
PROD001555,22410
PROD001556,22411
PROD001557,22412
PROD001558,22413
PROD001559,22414
PROD001560,22415
PROD001561,22416
PROD001562,22417
PROD001563,22418
PROD001564,22419
PROD001565,22420
PROD001566,22421
PROD001567,22422
PROD001568,22423
PROD001569,22424
PROD001570,22425
PROD001571,22426
PROD001572,22427
PROD001573,22428
PROD001574,22429
PROD001575,22430
PROD001576,22431
PROD001577,22432
PROD001578,22433
PROD001579,22434
PROD001580,22435
PROD001581,22436
PROD001582,22437
PROD001583,22438
PROD001584,22439
PROD001585,22440
PROD001586,22441
PROD001587,22442
PROD001588,22443
PROD001589,22444
PROD001590,22445
PROD001591,22446
PROD001592,22447
PROD001593,22448
PROD001594,22449
PROD001595,22450
PROD001596,22451
PROD001597,22452
PROD001598,22453
PROD001599,22454
PROD001600,22456
PROD001601,22457
PROD001602,22458
PROD001603,22459
PROD001604,22460
PROD001605,22461
PROD001606,22464
PROD001607,22465
PROD001608,22466
PROD001609,22467
PROD001610,22468
PROD001611,22469
PROD001612,22470
PROD001613,22471
PROD001614,22472
PROD001615,22473
PROD001616,22474
PROD001617,22475
PROD001618,22476
PROD001619,22477
PROD001620,22478
PROD001621,22479
PROD001622,22480
PROD001623,22481
PROD001624,22482
PROD001625,22483
PROD001626,22485
PROD001627,22486
PROD001628,22487
PROD001629,22488
PROD001630,22489
PROD001631,22491
PROD001632,22492
PROD001633,22493
PROD001634,22494
PROD001635,22495
PROD001636,22496
PROD001637,22497
PROD001638,22498
PROD001639,22499
PROD001640,22500
PROD001641,22501
PROD001642,22502
PROD001643,22503
PROD001644,22504
PROD001645,22505
PROD001646,22507
PROD001647,22508
PROD001648,22509
PROD001649,22510
PROD001650,22511
PROD001651,22512
PROD001652,22513
PROD001653,22514
PROD001654,22515
PROD001655,22516
PROD001656,22517
PROD001657,22518
PROD001658,22519
PROD001659,22520
PROD001660,22521
PROD001661,22522
PROD001662,22523
PROD001663,22524
PROD001664,22525
PROD001665,22526
PROD001666,22528
PROD001667,22529
PROD001668,22530
PROD001669,22531
PROD001670,22532
PROD001671,22533
PROD001672,22534
PROD001673,22535
PROD001674,22536
PROD001675,22537
PROD001676,22538
PROD001677,22539
PROD001678,22540
PROD001679,22541
PROD001680,22543
PROD001681,22544
PROD001682,22545
PROD001683,22546
PROD001684,22547
PROD001685,22548
PROD001686,22549
PROD001687,22550
PROD001688,22551
PROD001689,22553
PROD001690,22554
PROD001691,22555
PROD001692,22556
PROD001693,22557
PROD001694,22558
PROD001695,22559
PROD001696,22560
PROD001697,22561
PROD001698,22562
PROD001699,22563
PROD001700,22564
PROD001701,22565
PROD001702,22566
PROD001703,22567
PROD001704,22568
PROD001705,22569
PROD001706,22570
PROD001707,22571
PROD001708,22572
PROD001709,22573
PROD001710,22574
PROD001711,22575
PROD001712,22576
PROD001713,22577
PROD001714,22578
PROD001715,22579
PROD001716,22580
PROD001717,22581
PROD001718,22582
PROD001719,22583
PROD001720,22584
PROD001721,22585
PROD001722,22586
PROD001723,22587
PROD001724,22588
PROD001725,22589
PROD001726,22591
PROD001727,22592
PROD001728,22593
PROD001729,22594
PROD001730,22595
PROD001731,22596
PROD001732,22597
PROD001733,22598
PROD001734,22599
PROD001735,22600
PROD001736,22601
PROD001737,22602
PROD001738,22603
PROD001739,22604
PROD001740,22605
PROD001741,22606
PROD001742,22607
PROD001743,22608
PROD001744,22609
PROD001745,22610
PROD001746,22611
PROD001747,22612
PROD001748,22613
PROD001749,22614
PROD001750,22615
PROD001751,22616
PROD001752,22617
PROD001753,22618
PROD001754,22619
PROD001755,22620
PROD001756,22621
PROD001757,22622
PROD001758,22623
PROD001759,22624
PROD001760,22625
PROD001761,22626
PROD001762,22627
PROD001763,22628
PROD001764,22629
PROD001765,22630
PROD001766,22631
PROD001767,22632
PROD001768,22633
PROD001769,22634
PROD001770,22635
PROD001771,22636
PROD001772,22637
PROD001773,22638
PROD001774,22639
PROD001775,22640
PROD001776,22641
PROD001777,22642
PROD001778,22643
PROD001779,22644
PROD001780,22645
PROD001781,22646
PROD001782,22647
PROD001783,22649
PROD001784,22650
PROD001785,22651
PROD001786,22652
PROD001787,22653
PROD001788,22654
PROD001789,22655
PROD001790,22656
PROD001791,22657
PROD001792,22659
PROD001793,22660
PROD001794,22661
PROD001795,22662
PROD001796,22663
PROD001797,22664
PROD001798,22665
PROD001799,22666
PROD001800,22667
PROD001801,22668
PROD001802,22669
PROD001803,22670
PROD001804,22671
PROD001805,22672
PROD001806,22673
PROD001807,22674
PROD001808,22675
PROD001809,22676
PROD001810,22677
PROD001811,22678
PROD001812,22679
PROD001813,22680
PROD001814,22681
PROD001815,22682
PROD001816,22683
PROD001817,22684
PROD001818,22685
PROD001819,22686
PROD001820,22687
PROD001821,22688
PROD001822,22689
PROD001823,22690
PROD001824,22691
PROD001825,22692
PROD001826,22693
PROD001827,22694
PROD001828,22695
PROD001829,22696
PROD001830,22697
PROD001831,22698
PROD001832,22699
PROD001833,22700
PROD001834,22701
PROD001835,22702
PROD001836,22703
PROD001837,22704
PROD001838,22705
PROD001839,22706
PROD001840,22707
PROD001841,22708
PROD001842,22709
PROD001843,22710
PROD001844,22711
PROD001845,22712
PROD001846,22713
PROD001847,22714
PROD001848,22715
PROD001849,22716
PROD001850,22717
PROD001851,22718
PROD001852,22719
PROD001853,22720
PROD001854,22721
PROD001855,22722
PROD001856,22723
PROD001857,22725
PROD001858,22726
PROD001859,22727
PROD001860,22728
PROD001861,22729
PROD001862,22730
PROD001863,22731
PROD001864,22732
PROD001865,22733
PROD001866,22734
PROD001867,22735
PROD001868,22736
PROD001869,22737
PROD001870,22738
PROD001871,22739
PROD001872,22740
PROD001873,22741
PROD001874,22742
PROD001875,22743
PROD001876,22744
PROD001877,22745
PROD001878,22746
PROD001879,22747
PROD001880,22748
PROD001881,22749
PROD001882,22750
PROD001883,22751
PROD001884,22752
PROD001885,22753
PROD001886,22754
PROD001887,22755
PROD001888,22756
PROD001889,22757
PROD001890,22758
PROD001891,22759
PROD001892,22760
PROD001893,22761
PROD001894,22762
PROD001895,22763
PROD001896,22764
PROD001897,22765
PROD001898,22766
PROD001899,22767
PROD001900,22768
PROD001901,22769
PROD001902,22770
PROD001903,22771
PROD001904,22772
PROD001905,22773
PROD001906,22774
PROD001907,22775
PROD001908,22776
PROD001909,22777
PROD001910,22778
PROD001911,22779
PROD001912,22780
PROD001913,22781
PROD001914,22782
PROD001915,22783
PROD001916,22784
PROD001917,22785
PROD001918,22786
PROD001919,22788
PROD001920,22789
PROD001921,22791
PROD001922,22792
PROD001923,22794
PROD001924,22795
PROD001925,22796
PROD001926,22797
PROD001927,22798
PROD001928,22799
PROD001929,22800
PROD001930,22801
PROD001931,22802
PROD001932,22803
PROD001933,22804
PROD001934,22805
PROD001935,22806
PROD001936,22807
PROD001937,22808
PROD001938,22809
PROD001939,22810
PROD001940,22811
PROD001941,22812
PROD001942,22813
PROD001943,22814
PROD001944,22815
PROD001945,22816
PROD001946,22817
PROD001947,22818
PROD001948,22819
PROD001949,22820
PROD001950,22821
PROD001951,22822
PROD001952,22823
PROD001953,22824
PROD001954,22825
PROD001955,22826
PROD001956,22827
PROD001957,22828
PROD001958,22829
PROD001959,22830
PROD001960,22831
PROD001961,22832
PROD001962,22833
PROD001963,22834
PROD001964,22835
PROD001965,22837
PROD001966,22838
PROD001967,22839
PROD001968,22840
PROD001969,22841
PROD001970,22842
PROD001971,22843
PROD001972,22844
PROD001973,22845
PROD001974,22846
PROD001975,22847
PROD001976,22848
PROD001977,22849
PROD001978,22851
PROD001979,22852
PROD001980,22853
PROD001981,22854
PROD001982,22855
PROD001983,22856
PROD001984,22857
PROD001985,22858
PROD001986,22859
PROD001987,22860
PROD001988,22861
PROD001989,22862
PROD001990,22863
PROD001991,22865
PROD001992,22866
PROD001993,22867
PROD001994,22868
PROD001995,22869
PROD001996,22870
PROD001997,22871
PROD001998,22872
PROD001999,22873
PROD002000,22874
PROD002001,22875
PROD002002,22876
PROD002003,22877
PROD002004,22878
PROD002005,22879
PROD002006,22880
PROD002007,22881
PROD002008,22882
PROD002009,22883
PROD002010,22884
PROD002011,22885
PROD002012,22886
PROD002013,22887
PROD002014,22889
PROD002015,22890
PROD002016,22891
PROD002017,22892
PROD002018,22893
PROD002019,22894
PROD002020,22895
PROD002021,22896
PROD002022,22897
PROD002023,22898
PROD002024,22899
PROD002025,22900
PROD002026,22902
PROD002027,22903
PROD002028,22904
PROD002029,22905
PROD002030,22906
PROD002031,22907
PROD002032,22908
PROD002033,22909
PROD002034,22910
PROD002035,22911
PROD002036,22912
PROD002037,22913
PROD002038,22914
PROD002039,22915
PROD002040,22916
PROD002041,22917
PROD002042,22918
PROD002043,22919
PROD002044,22920
PROD002045,22921
PROD002046,22922
PROD002047,22923
PROD002048,22924
PROD002049,22925
PROD002050,22926
PROD002051,22927
PROD002052,22928
PROD002053,22929
PROD002054,22930
PROD002055,22931
PROD002056,22932
PROD002057,22933
PROD002058,22934
PROD002059,22935
PROD002060,22936
PROD002061,22937
PROD002062,22938
PROD002063,22939
PROD002064,22940
PROD002065,22941
PROD002066,22942
PROD002067,22943
PROD002068,22944
PROD002069,22945
PROD002070,22946
PROD002071,22947
PROD002072,22948
PROD002073,22949
PROD002074,22950
PROD002075,22951
PROD002076,22952
PROD002077,22953
PROD002078,22954
PROD002079,22955
PROD002080,22956
PROD002081,22957
PROD002082,22959
PROD002083,22960
PROD002084,22961
PROD002085,22962
PROD002086,22963
PROD002087,22964
PROD002088,22965
PROD002089,22966
PROD002090,22967
PROD002091,22968
PROD002092,22969
PROD002093,22970
PROD002094,22971
PROD002095,22972
PROD002096,22973
PROD002097,22974
PROD002098,22975
PROD002099,22976
PROD002100,22977
PROD002101,22978
PROD002102,22979
PROD002103,22980
PROD002104,22981
PROD002105,22982
PROD002106,22983
PROD002107,22984
PROD002108,22985
PROD002109,22986
PROD002110,22987
PROD002111,22988
PROD002112,22989
PROD002113,22990
PROD002114,22991
PROD002115,22992
PROD002116,22993
PROD002117,22994
PROD002118,22995
PROD002119,22996
PROD002120,22997
PROD002121,22998
PROD002122,22999
PROD002123,23000
PROD002124,23002
PROD002125,23003
PROD002126,23004
PROD002127,23005
PROD002128,23006
PROD002129,23007
PROD002130,23008
PROD002131,23009
PROD002132,23010
PROD002133,23012
PROD002134,23013
PROD002135,23014
PROD002136,23015
PROD002137,23017
PROD002138,23018
PROD002139,23019
PROD002140,23020
PROD002141,23023
PROD002142,23025
PROD002143,23026
PROD002144,23027
PROD002145,23028
PROD002146,23029
PROD002147,23031
PROD002148,23032
PROD002149,23033
PROD002150,23034
PROD002151,23035
PROD002152,23036
PROD002153,23037
PROD002154,23039
PROD002155,23040
PROD002156,23041
PROD002157,23042
PROD002158,23043
PROD002159,23044
PROD002160,23045
PROD002161,23046
PROD002162,23047
PROD002163,23048
PROD002164,23049
PROD002165,23050
PROD002166,23051
PROD002167,23052
PROD002168,23053
PROD002169,23054
PROD002170,23055
PROD002171,23056
PROD002172,23057
PROD002173,23058
PROD002174,23060
PROD002175,23061
PROD002176,23064
PROD002177,23065
PROD002178,23066
PROD002179,23067
PROD002180,23068
PROD002181,23069
PROD002182,23070
PROD002183,23071
PROD002184,23072
PROD002185,23073
PROD002186,23074
PROD002187,23075
PROD002188,23076
PROD002189,23077
PROD002190,23078
PROD002191,23079
PROD002192,23080
PROD002193,23081
PROD002194,23082
PROD002195,23083
PROD002196,23084
PROD002197,23085
PROD002198,23086
PROD002199,23087
PROD002200,23088
PROD002201,23089
PROD002202,23090
PROD002203,23091
PROD002204,23092
PROD002205,23093
PROD002206,23094
PROD002207,23096
PROD002208,23099
PROD002209,23100
PROD002210,23101
PROD002211,23102
PROD002212,23103
PROD002213,23104
PROD002214,23106
PROD002215,23107
PROD002216,23108
PROD002217,23109
PROD002218,23110
PROD002219,23111
PROD002220,23112
PROD002221,23113
PROD002222,23114
PROD002223,23115
PROD002224,23116
PROD002225,23117
PROD002226,23118
PROD002227,23119
PROD002228,23120
PROD002229,23121
PROD002230,23122
PROD002231,23123
PROD002232,23124
PROD002233,23125
PROD002234,23126
PROD002235,23127
PROD002236,23128
PROD002237,23129
PROD002238,23130
PROD002239,23131
PROD002240,23132
PROD002241,23133
PROD002242,23134
PROD002243,23135
PROD002244,23136
PROD002245,23137
PROD002246,23138
PROD002247,23139
PROD002248,23140
PROD002249,23141
PROD002250,23142
PROD002251,23143
PROD002252,23144
PROD002253,23145
PROD002254,23146
PROD002255,23147
PROD002256,23148
PROD002257,23149
PROD002258,23150
PROD002259,23151
PROD002260,23152
PROD002261,23153
PROD002262,23154
PROD002263,23155
PROD002264,23156
PROD002265,23157
PROD002266,23158
PROD002267,23159
PROD002268,23160
PROD002269,23161
PROD002270,23162
PROD002271,23163
PROD002272,23164
PROD002273,23165
PROD002274,23166
PROD002275,23167
PROD002276,23168
PROD002277,23169
PROD002278,23170
PROD002279,23171
PROD002280,23172
PROD002281,23173
PROD002282,23174
PROD002283,23175
PROD002284,23176
PROD002285,23177
PROD002286,23178
PROD002287,23179
PROD002288,23180
PROD002289,23181
PROD002290,23182
PROD002291,23183
PROD002292,23184
PROD002293,23185
PROD002294,23186
PROD002295,23187
PROD002296,23188
PROD002297,23189
PROD002298,23190
PROD002299,23191
PROD002300,23192
PROD002301,23193
PROD002302,23194
PROD002303,23196
PROD002304,23197
PROD002305,23198
PROD002306,23199
PROD002307,23200
PROD002308,23201
PROD002309,23202
PROD002310,23203
PROD002311,23204
PROD002312,23205
PROD002313,23206
PROD002314,23207
PROD002315,23208
PROD002316,23209
PROD002317,23210
PROD002318,23211
PROD002319,23212
PROD002320,23213
PROD002321,23214
PROD002322,23215
PROD002323,23216
PROD002324,23217
PROD002325,23218
PROD002326,23219
PROD002327,23220
PROD002328,23221
PROD002329,23222
PROD002330,23223
PROD002331,23224
PROD002332,23225
PROD002333,23226
PROD002334,23227
PROD002335,23228
PROD002336,23229
PROD002337,23230
PROD002338,23231
PROD002339,23232
PROD002340,23233
PROD002341,23234
PROD002342,23235
PROD002343,23236
PROD002344,23237
PROD002345,23238
PROD002346,23239
PROD002347,23240
PROD002348,23241
PROD002349,23242
PROD002350,23243
PROD002351,23244
PROD002352,23245
PROD002353,23247
PROD002354,23249
PROD002355,23250
PROD002356,23251
PROD002357,23252
PROD002358,23253
PROD002359,23254
PROD002360,23255
PROD002361,23256
PROD002362,23263
PROD002363,23264
PROD002364,23265
PROD002365,23266
PROD002366,23267
PROD002367,23268
PROD002368,23269
PROD002369,23270
PROD002370,23271
PROD002371,23272
PROD002372,23273
PROD002373,23274
PROD002374,23275
PROD002375,23280
PROD002376,23281
PROD002377,23282
PROD002378,23283
PROD002379,23284
PROD002380,23285
PROD002381,23286
PROD002382,23287
PROD002383,23288
PROD002384,23289
PROD002385,23290
PROD002386,23291
PROD002387,23292
PROD002388,23293
PROD002389,23294
PROD002390,23295
PROD002391,23296
PROD002392,23297
PROD002393,23298
PROD002394,23299
PROD002395,23300
PROD002396,23301
PROD002397,23302
PROD002398,23304
PROD002399,23305
PROD002400,23306
PROD002401,23307
PROD002402,23308
PROD002403,23309
PROD002404,23310
PROD002405,23311
PROD002406,23312
PROD002407,23313
PROD002408,23314
PROD002409,23315
PROD002410,23316
PROD002411,23317
PROD002412,23318
PROD002413,23319
PROD002414,23320
PROD002415,23321
PROD002416,23322
PROD002417,23323
PROD002418,23324
PROD002419,23325
PROD002420,23326
PROD002421,23327
PROD002422,23328
PROD002423,23329
PROD002424,23330
PROD002425,23331
PROD002426,23332
PROD002427,23333
PROD002428,23334
PROD002429,23335
PROD002430,23336
PROD002431,23337
PROD002432,23338
PROD002433,23339
PROD002434,23340
PROD002435,23341
PROD002436,23342
PROD002437,23343
PROD002438,23344
PROD002439,23345
PROD002440,23346
PROD002441,23347
PROD002442,23348
PROD002443,23349
PROD002444,23350
PROD002445,23351
PROD002446,23352
PROD002447,23353
PROD002448,23354
PROD002449,23355
PROD002450,23356
PROD002451,23357
PROD002452,23358
PROD002453,23359
PROD002454,23360
PROD002455,23365
PROD002456,23366
PROD002457,23367
PROD002458,23368
PROD002459,23369
PROD002460,23370
PROD002461,23371
PROD002462,23372
PROD002463,23373
PROD002464,23374
PROD002465,23375
PROD002466,23376
PROD002467,23377
PROD002468,23378
PROD002469,23379
PROD002470,23380
PROD002471,23381
PROD002472,23382
PROD002473,23388
PROD002474,23389
PROD002475,23390
PROD002476,23391
PROD002477,23392
PROD002478,23393
PROD002479,23394
PROD002480,23395
PROD002481,23396
PROD002482,23397
PROD002483,23398
PROD002484,23399
PROD002485,23400
PROD002486,23401
PROD002487,23402
PROD002488,23403
PROD002489,23404
PROD002490,23405
PROD002491,23406
PROD002492,23407
PROD002493,23408
PROD002494,23409
PROD002495,23410
PROD002496,23411
PROD002497,23412
PROD002498,23413
PROD002499,23414
PROD002500,23415
PROD002501,23418
PROD002502,23419
PROD002503,23420
PROD002504,23421
PROD002505,23422
PROD002506,23423
PROD002507,23424
PROD002508,23425
PROD002509,23426
PROD002510,23427
PROD002511,23428
PROD002512,23429
PROD002513,23430
PROD002514,23431
PROD002515,23432
PROD002516,23433
PROD002517,23434
PROD002518,23435
PROD002519,23436
PROD002520,23437
PROD002521,23438
PROD002522,23439
PROD002523,23444
PROD002524,23445
PROD002525,23451
PROD002526,23452
PROD002527,23453
PROD002528,23454
PROD002529,23455
PROD002530,23456
PROD002531,23457
PROD002532,23458
PROD002533,23459
PROD002534,23460
PROD002535,23461
PROD002536,23462
PROD002537,23464
PROD002538,23466
PROD002539,23467
PROD002540,23468
PROD002541,23469
PROD002542,23470
PROD002543,23471
PROD002544,23472
PROD002545,23473
PROD002546,23474
PROD002547,23475
PROD002548,23476
PROD002549,23477
PROD002550,23479
PROD002551,23480
PROD002552,23481
PROD002553,23482
PROD002554,23483
PROD002555,23484
PROD002556,23485
PROD002557,23486
PROD002558,23487
PROD002559,23489
PROD002560,23490
PROD002561,23491
PROD002562,23492
PROD002563,23493
PROD002564,23494
PROD002565,23495
PROD002566,23496
PROD002567,23497
PROD002568,23498
PROD002569,23499
PROD002570,23500
PROD002571,23501
PROD002572,23502
PROD002573,23503
PROD002574,23504
PROD002575,23505
PROD002576,23506
PROD002577,23507
PROD002578,23508
PROD002579,23509
PROD002580,23510
PROD002581,23511
PROD002582,23512
PROD002583,23513
PROD002584,23514
PROD002585,23515
PROD002586,23516
PROD002587,23517
PROD002588,23518
PROD002589,23519
PROD002590,23520
PROD002591,23521
PROD002592,23522
PROD002593,23523
PROD002594,23524
PROD002595,23525
PROD002596,23526
PROD002597,23527
PROD002598,23529
PROD002599,23530
PROD002600,23531
PROD002601,23532
PROD002602,23534
PROD002603,23535
PROD002604,23536
PROD002605,23537
PROD002606,23538
PROD002607,23539
PROD002608,23541
PROD002609,23542
PROD002610,23543
PROD002611,23544
PROD002612,23545
PROD002613,23546
PROD002614,23547
PROD002615,23548
PROD002616,23549
PROD002617,23550
PROD002618,23551
PROD002619,23552
PROD002620,23553
PROD002621,23554
PROD002622,23555
PROD002623,23556
PROD002624,23557
PROD002625,23558
PROD002626,23559
PROD002627,23562
PROD002628,23564
PROD002629,23565
PROD002630,23566
PROD002631,23567
PROD002632,23568
PROD002633,23569
PROD002634,23570
PROD002635,23571
PROD002636,23574
PROD002637,23575
PROD002638,23576
PROD002639,23578
PROD002640,23579
PROD002641,23580
PROD002642,23581
PROD002643,23582
PROD002644,23583
PROD002645,23597
PROD002646,23598
PROD002647,23603
PROD002648,23604
PROD002649,23607
PROD002650,23609
PROD002651,23611
PROD002652,23613
PROD002653,23614
PROD002654,23621
PROD002655,23626
PROD002656,23632
PROD002657,23634
PROD002658,23636
PROD002659,23637
PROD002660,23639
PROD002661,23643
PROD002662,23646
PROD002663,23660
PROD002664,23661
PROD002665,23681
PROD002666,23691
PROD002667,23694
PROD002668,23695
PROD002669,23697
PROD002670,35001B
PROD002671,35001C
PROD002672,35001G
PROD002673,35001W
PROD002674,35004B
PROD002675,35004C
PROD002676,35004G
PROD002677,35004P
PROD002678,35004S
PROD002679,35015
PROD002680,35071
PROD002681,35095A
PROD002682,35095B
PROD002683,35096A
PROD002684,35096B
PROD002685,35160
PROD002686,35233
PROD002687,35240
PROD002688,35241
PROD002689,35265
PROD002690,35271S
PROD002691,35400
PROD002692,35443
PROD002693,35471A
PROD002694,35471D
PROD002695,35537
PROD002696,35591T
PROD002697,35594
PROD002698,35596
PROD002699,35597A
PROD002700,35597B
PROD002701,35597D
PROD002702,35598B
PROD002703,35598C
PROD002704,35598D
PROD002705,35599B
PROD002706,35599D
PROD002707,35600D
PROD002708,35603B
PROD002709,35603C
PROD002710,35607A
PROD002711,35607B
PROD002712,35609A
PROD002713,35610A
PROD002714,35610C
PROD002715,35633B
PROD002716,35637A
PROD002717,35637C
PROD002718,35638B
PROD002719,35644
PROD002720,35645
PROD002721,35646
PROD002722,35647
PROD002723,35648
PROD002724,35649
PROD002725,35651
PROD002726,35653
PROD002727,35793
PROD002728,35809A
PROD002729,35809B
PROD002730,35809a
PROD002731,35810A
PROD002732,35810B
PROD002733,35811A
PROD002734,35816P
PROD002735,35817P
PROD002736,35818B
PROD002737,35819B
PROD002738,35819P
PROD002739,35824B
PROD002740,35832
PROD002741,35833G
PROD002742,35833P
PROD002743,35838A
PROD002744,35838B
PROD002745,35840
PROD002746,35909A
PROD002747,35911A
PROD002748,35912B
PROD002749,35914
PROD002750,35915A
PROD002751,35915B
PROD002752,35915C
PROD002753,35916A
PROD002754,35916B
PROD002755,35916C
PROD002756,35918B
PROD002757,35920
PROD002758,35921
PROD002759,35922
PROD002760,35923
PROD002761,35924
PROD002762,35926
PROD002763,35932
PROD002764,35933
PROD002765,35936
PROD002766,35940
PROD002767,35951
PROD002768,35953
PROD002769,35954
PROD002770,35957
PROD002771,35958
PROD002772,35960
PROD002773,35961
PROD002774,35962
PROD002775,35963
PROD002776,35964
PROD002777,35965
PROD002778,35966
PROD002779,35967
PROD002780,35968
PROD002781,35969
PROD002782,35970
PROD002783,35971
PROD002784,35972
PROD002785,35976B
PROD002786,35978
PROD002787,35979
PROD002788,35980C
PROD002789,35981C
PROD002790,35991
PROD002791,37326
PROD002792,37327
PROD002793,37330
PROD002794,37333
PROD002795,37340
PROD002796,37342
PROD002797,37343
PROD002798,37345
PROD002799,37351
PROD002800,37352
PROD002801,37370
PROD002802,37379A
PROD002803,37379B
PROD002804,37399
PROD002805,37410
PROD002806,37413
PROD002807,37422
PROD002808,37423
PROD002809,37424
PROD002810,37441
PROD002811,37444A
PROD002812,37444B
PROD002813,37444C
PROD002814,37446
PROD002815,37447
PROD002816,37448
PROD002817,37449
PROD002818,37450
PROD002819,37461
PROD002820,37462B
PROD002821,37462E
PROD002822,37464
PROD002823,37467
PROD002824,37468
PROD002825,37471
PROD002826,37474
PROD002827,37475
PROD002828,37476
PROD002829,37479P
PROD002830,37481
PROD002831,37482B
PROD002832,37482P
PROD002833,37482p
PROD002834,37484
PROD002835,37485
PROD002836,37488A
PROD002837,37489A
PROD002838,37489C
PROD002839,37489D
PROD002840,37490D
PROD002841,37491A
PROD002842,37491B
PROD002843,37491D
PROD002844,37492B
PROD002845,37492C
PROD002846,37492D
PROD002847,37493B
PROD002848,37494A
PROD002849,37495
PROD002850,37500
PROD002851,37501
PROD002852,37502
PROD002853,37503
PROD002854,37506
PROD002855,37508
PROD002856,37509
PROD002857,40001
PROD002858,40003
PROD002859,40005B
PROD002860,40016
PROD002861,40018E
PROD002862,40018F
PROD002863,40046A
PROD002864,44089C
PROD002865,44091A
PROD002866,44091C
PROD002867,44092B
PROD002868,44092C
PROD002869,44234
PROD002870,44235
PROD002871,44236
PROD002872,44242A
PROD002873,44242B
PROD002874,44276
PROD002875,45008C
PROD002876,45016
PROD002877,46000M
PROD002878,46000P
PROD002879,46000R
PROD002880,46000S
PROD002881,46000U
PROD002882,46115B
PROD002883,46118
PROD002884,46126A
PROD002885,46137D
PROD002886,46138B
PROD002887,46775A
PROD002888,46775D
PROD002889,46775E
PROD002890,46776A
PROD002891,46776B
PROD002892,46776C
PROD002893,46776D
PROD002894,46776E
PROD002895,46776F
PROD002896,47013A
PROD002897,47013C
PROD002898,47021G
PROD002899,47310M
PROD002900,47340A
PROD002901,47340B
PROD002902,47341A
PROD002903,47343A
PROD002904,47344B
PROD002905,47347B
PROD002906,47348A
PROD002907,47351B
PROD002908,47367B
PROD002909,47369A
PROD002910,47369B
PROD002911,47420
PROD002912,47421
PROD002913,47422
PROD002914,47469
PROD002915,47471
PROD002916,47480
PROD002917,47481
PROD002918,47502
PROD002919,47503A
PROD002920,47503E
PROD002921,47503G
PROD002922,47503H
PROD002923,47503J
PROD002924,47503K
PROD002925,47504E
PROD002926,47504F
PROD002927,47504G
PROD002928,47504H
PROD002929,47504J
PROD002930,47504K
PROD002931,47505
PROD002932,47518F
PROD002933,47518f
PROD002934,47552A
PROD002935,47556B
PROD002936,47559B
PROD002937,47559b
PROD002938,47562
PROD002939,47563A
PROD002940,47563B
PROD002941,47566
PROD002942,47566B
PROD002943,47566b
PROD002944,47567B
PROD002945,47568
PROD002946,47570
PROD002947,47570B
PROD002948,47570b
PROD002949,47574A
PROD002950,47574B
PROD002951,47578A
PROD002952,47579
PROD002953,47580
PROD002954,47581B
PROD002955,47585A
PROD002956,47586A
PROD002957,47587A
PROD002958,47589
PROD002959,47590A
PROD002960,47590B
PROD002961,47591A
PROD002962,47591B
PROD002963,47591C
PROD002964,47591D
PROD002965,47591d
PROD002966,47592A
PROD002967,47592B
PROD002968,47593A
PROD002969,47593B
PROD002970,47594A
PROD002971,47594B
PROD002972,47597
PROD002973,47598
PROD002974,47599A
PROD002975,47599B
PROD002976,48103
PROD002977,48111
PROD002978,48116
PROD002979,48129
PROD002980,48138
PROD002981,48173C
PROD002982,48173c
PROD002983,48179
PROD002984,48184
PROD002985,48185
PROD002986,48187
PROD002987,48188
PROD002988,48189
PROD002989,48194
PROD002990,48195
PROD002991,48197
PROD002992,51008
PROD002993,51012C
PROD002994,51012L
PROD002995,51014A
PROD002996,51014C
PROD002997,51014L
PROD002998,51020A
PROD002999,51020B
PROD003000,62018
PROD003001,62043B
PROD003002,62074B
PROD003003,62086A
PROD003004,62094B
PROD003005,62096A
PROD003006,62096B
PROD003007,62097A
PROD003008,62097B
PROD003009,70006
PROD003010,70007
PROD003011,71038
PROD003012,71050
PROD003013,71053
PROD003014,71101E
PROD003015,71143
PROD003016,71215
PROD003017,71270
PROD003018,71279
PROD003019,71403
PROD003020,71406C
PROD003021,71459
PROD003022,71477
PROD003023,71495A
PROD003024,71495B
PROD003025,71496A
PROD003026,71510
PROD003027,72008
PROD003028,72023F
PROD003029,72024U
PROD003030,72038P
PROD003031,72051S
PROD003032,72083A
PROD003033,72122
PROD003034,72127
PROD003035,72128
PROD003036,72129
PROD003037,72130
PROD003038,72131
PROD003039,72132
PROD003040,72133
PROD003041,72134
PROD003042,72140E
PROD003043,72140F
PROD003044,72225C
PROD003045,72232
PROD003046,72267
PROD003047,72349B
PROD003048,72349b
PROD003049,72351A
PROD003050,72351B
PROD003051,72351a
PROD003052,72369A
PROD003053,72484
PROD003054,72487
PROD003055,72529W
PROD003056,72586
PROD003057,72598
PROD003058,72606A
PROD003059,72709
PROD003060,72715
PROD003061,72728
PROD003062,72739B
PROD003063,72739C
PROD003064,72741
PROD003065,72750A
PROD003066,72750B
PROD003067,72750C
PROD003068,72750D
PROD003069,72752A
PROD003070,72753A
PROD003071,72753B
PROD003072,72753C
PROD003073,72753D
PROD003074,72754B
PROD003075,72755C
PROD003076,72755D
PROD003077,72756
PROD003078,72759
PROD003079,72760B
PROD003080,72771B
PROD003081,72772
PROD003082,72780
PROD003083,72781
PROD003084,72783
PROD003085,72789
PROD003086,72793
PROD003087,72796A
PROD003088,72796B
PROD003089,72798C
PROD003090,72799A
PROD003091,72799B
PROD003092,72799C
PROD003093,72799E
PROD003094,72799F
PROD003095,72800A
PROD003096,72800B
PROD003097,72800C
PROD003098,72800D
PROD003099,72800E
PROD003100,72800F
PROD003101,72801C
PROD003102,72801D
PROD003103,72801E
PROD003104,72801G
PROD003105,72801c
PROD003106,72801d
PROD003107,72801e
PROD003108,72801g
PROD003109,72802A
PROD003110,72802B
PROD003111,72802C
PROD003112,72802a
PROD003113,72803A
PROD003114,72803B
PROD003115,72807A
PROD003116,72807B
PROD003117,72807C
PROD003118,72807a
PROD003119,72807b
PROD003120,72807c
PROD003121,72811
PROD003122,72812
PROD003123,72814
PROD003124,72815
PROD003125,72816
PROD003126,72817
PROD003127,72818
PROD003128,72819
PROD003129,72821
PROD003130,75011
PROD003131,75013B
PROD003132,75049L
PROD003133,75131
PROD003134,75149N
PROD003135,75172
PROD003136,75178
PROD003137,77081
PROD003138,77101A
PROD003139,78033
PROD003140,78124
PROD003141,79000
PROD003142,79026B
PROD003143,79029
PROD003144,79030A
PROD003145,79030D
PROD003146,79030G
PROD003147,79051A
PROD003148,79063C
PROD003149,79063D
PROD003150,79066K
PROD003151,79066k
PROD003152,79067
PROD003153,79071B
PROD003154,79072
PROD003155,79142
PROD003156,79144B
PROD003157,79144C
PROD003158,79149B
PROD003159,79157V
PROD003160,79160
PROD003161,79161A
PROD003162,79163
PROD003163,79164
PROD003164,79172D
PROD003165,79190A
PROD003166,79190B
PROD003167,79190D
PROD003168,79191B
PROD003169,79191C
PROD003170,79191D
PROD003171,79192A
PROD003172,79301
PROD003173,79302M
PROD003174,79302m
PROD003175,79303A
PROD003176,79303B
PROD003177,79303D
PROD003178,79308B
PROD003179,79315W
PROD003180,79320
PROD003181,79321
PROD003182,79323B
PROD003183,79323G
PROD003184,79323GR
PROD003185,79323LP
PROD003186,79323P
PROD003187,79323S
PROD003188,79323W
PROD003189,79328
PROD003190,79331
PROD003191,79336
PROD003192,79337
PROD003193,79338
PROD003194,79341
PROD003195,79342B
PROD003196,79403
PROD003197,79406
PROD003198,79413
PROD003199,79532
PROD003200,79534
PROD003201,81950B
PROD003202,81950V
PROD003203,81952B
PROD003204,81952V
PROD003205,81985A
PROD003206,82001S
PROD003207,82001s
PROD003208,82011A
PROD003209,82011B
PROD003210,82011C
PROD003211,82069
PROD003212,82093
PROD003213,82095
PROD003214,82482
PROD003215,82483
PROD003216,82484
PROD003217,82486
PROD003218,82494L
PROD003219,82494l
PROD003220,82551
PROD003221,82552
PROD003222,82553
PROD003223,82567
PROD003224,82578
PROD003225,82580
PROD003226,82581
PROD003227,82582
PROD003228,82583
PROD003229,82585
PROD003230,82587
PROD003231,82597
PROD003232,82599
PROD003233,82600
PROD003234,82605
PROD003235,82607A
PROD003236,82607C
PROD003237,82607E
PROD003238,82613A
PROD003239,82613B
PROD003240,82613C
PROD003241,82613D
PROD003242,82613c
PROD003243,82615
PROD003244,82616A
PROD003245,82616B
PROD003246,82616C
PROD003247,84006
PROD003248,84007
PROD003249,84010
PROD003250,84012
PROD003251,84016
PROD003252,84029C
PROD003253,84029D
PROD003254,84029E
PROD003255,84029G
PROD003256,84030B
PROD003257,84030C
PROD003258,84030E
PROD003259,84030c
PROD003260,84030e
PROD003261,84031A
PROD003262,84031B
PROD003263,84031b
PROD003264,84032A
PROD003265,84032B
PROD003266,84033
PROD003267,84050
PROD003268,84051
PROD003269,84077
PROD003270,84078A
PROD003271,84081
PROD003272,84086C
PROD003273,84192
PROD003274,84199
PROD003275,84205C
PROD003276,84206A
PROD003277,84212
PROD003278,84218
PROD003279,84219
PROD003280,84226
PROD003281,84227
PROD003282,84228
PROD003283,84231
PROD003284,84247C
PROD003285,84247E
PROD003286,84247G
PROD003287,84247H
PROD003288,84247K
PROD003289,84247L
PROD003290,84247N
PROD003291,84249A
PROD003292,84249D
PROD003293,84250M
PROD003294,84251B
PROD003295,84251C
PROD003296,84251F
PROD003297,84251G
PROD003298,84251J
PROD003299,84255B
PROD003300,84270
PROD003301,84279B
PROD003302,84279P
PROD003303,84288B
PROD003304,84292
PROD003305,84306
PROD003306,84313A
PROD003307,84313B
PROD003308,84313C
PROD003309,84327A
PROD003310,84340
PROD003311,84341B
PROD003312,84347
PROD003313,84352
PROD003314,84356
PROD003315,84358
PROD003316,84360
PROD003317,84367
PROD003318,84375
PROD003319,84378
PROD003320,84380
PROD003321,84388
PROD003322,84396
PROD003323,84402B
PROD003324,84402D
PROD003325,84405A
PROD003326,84406B
PROD003327,84414B
PROD003328,84415A
PROD003329,84415B
PROD003330,84422
PROD003331,84424A
PROD003332,84425A
PROD003333,84429A
PROD003334,84437A
PROD003335,84447
PROD003336,84449
PROD003337,84450A
PROD003338,84450B
PROD003339,84452
PROD003340,84454
PROD003341,84455
PROD003342,84456
PROD003343,84457
PROD003344,84458
PROD003345,84459A
PROD003346,84459B
PROD003347,84461
PROD003348,84462
PROD003349,84465
PROD003350,84466
PROD003351,84467
PROD003352,84469
PROD003353,84472
PROD003354,84482
PROD003355,84497
PROD003356,84499
PROD003357,84507B
PROD003358,84507C
PROD003359,84508A
PROD003360,84508B
PROD003361,84508C
PROD003362,84509A
PROD003363,84509B
PROD003364,84509C
PROD003365,84509E
PROD003366,84509F
PROD003367,84509G
PROD003368,84509a
PROD003369,84509b
PROD003370,84509c
PROD003371,84510A
PROD003372,84510B
PROD003373,84510C
PROD003374,84510E
PROD003375,84510F
PROD003376,84510a
PROD003377,84510c
PROD003378,84510e
PROD003379,84519A
PROD003380,84519B
PROD003381,84520B
PROD003382,84520D
PROD003383,84520b
PROD003384,84522
PROD003385,84526
PROD003386,84527
PROD003387,84529A
PROD003388,84529B
PROD003389,84529C
PROD003390,84531A
PROD003391,84531B
PROD003392,84532B
PROD003393,84534B
PROD003394,84535A
PROD003395,84535B
PROD003396,84536A
PROD003397,84536B
PROD003398,84536b
PROD003399,84537B
PROD003400,84539
PROD003401,84546
PROD003402,84548
PROD003403,84549
PROD003404,84551
PROD003405,84558A
PROD003406,84558a
PROD003407,84559A
PROD003408,84559B
PROD003409,84559D
PROD003410,84559a
PROD003411,84559b
PROD003412,84562A
PROD003413,84562B
PROD003414,84563A
PROD003415,84563B
PROD003416,84564
PROD003417,84568
PROD003418,84569A
PROD003419,84569B
PROD003420,84569C
PROD003421,84569D
PROD003422,84570B
PROD003423,84571
PROD003424,84575A
PROD003425,84575B
PROD003426,84576
PROD003427,84578
PROD003428,84580
PROD003429,84581
PROD003430,84582
PROD003431,84584
PROD003432,84586L
PROD003433,84592
PROD003434,84593
PROD003435,84595B
PROD003436,84595E
PROD003437,84596B
PROD003438,84596E
PROD003439,84596F
PROD003440,84596G
PROD003441,84596I
PROD003442,84596J
PROD003443,84596K
PROD003444,84596L
PROD003445,84596b
PROD003446,84596e
PROD003447,84596f
PROD003448,84597B
PROD003449,84597C
PROD003450,84598
PROD003451,84600
PROD003452,84609
PROD003453,84611B
PROD003454,84613C
PROD003455,84614A
PROD003456,84614C
PROD003457,84616
PROD003458,84619
PROD003459,84620
PROD003460,84621
PROD003461,84622
PROD003462,84625A
PROD003463,84625B
PROD003464,84625C
PROD003465,84625D
PROD003466,84627
PROD003467,84629
PROD003468,84631
PROD003469,84632
PROD003470,84637
PROD003471,84638
PROD003472,84657
PROD003473,84658
PROD003474,84659A
PROD003475,84660A
PROD003476,84660B
PROD003477,84660C
PROD003478,84661A
PROD003479,84661B
PROD003480,84661C
PROD003481,84663A
PROD003482,84664
PROD003483,84665
PROD003484,84666
PROD003485,84670
PROD003486,84671B
PROD003487,84673A
PROD003488,84673B
PROD003489,84674
PROD003490,84675
PROD003491,84676
PROD003492,84678
PROD003493,84679
PROD003494,84680
PROD003495,84682
PROD003496,84683
PROD003497,84684
PROD003498,84685
PROD003499,84686
PROD003500,84687
PROD003501,84688
PROD003502,84689
PROD003503,84691
PROD003504,84692
PROD003505,84705D
PROD003506,84706A
PROD003507,84706B
PROD003508,84706D
PROD003509,84706E
PROD003510,84706F
PROD003511,84707A
PROD003512,84707B
PROD003513,84708B
PROD003514,84709A
PROD003515,84709B
PROD003516,84711A
PROD003517,84711B
PROD003518,84712B
PROD003519,84715
PROD003520,84723
PROD003521,84725
PROD003522,84741C
PROD003523,84743C
PROD003524,84744
PROD003525,84745A
PROD003526,84745B
PROD003527,84748
PROD003528,84750A
PROD003529,84750B
PROD003530,84751B
PROD003531,84753A
PROD003532,84754
PROD003533,84755
PROD003534,84757
PROD003535,84760S
PROD003536,84761
PROD003537,84762A
PROD003538,84762B
PROD003539,84762C
PROD003540,84763
PROD003541,84766
PROD003542,84767
PROD003543,84770
PROD003544,84773
PROD003545,84782A
PROD003546,84782C
PROD003547,84789
PROD003548,84791
PROD003549,84792
PROD003550,84795A
PROD003551,84795B
PROD003552,84795C
PROD003553,84795D
PROD003554,84795E
PROD003555,84795b
PROD003556,84796A
PROD003557,84796B
PROD003558,84796a
PROD003559,84797A
PROD003560,84797B
PROD003561,84797a
PROD003562,84797b
PROD003563,84798A
PROD003564,84798B
PROD003565,84799
PROD003566,84800L
PROD003567,84800M
PROD003568,84800S
PROD003569,84801A
PROD003570,84801B
PROD003571,84802B
PROD003572,84803A
PROD003573,84804B
PROD003574,84806A
PROD003575,84807
PROD003576,84809A
PROD003577,84809B
PROD003578,84813
PROD003579,84814B
PROD003580,84815
PROD003581,84816
PROD003582,84817
PROD003583,84818
PROD003584,84819
PROD003585,84820
PROD003586,84821
PROD003587,84823
PROD003588,84824
PROD003589,84826
PROD003590,84827
PROD003591,84828
PROD003592,84832
PROD003593,84836
PROD003594,84837
PROD003595,84839
PROD003596,84840
PROD003597,84842
PROD003598,84843
PROD003599,84845A
PROD003600,84845C
PROD003601,84846A
PROD003602,84847
PROD003603,84849A
PROD003604,84849B
PROD003605,84849D
PROD003606,84854
PROD003607,84855
PROD003608,84856L
PROD003609,84856S
PROD003610,84857C
PROD003611,84858A
PROD003612,84858B
PROD003613,84858C
PROD003614,84859A
PROD003615,84859B
PROD003616,84859C
PROD003617,84865
PROD003618,84867A
PROD003619,84868B
PROD003620,84869
PROD003621,84870B
PROD003622,84870C
PROD003623,84872A
PROD003624,84872a
PROD003625,84873a
PROD003626,84874A
PROD003627,84874B
PROD003628,84875B
PROD003629,84875D
PROD003630,84876B
PROD003631,84876D
PROD003632,84877B
PROD003633,84877D
PROD003634,84879
PROD003635,84880
PROD003636,84881
PROD003637,84882
PROD003638,84884A
PROD003639,84884a
PROD003640,84893
PROD003641,84898E
PROD003642,84898F
PROD003643,84899E
PROD003644,84899F
PROD003645,84901
PROD003646,84902
PROD003647,84905
PROD003648,84906
PROD003649,84907
PROD003650,84908A
PROD003651,84908B
PROD003652,84909A
PROD003653,84910A
PROD003654,84912A
PROD003655,84912B
PROD003656,84913A
PROD003657,84913B
PROD003658,84914A
PROD003659,84915
PROD003660,84916
PROD003661,84917
PROD003662,84918
PROD003663,84919
PROD003664,84920
PROD003665,84921
PROD003666,84922
PROD003667,84923
PROD003668,84924A
PROD003669,84924D
PROD003670,84925A
PROD003671,84925C
PROD003672,84925D
PROD003673,84925F
PROD003674,84926A
PROD003675,84926B
PROD003676,84926C
PROD003677,84926D
PROD003678,84926E
PROD003679,84926F
PROD003680,84927A
PROD003681,84927D
PROD003682,84927E
PROD003683,84927F
PROD003684,84929
PROD003685,84931A
PROD003686,84931B
PROD003687,84932A
PROD003688,84932C
PROD003689,84933B
PROD003690,84933D
PROD003691,84937
PROD003692,84942
PROD003693,84944
PROD003694,84945
PROD003695,84946
PROD003696,84947
PROD003697,84948
PROD003698,84949
PROD003699,84950
PROD003700,84951A
PROD003701,84951B
PROD003702,84951b
PROD003703,84952A
PROD003704,84952B
PROD003705,84952C
PROD003706,84964A
PROD003707,84965A
PROD003708,84966A
PROD003709,84966B
PROD003710,84966C
PROD003711,84967A
PROD003712,84967B
PROD003713,84968A
PROD003714,84968B
PROD003715,84968C
PROD003716,84968D
PROD003717,84968E
PROD003718,84968F
PROD003719,84968a
PROD003720,84968b
PROD003721,84968e
PROD003722,84969
PROD003723,84970L
PROD003724,84970S
PROD003725,84970l
PROD003726,84970s
PROD003727,84971L
PROD003728,84971S
PROD003729,84972L
PROD003730,84974
PROD003731,84975
PROD003732,84976
PROD003733,84977
PROD003734,84978
PROD003735,84984A
PROD003736,84984B
PROD003737,84984D
PROD003738,84985A
PROD003739,84985B
PROD003740,84985a
PROD003741,84986B
PROD003742,84986b
PROD003743,84987
PROD003744,84988
PROD003745,84989A
PROD003746,84989B
PROD003747,84989a
PROD003748,84990
PROD003749,84991
PROD003750,84992
PROD003751,84993A
PROD003752,84993B
PROD003753,84993a
PROD003754,84997A
PROD003755,84997B
PROD003756,84997C
PROD003757,84997D
PROD003758,84997a
PROD003759,84997b
PROD003760,84997c
PROD003761,84997d
PROD003762,85006
PROD003763,85007
PROD003764,85008
PROD003765,85014A
PROD003766,85014B
PROD003767,85014C
PROD003768,85014D
PROD003769,85014a
PROD003770,85014b
PROD003771,85015
PROD003772,85016
PROD003773,85017A
PROD003774,85017B
PROD003775,85017C
PROD003776,85018A
PROD003777,85018D
PROD003778,85019A
PROD003779,85019B
PROD003780,85019C
PROD003781,85020
PROD003782,85023A
PROD003783,85023B
PROD003784,85023C
PROD003785,85024B
PROD003786,85024C
PROD003787,85025B
PROD003788,85025C
PROD003789,85026B
PROD003790,85027L
PROD003791,85028L
PROD003792,85028S
PROD003793,85030
PROD003794,85031A
PROD003795,85031B
PROD003796,85031C
PROD003797,85032A
PROD003798,85032B
PROD003799,85032C
PROD003800,85032D
PROD003801,85033G
PROD003802,85033S
PROD003803,85034A
PROD003804,85034B
PROD003805,85034C
PROD003806,85035A
PROD003807,85035B
PROD003808,85035C
PROD003809,85035a
PROD003810,85035b
PROD003811,85036A
PROD003812,85036B
PROD003813,85036C
PROD003814,85038
PROD003815,85039A
PROD003816,85039B
PROD003817,85039C
PROD003818,85039a
PROD003819,85040A
PROD003820,85040B
PROD003821,85040a
PROD003822,85041
PROD003823,85042
PROD003824,85044
PROD003825,85045
PROD003826,85047
PROD003827,85048
PROD003828,85049A
PROD003829,85049B
PROD003830,85049C
PROD003831,85049D
PROD003832,85049E
PROD003833,85049F
PROD003834,85049G
PROD003835,85049H
PROD003836,85049a
PROD003837,85049e
PROD003838,85049g
PROD003839,85050
PROD003840,85053
PROD003841,85054
PROD003842,85055
PROD003843,85059
PROD003844,85060
PROD003845,85061W
PROD003846,85062
PROD003847,85063
PROD003848,85064
PROD003849,85065
PROD003850,85066
PROD003851,85067
PROD003852,85068
PROD003853,85070
PROD003854,85071A
PROD003855,85071B
PROD003856,85071C
PROD003857,85071D
PROD003858,85078
PROD003859,85079
PROD003860,85080
PROD003861,85081
PROD003862,85083
PROD003863,85084
PROD003864,85086A
PROD003865,85087
PROD003866,85088
PROD003867,85089
PROD003868,85090
PROD003869,85091
PROD003870,85092
PROD003871,85093
PROD003872,85094
PROD003873,85095
PROD003874,85096
PROD003875,85097B
PROD003876,85098B
PROD003877,85099B
PROD003878,85099C
PROD003879,85099F
PROD003880,85099c
PROD003881,85099f
PROD003882,85103
PROD003883,85104
PROD003884,85106
PROD003885,85107
PROD003886,85110
PROD003887,85111
PROD003888,85112
PROD003889,85113
PROD003890,85114A
PROD003891,85114B
PROD003892,85114C
PROD003893,85114a
PROD003894,85114b
PROD003895,85114c
PROD003896,85116
PROD003897,85117
PROD003898,85118
PROD003899,85119
PROD003900,85121B
PROD003901,85121C
PROD003902,85123A
PROD003903,85123a
PROD003904,85124A
PROD003905,85124B
PROD003906,85124C
PROD003907,85125
PROD003908,85126
PROD003909,85127
PROD003910,85129A
PROD003911,85129B
PROD003912,85129C
PROD003913,85129D
PROD003914,85130A
PROD003915,85130B
PROD003916,85130C
PROD003917,85130D
PROD003918,85131A
PROD003919,85131B
PROD003920,85131C
PROD003921,85131D
PROD003922,85132A
PROD003923,85132B
PROD003924,85132C
PROD003925,85132a
PROD003926,85132c
PROD003927,85135A
PROD003928,85135B
PROD003929,85135C
PROD003930,85136A
PROD003931,85136B
PROD003932,85136C
PROD003933,85141
PROD003934,85142
PROD003935,85144
PROD003936,85145
PROD003937,85146
PROD003938,85150
PROD003939,85151
PROD003940,85152
PROD003941,85159A
PROD003942,85159B
PROD003943,85160A
PROD003944,85160B
PROD003945,85161
PROD003946,85162A
PROD003947,85162C
PROD003948,85163A
PROD003949,85163B
PROD003950,85164B
PROD003951,85165
PROD003952,85166B
PROD003953,85167A
PROD003954,85167B
PROD003955,85168B
PROD003956,85169A
PROD003957,85169B
PROD003958,85169C
PROD003959,85169D
PROD003960,85170A
PROD003961,85170B
PROD003962,85170C
PROD003963,85170D
PROD003964,85172
PROD003965,85173
PROD003966,85174
PROD003967,85175
PROD003968,85176
PROD003969,85177
PROD003970,85178
PROD003971,85179A
PROD003972,85179B
PROD003973,85179C
PROD003974,85179a
PROD003975,85180A
PROD003976,85180B
PROD003977,85183A
PROD003978,85183B
PROD003979,85184B
PROD003980,85184C
PROD003981,85184D
PROD003982,85185B
PROD003983,85185C
PROD003984,85185D
PROD003985,85185E
PROD003986,85185F
PROD003987,85186A
PROD003988,85186C
PROD003989,85187
PROD003990,85188A
PROD003991,85188B
PROD003992,85189
PROD003993,85194L
PROD003994,85194S
PROD003995,85195
PROD003996,85196
PROD003997,85197
PROD003998,85198
PROD003999,85199L
PROD004000,85199S
PROD004001,85200
PROD004002,85202
PROD004003,85203
PROD004004,85204
PROD004005,85205A
PROD004006,85205B
PROD004007,85206A
PROD004008,85206B
PROD004009,85208
PROD004010,85211
PROD004011,85212
PROD004012,85213
PROD004013,85214
PROD004014,85215
PROD004015,85216
PROD004016,85217
PROD004017,85221
PROD004018,85222
PROD004019,85224
PROD004020,85225
PROD004021,85226A
PROD004022,85226C
PROD004023,85227
PROD004024,85230A
PROD004025,85230B
PROD004026,85230E
PROD004027,85230F
PROD004028,85230G
PROD004029,85231B
PROD004030,85231E
PROD004031,85231G
PROD004032,85231L
PROD004033,85232A
PROD004034,85232B
PROD004035,85232D
PROD004036,85232b
PROD004037,90000A
PROD004038,90000B
PROD004039,90000D
PROD004040,90001A
PROD004041,90002A
PROD004042,90002B
PROD004043,90002C
PROD004044,90002D
PROD004045,90003B
PROD004046,90003C
PROD004047,90003D
PROD004048,90003E
PROD004049,90005A
PROD004050,90010A
PROD004051,90010B
PROD004052,90010E
PROD004053,90011A
PROD004054,90011B
PROD004055,90012B
PROD004056,90013A
PROD004057,90013B
PROD004058,90013C
PROD004059,90013E
PROD004060,90014A
PROD004061,90014B
PROD004062,90014C
PROD004063,90016A
PROD004064,90016B
PROD004065,90016C
PROD004066,90018A
PROD004067,90018B
PROD004068,90018C
PROD004069,90019A
PROD004070,90019C
PROD004071,90020
PROD004072,90021
PROD004073,90022
PROD004074,90023
PROD004075,90024B
PROD004076,90024F
PROD004077,90025A
PROD004078,90025C
PROD004079,90026A
PROD004080,90026B
PROD004081,90026C
PROD004082,90026D
PROD004083,90027A
PROD004084,90027C
PROD004085,90027D
PROD004086,90028
PROD004087,90029
PROD004088,90030B
PROD004089,90032
PROD004090,90033
PROD004091,90034
PROD004092,90035A
PROD004093,90035C
PROD004094,90036A
PROD004095,90036B
PROD004096,90036C
PROD004097,90036D
PROD004098,90036E
PROD004099,90036F
PROD004100,90037A
PROD004101,90037B
PROD004102,90037C
PROD004103,90038A
PROD004104,90038B
PROD004105,90038C
PROD004106,90039A
PROD004107,90039C
PROD004108,90039D
PROD004109,90040A
PROD004110,90040B
PROD004111,90040C
PROD004112,90040D
PROD004113,90042A
PROD004114,90042B
PROD004115,90042C
PROD004116,90043
PROD004117,90048
PROD004118,90050
PROD004119,90054
PROD004120,90055
PROD004121,90057
PROD004122,90058A
PROD004123,90058B
PROD004124,90059A
PROD004125,90059B
PROD004126,90059C
PROD004127,90059D
PROD004128,90059E
PROD004129,90059F
PROD004130,90060D
PROD004131,90062
PROD004132,90063A
PROD004133,90063B
PROD004134,90064A
PROD004135,90064B
PROD004136,90065A
PROD004137,90066A
PROD004138,90067A
PROD004139,90068
PROD004140,90070
PROD004141,90071
PROD004142,90072
PROD004143,90073
PROD004144,90075
PROD004145,90078
PROD004146,90079
PROD004147,90081A
PROD004148,90081C
PROD004149,90082A
PROD004150,90082B
PROD004151,90082D
PROD004152,90083
PROD004153,90084
PROD004154,90085
PROD004155,90086
PROD004156,90087
PROD004157,90088
PROD004158,90089
PROD004159,90092
PROD004160,90093
PROD004161,90094
PROD004162,90096
PROD004163,90098
PROD004164,90099
PROD004165,90100
PROD004166,90101
PROD004167,90102
PROD004168,90103
PROD004169,90104
PROD004170,90108
PROD004171,90111
PROD004172,90112
PROD004173,90114
PROD004174,90115
PROD004175,90116
PROD004176,90118
PROD004177,90119
PROD004178,90120A
PROD004179,90120B
PROD004180,90120C
PROD004181,90120D
PROD004182,90121A
PROD004183,90121B
PROD004184,90122A
PROD004185,90122B
PROD004186,90122C
PROD004187,90123A
PROD004188,90123B
PROD004189,90123C
PROD004190,90123D
PROD004191,90124B
PROD004192,90124C
PROD004193,90125A
PROD004194,90125B
PROD004195,90125D
PROD004196,90125E
PROD004197,90126B
PROD004198,90126C
PROD004199,90128A
PROD004200,90128B
PROD004201,90128D
PROD004202,90129A
PROD004203,90129B
PROD004204,90129C
PROD004205,90129D
PROD004206,90129E
PROD004207,90129F
PROD004208,90130B
PROD004209,90130C
PROD004210,90133
PROD004211,90134
PROD004212,90137
PROD004213,90138
PROD004214,90141C
PROD004215,90141D
PROD004216,90141E
PROD004217,90142C
PROD004218,90142D
PROD004219,90143
PROD004220,90144
PROD004221,90145
PROD004222,90146
PROD004223,90147
PROD004224,90148
PROD004225,90149
PROD004226,90151
PROD004227,90152B
PROD004228,90154
PROD004229,90155
PROD004230,90156
PROD004231,90157
PROD004232,90158
PROD004233,90159
PROD004234,90160A
PROD004235,90160B
PROD004236,90160C
PROD004237,90160D
PROD004238,90161A
PROD004239,90161B
PROD004240,90161C
PROD004241,90161D
PROD004242,90162A
PROD004243,90162B
PROD004244,90162C
PROD004245,90162D
PROD004246,90163A
PROD004247,90164A
PROD004248,90164B
PROD004249,90165A
PROD004250,90165B
PROD004251,90166
PROD004252,90167
PROD004253,90168
PROD004254,90169
PROD004255,90170
PROD004256,90171
PROD004257,90173
PROD004258,90174
PROD004259,90175A
PROD004260,90175B
PROD004261,90175D
PROD004262,90176A
PROD004263,90176C
PROD004264,90176E
PROD004265,90177A
PROD004266,90177B
PROD004267,90177C
PROD004268,90177D
PROD004269,90177E
PROD004270,90178A
PROD004271,90179B
PROD004272,90179C
PROD004273,90180A
PROD004274,90180B
PROD004275,90181B
PROD004276,90182A
PROD004277,90182B
PROD004278,90182C
PROD004279,90183A
PROD004280,90183B
PROD004281,90183C
PROD004282,90184B
PROD004283,90184C
PROD004284,90185A
PROD004285,90185B
PROD004286,90185C
PROD004287,90185D
PROD004288,90186A
PROD004289,90186B
PROD004290,90187B
PROD004291,90188
PROD004292,90189A
PROD004293,90189B
PROD004294,90190A
PROD004295,90190B
PROD004296,90190C
PROD004297,90191
PROD004298,90192
PROD004299,90194
PROD004300,90195A
PROD004301,90195B
PROD004302,90196A
PROD004303,90196B
PROD004304,90197B
PROD004305,90197D
PROD004306,90198A
PROD004307,90198B
PROD004308,90199A
PROD004309,90199B
PROD004310,90199C
PROD004311,90199D
PROD004312,90200A
PROD004313,90200B
PROD004314,90200C
PROD004315,90200D
PROD004316,90200E
PROD004317,90201A
PROD004318,90201B
PROD004319,90201C
PROD004320,90201D
PROD004321,90202A
PROD004322,90202B
PROD004323,90202D
PROD004324,90203
PROD004325,90204
PROD004326,90205A
PROD004327,90205C
PROD004328,90206C
PROD004329,90208
PROD004330,90209A
PROD004331,90209B
PROD004332,90209C
PROD004333,90210A
PROD004334,90210B
PROD004335,90210C
PROD004336,90210D
PROD004337,90211A
PROD004338,90211B
PROD004339,90214A
PROD004340,90214B
PROD004341,90214C
PROD004342,90214D
PROD004343,90214E
PROD004344,90214F
PROD004345,90214G
PROD004346,90214H
PROD004347,90214I
PROD004348,90214J
PROD004349,90214K
PROD004350,90214L
PROD004351,90214M
PROD004352,90214N
PROD004353,90214O
PROD004354,90214P
PROD004355,90214R
PROD004356,90214S
PROD004357,90214T
PROD004358,90214V
PROD004359,90214Z
PROD004360,ADJUST
PROD004361,AMAZONFEE
PROD004362,BANK CHARGES
PROD004363,C2
PROD004364,D
PROD004365,DCGS0004
PROD004366,DCGS0016
PROD004367,DCGS0037
PROD004368,DCGS0058
PROD004369,DCGS0069
PROD004370,DCGSSGIRL
PROD004371,DOT
PROD004372,M
PROD004373,PADS
PROD004374,POST
PROD004375,S
PROD004376,TEST001
PROD004377,gift_0001_10
PROD004378,gift_0001_20
PROD004379,gift_0001_30
PROD004380,gift_0001_50
PROD004381,gift_0001_70
PROD004382,m
