snapshot_date,sku,warehouse_id,on_hand_qty
2026-07-09,SKU-0004,WC-001,229
2026-08-12,SKU-0007,WH-002,1659
2026-06-24,SKU-0017,WH-005,471
2026-07-30,SKU-0014,,1663
2026-07-29,SKU-0049,WH-006,724
2026-07-26,SKU-0057,WH-006,869
2026-13-45,SKU-0049,WH-002,1345
2026-08-26,SKU-9999,WH-004,4243563
2026-06-02,SKU-0046,WH-005,99
2026-07-20,SKU-0021,WH-006,778
2026-07-28,SKU-0055,WH-005,1993
2026-08-04,SKU-0046,WH-006,1290
2026-06-24,SKU-0054,WH-006,1942
%Y/%m/%d %H:%M,SKU-0053,WH-006,415
2026-06-03,SKU-0055,WH-004,1534
2026-06-09,SKU-0022,WH-003,250
2026-06-22,SKU-0022,WH-004,453
2026-06-10,SKU-0039,WH-001,592
2026-06-18,SKU-0025,WH-003,747
2026-07-21,SKU-0023,WH-006,1621
2026-08-14,SKU-0033,WH-006,1423
2026-06-04,SKU-0027,WH-003,3813452
2026-07-16,SKU-0026,WH-005,1825
2026-07-29,SKU-0043,WH-007,1992
%Y-%m-%d,SKU-0008,WH-007,3843632
2026-08-22,SKU-0011,WH-007,3016067
2026-08-20,SKU-0038,WH-002,1684
2026-07-28,SKU-0044,WH-004,-3
2026-06-19,SKU-0035,WC-001,1439
2026-08-20,SKU-0025,WH-006,279
2026-06-22,SKU-0041,WH-006,-130
2026-08-21,SKU-0030,WH-001,1724
2026-07-19,SKU-0005,WH-007,1403
2026-06-19,SKU-0033,WH-001,-118
2026-06-21,SKU-0043,WH-003,2090688
2026-06-03,SKU-9999,WH-004,409
2026-06-25,sku-1001,WH-001,903
2026-08-02,SKU-0031,WH-008,979
2026-08-22,SKU-0036,WH-002,1609
2026-07-15,NA,WH-006,349
2026-08-09,SKU-0017,WH-001,2545974
%d/%m/%Y,SKU-0043,WH-007,1606
2026-06-01,SKU-0021,  WH-012  ,309
2026-07-09,SKU-0052,  WH-012  ,1028
2026-06-12,SKU-0001,WH-007,1829
%Y/%m/%d %H:%M,SKU-0055,WH-002,1116
2026-13-45,SKU-0042,WH-006,690
2026-08-26,SKU-0004,WH-001,1359
2026-08-16,SKU-0015,WH-008,546
2026-06-13,SKU-0025,WH-007,201
2026-06-26,SKU-0021,WH-006,657
2026-08-26,SKU-0041,WH-001,2740205
2026-08-31,SKU-0011,WH-006,734
2026-08-31,SKU-0039,WH-007,715
2026-08-27,SKU-0041,WH-008,746
%m/%d/%Y,SKU-0004,WH-008,1279
%Y-%m-%d,SKU-0026,WH-002,1348
2026-08-20,SKU-0004,WH-006,1640
2026-07-05,SKU-0022,WH-005,1397
2026-06-16,SKU-0014,WH-001,3390643
2026-07-13,SKU-0008,WH-002,1829
2026-07-21,SKU-0051,WH-007,1349
2026-07-31,SKU-0009,WH-999,1142
2026-06-01,SKU-0030,WH-0,2636493
2026-07-05,SKU-0024,WH-005,881
2026-06-21,SKU-0054,WH-006,48
2026-07-05,SKU-0009,WH-002,2285585
2026-06-17,SKU-0060,WH-003,1176
2026-06-17,SKU-0024,WH-004,1059
2026-07-13,SKU-0022,WH-006,926
2026-08-28,SKU-0039,WH-001,1786
2026-08-27,SKU-0026,WH-007,104
2026-07-12,SKU-0006,WH-002,646
2026-08-05,SKU-0047,WH-003,360
%d/%m/%Y,SKU-0054,WH-999,495
2026-08-14,SKU-0019,WH-008,1847
2026-07-14,SKU-0029,WH-003,4933431
%Y/%m/%d %H:%M,SKU-0040,WH-005,-379
2026-08-14,SKU-0044,WH-002,2386409
2026-08-02,SKU-0046,WH-002,1412
2026-06-11, ,WH-001,1442
2026-08-12,SKU-0023,WH-006,572
2026-08-02,SKU-0053,WH-008,-183
2026-07-01,SKU-0008,WH-006,1232
2026-08-07,SKU-0011,WH-005,894
%Y-%m-%d,SKU-0057,WH-005,916
2026-06-17,SKU-0051,WH-007,2772556
2026-07-30,SKU-0056,WH-004,1564
2026-08-21,SKU-0055,WH-004,1911
2026-07-29,SKU-0040,WH-005,1868
2026-08-08,SKU-0000,WH-005,510
2026-08-19,SKU-0012,WH-006,768
%d/%m/%Y,SKU-0030,WH-005,93
2026-07-22,SKU-0026,WH-008,1628
2026-06-24,SKU-0040,WH-001,792
2026-07-28,SKU-0005,WH-001,1808
2026-07-15,SKU-0005,WH-002,533
2026-08-05,SKU-0004,WH-003,-358
2026-08-16,SKU-0017,WH-006,1328
2026-08-20,SKU-0056,WH-007,90
2026-08-08,SKU-0004,WH-002,910
2026-07-15,SKU-0031,WH-003,1297
2026-08-17,SKU-0013,WH-007,1225
2026-07-11,SKU-0043,WH-006,1878
2026-08-29,SKU-0024,WH-007,1478
2026-06-17,SKU-0010,WH-002,164
2026-06-19,SKU-0022,WH-003,230
2026-07-13,SKU-0033,WH-008,232
2026-06-11,SKU-0014,WH-008,1384
2026-07-03,,WH-006,1667
2026-06-27,SKU-0060,WH-004,1013
2026-06-20,SKU-0003,WH-003,788
2026-07-21,SKU-0035,WH-007,308
2026-06-20,SKU-0045,WH-003,1380
2026-08-11,SKU-0021,WH-006,1283
2026-06-16,SKU-0050,WH-008,543
2026-08-19,SKU-0032,WH-003,132
2026-07-18,SKU-0057,WH-003,61
2026-08-07,SKU-0010,WH-001,1473
2026-08-17,sku-1001,WH-005,1226
2026-07-22,SKU-0025,  WH-012  ,1187
2026-07-20,SKU-0022,WH-008,1298
%Y/%m/%d %H:%M,SKU-0058,WH-005,1222
2026-08-15,SKU-0038,WH-005,632
2026-08-24,NA,WH-006,806
2026-08-15,UNKNOWN,WH-006,318
2026-08-28,SKU-0008,WH-001,1347
2026-07-01,SKU-0041,WH-001,92
2026-06-09,SKU-0005,WH-003,1873
2026-08-12,sku-1001,WH-008,1858
2026-06-20,SKU-0054,WH-008,969
2026-06-16,SKU-0042,WH-008,1958
2026-08-03,SKU-0027,WH-006,671
2026-07-17,SKU-0044,WH-001,4452634
not-a-date,SKU-0059,WH-008,2409099
2026-08-28,SKU-0021,WH-002,256
2026-06-19,SKU-0030,WH-007,317
2026-07-01,SKU-0046,WH-006,900
%d/%m/%Y,sku-1001,WH-006,1060
2026-07-03,SKU-0047,WH-008,1145
2026-07-09,SKU-0014,WH-005,686
2026-07-13,SKU-0032,WH-002,1646
2026-08-10,SKU-0032,WH-004,119
%m/%d/%Y,SKU-0050,WH-005,847
%Y/%m/%d %H:%M,SKU-0006,WH-006,364
2026-07-05,NA,WH-007,710
2026-06-10,SKU-0039,WH-005,305
2026-06-17,SKU-0045,WH-008,-91
2026-08-04,SKU-0024,WH-001,986
2026-06-08,SKU-0026,WH-003,544
2026-06-04,SKU-0056,WH-006,1114
2026-07-28,SKU-0009,WC-001,216
2026-08-10,SKU-0031,WH-999,1810
2026-07-24,SKU-0039,WH-004,1306
2026-07-05,SKU-0049,WH-001,1655
2026-07-18,SKU-0052,WH-008,380
2026-07-12,sku-1001,WH-006,340
2026-08-11,SKU-0043,WH-006,1566
2026-08-21,SKU-0042,WH-004,1896
2026-06-26,SKU-0025,WH-003,960
2026-08-10,SKU-0023,WH-007,1162
2026-07-12,SKU-0035,WH-004,1465
2026-07-06,SKU-0014,WH-002,366
2026-08-02,SKU-0030,WH-008,1830
2026-07-22,SKU-0021,WH-999,2952564
2026-06-16, ,WH-007,1798
2026-06-18,SKU-0016,WH-001,258
2026-06-06,SKU-0020,WH-007,518
2026-06-10,SKU-0045,WH-001,2881385
2026-07-18,SKU-0046,WC-001,1573
%Y/%m/%d %H:%M,SKU-0029,WH-007,699
2026-08-11,SKU-0012,WH-005,1046
2026-08-26,SKU-0031,WH-002,1351
2026-06-08,SKU-0002,WH-007,1482
2026-07-03,SKU-0010,WH-008,3905070
2026-07-21,SKU-0001,WH-004,1190
2026-08-13,SKU-0011,WH-008,1711
2026-06-28,SKU-0051,WH-008,587
2026-07-10,SKU-0020,WH-007,1620
2026-08-16,SKU-0039,WH-999,1315
2026-07-03,SKU-0013,WH-004,690
2026-07-12,SKU-0060,WH-001,1079
2026-06-04,SKU-0025,WH-006,1188
2026-06-01,SKU-0033,WH-005,1503
2026-06-20,SKU-0025,WH-006,1788
%d/%m/%Y,SKU-0052,WH-006,1658
2026-08-27,SKU-0057,WH-003,1771
2026-07-10,SKU-0028,WH-006,2474353
2026-08-07,SKU-0030,WH-008,385
2026-06-19,SKU-0056,WH-007,-201
2026-07-22,SKU-0059,WH-002,1868
2026-08-24,SKU-0049,WH-001,1880
,SKU-0028,WH-002,894
%Y/%m/%d %H:%M,SKU-0022,WH-007,378
2026-07-29,,WH-005,1265
2026-08-19,SKU-0017,WH-004,592
2026-06-17,SKU-0057,  WH-012  ,127
2026-07-02,SKU-0059,WH-001,209
2026-06-25,SKU-0024,WH-007,4207891
2026-07-17,SKU-0054,WH-008,799
2026-08-14,SKU-0055,WH-005,1566
2026-06-22,SKU-0060,WH-003,1884
2026-08-14,SKU-0016,WH-003,435
2026-07-10,SKU-0040,,1836
2026-08-14,SKU-0017,WH-004,387
2026-06-15,SKU-0056,WH-002,1872
2026-08-09,SKU-0037,WH-001,2327233
2026-08-21,SKU-0046,WH-001,1342
2026-07-19,SKU-0053,WH-003,1226
,SKU-0005,WH-002,1964
2026-06-07,SKU-0005,WH-001,240
2026-07-09,SKU-0015,WH-0,917
2026-07-21,SKU-0010,WH-006,1322
2026-07-16,SKU-0042,WH-004,35
2026-06-29,SKU-0015,WH-004,1309
2026-06-06,SKU-0010,WH-001,-337
2026-08-06,SKU-0026,  WH-012  ,103
2026-07-28,SKU-0057,WH-003,146
2026-06-26,SKU-0024,WH-007,1051
%m/%d/%Y,SKU-0027,WH-005,531
2026-08-04,SKU-0046,WH-005,607
2026-07-16,SKU-0038,WH-004,1986
2026-07-18,SKU-0002,WH-007,1155
not-a-date,SKU-0002,WH-002,166
%Y/%m/%d %H:%M,SKU-0045,WH-008,420
%Y-%m-%d,SKU-0008,WH-001,2817982
2026-07-28,SKU-0023,WH-007,1657
2026-08-18,SKU-0007,WH-007,1705
2026-07-08,SKU-0051,WH-008,612
2026-07-31,SKU-0052,WH-007,484
2026-13-45,SKU-9999,WH-004,1382
2026-07-01,SKU-0007,WH-003,198
2026-07-03,SKU-9999,WH-0,-494
2026-06-25,SKU-0039,WH-002,1171
2026-08-21,SKU-0048,WH-002,1862
2026-06-01,SKU-0038,WH-008,1804
2026-06-07,SKU-0057,WH-003,1140
2026-08-11,SKU-0020,WH-001,1721
2026-06-16,SKU-0049,WH-001,1624
2026-07-17,SKU-0017,WH-001,1934
2026-08-01,SKU-0011,WH-004,-286
2026-06-08,SKU-0011,WH-006,1519
2026-06-01,SKU-0028,WH-006,-64
2026-06-23,SKU-0031,WH-001,1449
2026-06-12,UNKNOWN,WH-003,1807
2026-07-06,SKU-0049,WH-004,299
not-a-date,SKU-0023,WH-006,1473
%d/%m/%Y,SKU-0010,WH-002,220
2026-06-29,SKU-0001,WH-006,1025
2026-07-07,SKU-0033,WH-002,698
2026-08-07,SKU-0043,WH-008,1683
2026-06-05,SKU-0035,WH-002,30
2026-08-13,SKU-0055,WH-003,1550
2026-06-18,SKU-0045,WH-007,2374550
2026-08-20,SKU-0009,WH-006,323
2026-07-21,SKU-0040,WH-004,221
2026-07-24,SKU-0060,WH-002,1815
2026-06-29,SKU-0023,WH-007,171
2026-08-02,SKU-0000,WH-002,1971
2026-06-29,UNKNOWN,WH-006,1640
2026-06-04,UNKNOWN,WH-005,1947
2026-08-08,SKU-0005,WH-005,27
2026-08-24,SKU-0036,WH-005,745
2026-06-26,SKU-0058,WH-004,820
2026-08-20,SKU-0042,  WH-012  ,1409
2026-06-20,SKU-0060,,229
2026-07-18,SKU-0036,WH-007,931
2026-06-14,SKU-0013,WH-004,-366
2026-08-10,SKU-0059,WH-008,808
2026-08-24,SKU-0016,WH-002,1749
2026-08-10,SKU-0034,WH-002,1477
2026-06-13,SKU-0007,WH-007,-3
2026-06-04,SKU-0009,WH-003,1911
2026-07-18,SKU-0047,WH-008,1430
2026-07-06,SKU-0047,WH-006,442
2026-06-21,SKU-0048,WH-006,1679
2026-06-12,SKU-0046,WH-007,448
2026-08-22,SKU-0033,WH-008,541
2026-07-19,SKU-0025,WH-008,1462
2026-08-22,SKU-0030,WH-002,2048890
2026-08-14,SKU-0028,WH-999,1730
2026-06-06,SKU-0024,WH-004,1748
31/31/2026,SKU-0014,WH-005,1056
2026-06-02,SKU-0027,WH-008,1927
2026-08-16,SKU-0044,WH-004,1442
2026-07-10,SKU-0019,WH-001,1701
2026-08-18,SKU-0008,WH-002,6
2026-08-03,SKU-0040,WH-006,1190
2026-06-06,SKU-0047,WH-001,1310
2026-06-10,SKU-0030,WH-005,978
2026-08-13,SKU-0017,  WH-012  ,961
2026-07-12,SKU-0051,WH-002,378
2026-06-02,NA,WH-002,1390
2026-07-03,SKU-0048,WH-003,1656
2026-07-25,SKU-0011,WH-005,775
2026-08-28,SKU-0024,WH-006,829
2026-06-20,SKU-0010,WH-003,995
2026-07-12,SKU-0035,WH-003,1689
2026-08-14,SKU-0022,WH-002,1214
2026-08-08,SKU-0010,WH-006,1735
2026-07-15,SKU-0034,WH-001,658
2026-08-30,SKU-0040,WH-003,1922
2026-08-02,SKU-0053,WH-007,166
2026-07-10,SKU-0032,,1218
2026-08-07,SKU-9999,WH-003,4492457
2026-07-14, ,WH-006,1755
2026-06-28,SKU-0003,WH-007,537
2026-08-19,SKU-0001,WH-004,359
2026-08-04,SKU-0007,WH-0,1617
2026-07-31,SKU-0001,WH-999,1335
%d/%m/%Y,SKU-0043,WH-006,678
2026-06-01,SKU-0026,WH-004,1234
%d/%m/%Y,SKU-0022,WH-002,114
%m/%d/%Y,SKU-0027,WH-002,1544
2026-06-29,SKU-0024,WH-006,972
2026-08-20,SKU-0003,WH-006,1934
%m/%d/%Y,SKU-0016,WH-008,719
2026-07-23,SKU-0041,WH-003,906
2026-08-21,SKU-0023,,1108
2026-06-11,SKU-0009,WH-005,568
2026-08-25,SKU-0054,WH-003,866
2026-08-14,SKU-0056,WH-006,1035
2026-06-09,UNKNOWN,WH-002,1298
2026-06-02,SKU-0004,WH-003,410
2026-07-16,SKU-0054,  WH-012  ,999
2026-08-09,SKU-0006,WH-006,1766
2026-07-18,SKU-0043,WH-005,42
%Y-%m-%d,SKU-0048,WH-007,497
2026-06-17,SKU-0052,WH-001,253
2026-06-26,SKU-0008,WH-004,235
2026-08-30,SKU-0015,WH-002,1102
2026-06-22, ,WH-005,137
2026-08-03,SKU-0033,WH-004,816
2026-08-27,SKU-0006,WH-006,197
2026-07-29,SKU-0006,WH-006,1640
2026-08-17,SKU-0026,WH-003,915
2026-08-01,SKU-0033,WH-002,510
2026-06-16,SKU-0060,WH-002,762
2026-07-06,SKU-0029,WH-005,870
2026-06-09,SKU-0037,WH-006,1730
2026-06-21,SKU-0004,WH-001,799
2026-06-30,sku-1001,WH-001,643
2026-08-04,SKU-0018,WH-001,13
2026-06-29,SKU-0057,WH-008,558
2026-06-07,SKU-0020,WH-006,1816
2026-07-05,SKU-0041,WH-007,1783
2026-07-25,SKU-0012,WH-004,1210
2026-06-24,SKU-0058,WH-008,888
31/31/2026,SKU-0058,WH-999,1772
2026-06-25,SKU-0001,WH-007,467
2026-06-29,SKU-0030,WH-002,1832
2026-08-29,SKU-0013,WH-002,1111
2026-06-14,SKU-0029,WH-008,337
2026-06-04,SKU-0058,WH-008,1181
2026-08-28,SKU-0048,WH-007,461
2026-08-13,SKU-0030,WC-001,728
2026-06-22,SKU-0056,,1829
2026-07-26,SKU-0055,WH-003,793
2026-07-22,SKU-0006,WH-004,1240
2026-06-28,SKU-0027,WH-004,1736
2026-07-24,SKU-0018,WH-001,1641
2026-07-12,SKU-0010,WH-006,-256
%Y/%m/%d %H:%M,SKU-0001,WH-004,386
2026-07-01,SKU-0048,WH-001,1980
2026-07-11,SKU-0011,WH-007,1894
2026-07-19,SKU-0014,WH-003,1040
2026-08-13,SKU-0041,WH-004,916
2026-08-09,SKU-0044,WH-001,-68
2026-06-10,SKU-0030,WH-006,505
2026-07-19,SKU-0018,WH-003,27
2026-06-21,SKU-0006,WH-001,353
2026-08-12,SKU-0017,WH-005,22
2026-06-27,SKU-0006,WH-006,109
2026-07-02,SKU-0010,WH-005,1856
2026-06-14,SKU-0048,WH-002,-482
2026-07-11,SKU-0051,WH-003,1105
2026-08-26,SKU-0047,WH-008,1950
2026-08-17,SKU-0034,WH-004,32
2026-07-12,SKU-0006,WH-003,1530
2026-06-19,SKU-0045,WH-005,1980
2026-08-23,SKU-0019,  WH-012  ,1703
2026-08-04,SKU-0050,WH-001,1255
2026-07-21,SKU-0045,  WH-012  ,793
2026-08-13,SKU-0044,WH-006,766
2026-06-15,SKU-0060,  WH-012  ,554
2026-07-08,SKU-0020,WH-0,1891
2026-06-03,SKU-0041,WH-002,41
2026-07-31,SKU-0046,WH-002,1259
2026-08-11,SKU-0010,WH-004,1058
2026-07-31, ,WH-005,1784
2026-08-15,SKU-0045,WH-007,1349
2026-06-26,SKU-0048,WH-001,597
%m/%d/%Y,SKU-0032,WH-003,1496
2026-08-09,SKU-0003,WH-006,1142
2026-06-15,SKU-0049,WH-008,1404
2026-08-24,,WH-004,175
2026-06-29,,WH-005,17
2026-07-08,SKU-0004,WH-001,416
2026-08-31,SKU-0002,WH-006,924
2026-08-09,SKU-0015,WH-008,490
2026-07-26,SKU-0028,WH-003,1186
%Y/%m/%d %H:%M,SKU-0037,WH-001,1812
2026-06-30,SKU-0055,WH-002,341
2026-08-18,SKU-0042,WH-005,1104
%m/%d/%Y,SKU-0014,WH-003,814
2026-08-30,SKU-0038,WH-003,866
2026-07-30,SKU-0039,  WH-012  ,1628
2026-06-26,SKU-0002,WH-004,589
2026-08-13,SKU-0006,WH-001,84
2026-07-01,SKU-0026,WH-001,731
2026-07-12,SKU-0003,WH-003,902
2026-07-11,SKU-0039,WH-001,1156
2026-08-14,SKU-0023,WH-003,937
2026-06-04,SKU-0044,WH-005,69
2026-06-10,SKU-0045,WH-0,1098
2026-06-25,SKU-0036,WH-005,1122
2026-06-02,SKU-0047,WH-005,1467
2026-06-24,SKU-0036,WH-001,921
2026-06-06,SKU-0034,WH-003,362
2026-07-11,SKU-0034,WH-002,420
2026-08-31,SKU-0013,WC-001,1457
2026-07-31,SKU-0026,WH-008,1303
2026-08-16,SKU-0044,WH-001,74
2026-07-23,SKU-0047,WH-006,1599
2026-07-28,SKU-0019,WH-001,1568
2026-08-31,SKU-0057,WH-006,1851
2026-08-01,SKU-0056,WH-004,796
2026-07-17,SKU-0038,WH-007,955
2026-08-11,SKU-0051,WH-999,1099
2026-08-31,SKU-0007,WH-002,1981
2026-07-08,SKU-0036,WH-007,1945
2026-08-18,SKU-0025,WH-007,1398
2026-07-15,SKU-0049,WH-005,577
2026-07-21,SKU-0040,WH-008,1903
2026-08-24,SKU-0049,WH-008,1373
2026-07-11,SKU-0049,WH-001,661
2026-07-08,SKU-0056,WH-004,113
2026-08-04,SKU-0041,WH-007,1622
2026-08-23,SKU-0038,  WH-012  ,1574
2026-08-22,SKU-0008,WH-001,3998555
2026-07-15,SKU-0007,WH-007,139
2026-07-19,SKU-0031,WH-008,332
2026-08-06,SKU-0053,WH-002,1690
2026-08-15,SKU-0041,WH-002,374
2026-08-13,SKU-0039,WH-008,888
2026-06-04,,WH-003,1734
%Y-%m-%d,SKU-0057,WH-003,657
2026-07-14,SKU-0013,WH-005,1992
2026-08-31,SKU-0006,WH-003,1670
2026-07-28,SKU-0010,WH-006,743
2026-08-02,SKU-0001,WH-008,1692
2026-07-11,SKU-0010,WH-003,360
2026-08-01,SKU-0023,WH-008,362
2026-06-12,SKU-0057,WH-005,1690
2026-07-16,SKU-0053,WH-006,1172
%d/%m/%Y,SKU-0008,WH-007,820
2026-07-27,SKU-0027,WH-007,1879
2026-06-08,SKU-0019,WH-007,1551
2026-08-22,SKU-0010,WH-002,487
2026-07-23,SKU-0030,WH-004,92
2026-07-07,SKU-0057,WH-005,1633
2026-07-31,SKU-0001,WH-004,659
2026-07-13,SKU-9999,WH-008,1990
2026-06-08,UNKNOWN,WH-004,440
2026-07-02,SKU-0029,WH-007,1999
2026-08-27,SKU-0049,WH-007,1478
2026-08-24,SKU-0016,WH-007,740
2026-08-21,SKU-0049,WH-005,3687203
2026-07-08,SKU-0012,WH-0,-420
2026-07-01,SKU-0014,WH-007,1559
2026-08-31,SKU-0029,WH-008,1990
2026-06-20,SKU-0007,WH-0,1994
2026-07-20,NA,WH-001,547
2026-08-11,SKU-0043,WH-001,805
2026-07-02, ,WH-002,549
2026-08-07,SKU-0005,WH-003,961
2026-07-03,SKU-0036,WH-004,1732
2026-06-14,SKU-0029,WH-007,792
2026-06-25,SKU-0052,WH-008,381
2026-06-04, ,WH-005,1528
2026-07-25,SKU-0036,WH-005,1430
2026-08-29,SKU-0047,WH-006,980
2026-06-23,SKU-0036,WH-008,1682
2026-08-02,SKU-0039,WH-007,-328
2026-06-17,SKU-0046,WH-007,584
2026-08-29,SKU-0022,WH-001,1274
2026-07-21,SKU-0041,WH-008,874
2026-07-31,SKU-0060,WH-006,-14
2026-06-17,SKU-0021,WH-002,1096
2026-08-31,SKU-0018,WH-004,669
2026-07-08,SKU-0027,WH-999,620
2026-08-04,SKU-0057,WH-005,1782
2026-08-02,SKU-0015,WH-0,281
2026-06-30,SKU-0052,WH-001,1984
2026-08-16,SKU-0021,WH-007,1255
2026-08-14,SKU-0005,WH-002,1872
2026-07-03,SKU-0026,WC-001,1640
2026-08-30,,WH-002,1987
2026-07-24,SKU-0018,WH-004,1574
2026-07-08,SKU-0052,WH-999,1145
2026-08-27,SKU-0014,WH-007,1855
2026-07-23,SKU-0054,WH-007,961
2026-06-02,,WH-003,1323
2026-07-22,SKU-0019,WH-001,1668
2026-08-11,SKU-0031,WH-007,3168625
2026-07-10,SKU-0014,WH-008,301
2026-07-20,SKU-0053,WH-002,1139
2026-08-16,SKU-0022,WH-004,61
2026-06-30,SKU-0029,WH-002,1687
2026-08-15,SKU-0047,WH-005,714
2026-08-06,SKU-0041,WH-003,1961
2026-06-09,SKU-0049,WH-002,31
2026-07-30,SKU-0007,WH-004,1330
2026-07-03,SKU-0013,WH-004,489
2026-07-27,SKU-0024,WH-007,3441476
2026-08-13,SKU-0040,WH-008,790
2026-06-08,SKU-0001,WH-003,71
%m/%d/%Y,SKU-0043,WH-002,1859
2026-08-24,SKU-0042,WH-008,966
2026-06-20,NA,WH-001,1343
2026-07-03,SKU-9999,WH-008,1314
2026-06-05,SKU-0047,WH-006,1430
%Y-%m-%d,SKU-0029,WH-008,2782805
2026-08-20,SKU-0020,WH-003,395
2026-07-25,SKU-0030,WH-002,499
2026-06-04,SKU-0038,WH-007,435
not-a-date,SKU-0001,WH-005,188
2026-07-14,SKU-0022,WH-006,690
2026-08-16,SKU-0032,WH-002,1324
%Y/%m/%d %H:%M,SKU-0001,WH-001,340
2026-08-18,SKU-0011,WH-005,1188
2026-06-18,SKU-0057,WH-005,1201
2026-08-06,SKU-0007,WH-002,1973
2026-08-19,SKU-0055,WH-002,1821
2026-08-27,SKU-0007,WH-002,1481
2026-06-16,SKU-0042,WH-005,217
2026-07-22,SKU-0052,WH-002,1252
2026-08-17,SKU-0002,WH-004,15
2026-07-21,SKU-0052,WH-008,1310
2026-08-15,SKU-0058,WH-002,514
2026-06-12,SKU-0012,WH-004,243
%m/%d/%Y,SKU-0016,WH-008,439
2026-06-18,SKU-0009,WH-005,1649
2026-07-21,SKU-0044,WH-005,1031
2026-08-05,SKU-0018,WH-003,1065
2026-08-27,SKU-0024,WH-005,1560
2026-08-07,SKU-0056,WH-004,119
2026-06-15,SKU-0002,WH-005,698
2026-08-09,SKU-9999,WH-007,131
2026-07-12,sku-1001,WH-001,1110
2026-07-12,SKU-0054,WH-001,1545
2026-07-06,SKU-0043,WH-005,837
2026-07-27,,WH-004,345
2026-08-01,SKU-0009,WH-004,1627
%m/%d/%Y,SKU-0019,WH-003,3524747
2026-06-01,SKU-0048,WH-006,1028
2026-07-06,SKU-0025,WH-005,-349
2026-07-26,SKU-9999,WH-006,472
2026-06-26,SKU-0021,WH-002,829
%Y/%m/%d %H:%M,SKU-0044,WH-001,277
2026-08-14,SKU-0018,WH-001,1451
2026-06-23,SKU-0005,WH-005,441
2026-08-22,SKU-0003,WH-001,895
%d/%m/%Y,SKU-0003,WH-004,504
2026-06-24,SKU-0040,WH-005,426
2026-07-11,SKU-0044,WH-008,1817
2026-06-20,SKU-0018,WH-001,3066083
2026-06-14,SKU-9999,WH-005,1412
2026-07-13,sku-1001,WH-007,726
2026-06-15,UNKNOWN,WH-008,812
%m/%d/%Y,SKU-0022,WH-002,1452
2026-08-20,SKU-0045,WH-005,-202
%Y-%m-%d,SKU-0031,WH-004,1386
2026-06-18,SKU-0010,WH-006,951
2026-07-18,SKU-0032,WH-003,1588
2026-07-28,SKU-0013,WH-002,1685
2026-08-07,SKU-0025,WH-004,314
2026-06-01,SKU-0028,WH-007,1453
2026-07-26,SKU-0036,WH-007,1657
2026-07-27,SKU-0013,WH-002,77
2026-06-22,SKU-0044,WH-007,1071
2026-06-27,SKU-0052,WH-002,1061
2026-08-20,SKU-0013,WH-007,602
2026-08-24,SKU-0034,WH-003,1370
2026-06-26,SKU-0027,WH-003,1343
, ,WH-006,783
2026-08-01,SKU-0060,WH-002,1602
2026-08-20,SKU-0035,WH-007,391
2026-08-01,SKU-0055,WH-006,1205
2026-07-21,SKU-0015,WH-002,312
2026-08-21,SKU-0050,WH-005,1423
2026-07-20,SKU-0045,WH-002,596
2026-07-17,SKU-0041,WH-007,1038
2026-08-17,SKU-0031,WH-007,1942
2026-08-27,SKU-0029,WH-001,58
2026-06-16,SKU-0018,WH-006,1090
2026-08-21,SKU-0041,WH-008,817
2026-06-14,SKU-0027,WH-003,1163
2026-08-04,SKU-0034,WH-003,1165
2026-06-10,sku-1001,WH-003,1958
2026-07-10,SKU-0049,WH-002,1298
2026-07-29,UNKNOWN,WH-002,1434
2026-06-11,SKU-0019,WH-003,-9
2026-07-28,SKU-0022,WH-003,-401
2026-06-18,SKU-0023,WH-003,1930
2026-06-24,SKU-0008,WH-006,1857
2026-06-17,SKU-0042,WH-006,317
2026-08-02,,WH-002,1647
2026-06-26,SKU-0040,WH-0,930
2026-06-24,SKU-0025,WH-007,1106
2026-08-07,NA,WH-006,1487
2026-06-12,SKU-0011,WH-003,-397
2026-06-04,SKU-0031,WH-003,163
2026-06-06,SKU-0008,WH-005,1361
2026-06-28,SKU-0041,WH-005,1005
2026-08-22,SKU-0014,WH-006,1088
2026-08-20,SKU-0015,WH-999,782
2026-07-25,UNKNOWN,WH-002,309
2026-08-06,SKU-0032,WH-006,1021
2026-07-08,SKU-0003,WH-0,54
%m/%d/%Y,SKU-0020,WH-002,-384
2026-07-04,UNKNOWN,WH-008,1599
2026-06-22,SKU-0003,WH-004,1553
2026-08-30,SKU-0048,WH-007,1323
2026-06-06, ,WH-007,1043
2026-06-17,sku-1001,WH-005,1902
2026-07-16,SKU-0038,WH-006,1775
2026-08-28,NA,WH-008,339
2026-08-05,SKU-0032,WH-003,1971
2026-08-17,SKU-0001,WH-004,1336
2026-07-22,SKU-0019,WH-006,1589
2026-06-11,SKU-0006,WH-002,4928895
2026-07-30,SKU-0052,  WH-012  ,567
2026-08-07,SKU-0031,WH-008,1132
2026-06-03,SKU-0030,WH-002,1112
2026-07-31,SKU-0036,WH-002,1728
%Y-%m-%d,SKU-0045,WH-006,12
2026-08-07,SKU-0040,WH-007,626
%Y-%m-%d,SKU-0019,WH-004,1225
2026-07-27,SKU-0029,WH-008,274
2026-08-12,,WH-007,166
%Y/%m/%d %H:%M,SKU-0013,WH-001,206
2026-08-22,SKU-0035,WH-003,4577625
2026-08-18,SKU-0038,WH-001,979
2026-08-27,SKU-0004,WH-006,1816
2026-08-24,SKU-0054,WH-008,604
2026-07-01,SKU-0043,WH-002,1245
2026-07-28,SKU-0018,WH-006,677
2026-07-03,SKU-0027,WH-008,2963157
2026-08-24,SKU-0011,WH-008,891
2026-08-12,SKU-0056,WH-006,1593
,SKU-0019,WH-002,1507
2026-08-03,SKU-0033,WH-003,458
2026-08-06,SKU-9999,WH-004,630
2026-08-20,SKU-0029,WH-006,200
2026-07-19,SKU-0030,WH-001,1588
2026-07-16,SKU-0037,WH-002,94
2026-07-16,SKU-0037,WH-002,1131
2026-08-23,SKU-0013,WH-003,1369
2026-07-08,SKU-0039,WH-002,1455
2026-06-24,SKU-0038,WH-006,773
2026-06-28,SKU-0018,WH-003,1577
2026-07-31,SKU-0046,WH-004,1616
2026-08-25,SKU-0046,WH-003,1741
2026-07-24,SKU-0050,WH-002,1903
2026-07-18,SKU-0031,WH-007,13
2026-06-17,SKU-0011,WH-005,942
2026-07-28,SKU-0016,WH-008,1120
2026-07-05,SKU-0032,WH-002,690
2026-06-30,SKU-0035,WH-006,1453
2026-07-14,SKU-0004,WH-001,531
2026-07-15,SKU-0012,WH-008,1606
2026-07-14,SKU-0031,WH-007,1738
2026-07-23, ,WH-008,778
2026-06-10,SKU-0059,WH-0,963
2026-08-05,SKU-0024,WH-007,1660
2026-06-06,SKU-0039,WH-004,434
2026-06-24,SKU-0037,WH-005,1648
2026-08-16,SKU-0011,WH-006,1534
2026-08-26,SKU-0003,  WH-012  ,650
%d/%m/%Y,SKU-0013,WH-003,1211
2026-07-15,SKU-0025,WH-999,525
2026-06-16,SKU-0030,WH-001,1586
2026-08-19,SKU-0028,WH-001,417
2026-06-07,SKU-0044,WH-008,1622
2026-07-27,SKU-0010,WH-001,1170
%d/%m/%Y,SKU-0020,WH-999,1827
2026-08-22,SKU-0039,WH-003,1236
2026-06-05,SKU-0031,WH-005,1376
2026-06-16,UNKNOWN,WH-005,1831
2026-08-28,SKU-0059,WH-004,774
2026-06-04,SKU-0044,WH-003,1670
2026-06-11,SKU-0002,WH-005,1748
2026-06-25,SKU-0026,WH-001,839
2026-06-17,SKU-0009,WH-001,519
2026-07-08,SKU-0056,WH-001,440
2026-06-05,SKU-0039,WH-001,1330
2026-08-12,SKU-0025,WH-004,652
2026-07-27,SKU-0003,WH-004,1087
%Y-%m-%d,SKU-0040,WH-005,-127
2026-08-22,SKU-0037,WH-006,-322
2026-07-09,SKU-0021,WC-001,1428
2026-07-09,SKU-0015,WH-004,1887
2026-06-19,SKU-0049,WH-001,933
2026-08-12,SKU-0035,WH-006,1992
2026-08-20,SKU-0056,WH-008,805
2026-07-05,,WH-002,1704
2026-08-31,SKU-0043,WH-002,1932
2026-07-10,SKU-0060,WH-001,223
2026-06-17,SKU-0005,WH-008,768
2026-07-10,SKU-0003,WH-003,1553
2026-06-27,SKU-0012,WH-008,1796
,SKU-0039,WH-007,579
2026-08-06,SKU-0013,WH-001,1951
2026-06-24,SKU-0047,WH-004,1972
2026-07-22,SKU-0023,WH-007,692
2026-06-10,SKU-0033,WH-006,1427
2026-08-03,SKU-0003,WH-999,1510
2026-06-07,SKU-0017,WH-006,315
2026-08-23,SKU-0049,WH-008,1225
2026-07-08,SKU-0001,WH-008,1469
2026-07-01,SKU-0039,WH-002,1621
2026-08-11,SKU-0012,WH-003,1408
%d/%m/%Y,SKU-0016,WH-001,1516
2026-08-09,SKU-0025,WH-003,1854
2026-06-17,SKU-0033,WH-005,162
2026-08-19,SKU-0053,WH-001,1615
2026-06-12,SKU-0017,WH-001,989
2026-07-25,SKU-0014,WH-008,1096
2026-08-14,SKU-0045,WH-0,995
2026-06-29,SKU-0002,WH-008,1677
%d/%m/%Y,SKU-0022,WH-999,1803
2026-07-24, ,WH-006,1885
2026-06-24,SKU-0053,WH-003,168
2026-07-23,SKU-0023,WC-001,1643
2026-07-19,SKU-0050,WH-001,512
2026-07-05,SKU-0036,WH-002,-365
2026-07-30,SKU-0045,WH-003,1531
2026-06-26,UNKNOWN,WH-008,1816
2026-08-09,SKU-0053,WH-002,1933
2026-08-05,SKU-0049,WH-002,865
%m/%d/%Y,SKU-0013,WH-008,393
2026-07-21,SKU-0011,WH-003,1670
2026-07-17,SKU-0037,WH-008,1030
2026-08-16,SKU-0006,WH-004,1242
2026-08-30,SKU-0014,WH-003,194
2026-08-31,SKU-0007,WH-003,1579
2026-06-04,NA,WH-001,203
2026-07-24,SKU-0049,WH-005,1913
2026-08-30,SKU-0010,WH-005,1619
2026-06-21,SKU-0004,WH-008,30
2026-06-02,SKU-0010,WH-007,1113
2026-08-08,SKU-0039,WH-003,298
2026-06-07,,WH-006,558
2026-08-02,SKU-0015,WH-006,1234
2026-08-22,SKU-0058,WH-006,3911638
2026-06-25,SKU-0017,WH-001,920
%Y/%m/%d %H:%M,SKU-0003,WH-005,1419
2026-07-26,SKU-0049,WH-007,1236
2026-08-03,SKU-0000,WH-002,499
2026-07-12,SKU-0001,WH-001,2757857
2026-06-09,SKU-0045,WH-004,-414
2026-07-25,SKU-0046,WH-005,130
2026-08-14,SKU-0058,WH-002,1133
%d/%m/%Y,sku-1001,WH-007,357
2026-08-19,SKU-0002,WH-001,1233
2026-06-17,sku-1001,WH-008,14
2026-08-19,SKU-0010,WH-002,1349
2026-08-08,,WH-999,877
2026-07-15,SKU-0031,WH-008,683
%d/%m/%Y,SKU-0041,WH-003,1616
2026-07-23,SKU-0043,WH-008,517
2026-06-03,SKU-0054,WH-003,1730
2026-06-04,sku-1001,WH-006,518
2026-07-13,SKU-0044,WH-008,1805
2026-07-23,SKU-0020,WH-003,1617
2026-08-03,SKU-0029,WH-006,131
2026-08-06,SKU-0056,WH-007,253
2026-08-20,sku-1001,WH-003,1376
2026-06-27,SKU-0039,WH-007,-436
2026-07-20,SKU-0023,WH-003,2628114
2026-06-15,SKU-0032,WH-003,813
2026-06-12,SKU-0027,WH-003,1412
2026-08-25, ,WH-007,527
%d/%m/%Y,UNKNOWN,WH-003,3406907
2026-06-10,SKU-0020,WH-002,654
2026-07-23,,WH-002,1879
2026-07-06,SKU-0011,WH-005,754
2026-08-27,SKU-0054,WH-001,1257
2026-06-20,SKU-0001,WH-001,800
2026-08-02,sku-1001,WH-007,649
2026-07-12,SKU-0052,WH-004,89
,SKU-0036,WH-004,1701
%Y/%m/%d %H:%M,NA,WH-001,1418
2026-07-18,SKU-9999,WH-001,1378
2026-08-26,SKU-0027,WH-002,1036
2026-07-31,SKU-0028,WH-001,1802
2026-07-06,SKU-0012,WH-008,448
2026-07-22,SKU-0056,WH-002,839
2026-08-09,SKU-0044,WH-001,897
2026-06-04,SKU-0018,WH-005,1042
2026-07-22,SKU-0060,WH-006,196
2026-07-01,SKU-0010,WH-006,1983
2026-06-23,SKU-0034,WH-001,271
2026-08-20,SKU-0023,WH-002,791
2026-06-23,SKU-0054,WH-006,356
2026-07-15,SKU-0016,WH-002,1562
2026-08-21,sku-1001,WH-007,466
2026-06-20,SKU-9999,WC-001,897
not-a-date,SKU-0047,WH-004,383
2026-07-08,SKU-0051,WH-007,1713
2026-07-27,SKU-0004,WH-002,445
2026-07-19,SKU-0003,WH-004,710
2026-13-45,SKU-0011,WH-002,964
2026-07-16,SKU-0005,WH-003,454
2026-08-14,SKU-0013,WH-007,1405
%d/%m/%Y,SKU-0020,WH-003,528
2026-06-18,SKU-0028,WH-006,1650
2026-08-25,SKU-0045,WH-007,133
2026-08-21,SKU-0033,WH-008,1995
%Y/%m/%d %H:%M,SKU-0050,WH-007,-183
2026-07-27,sku-1001,WH-999,1291
2026-07-05,SKU-0014,WH-0,1347
2026-06-24,SKU-0026,WH-004,1334
2026-06-03,SKU-0052,WH-001,1119
2026-08-22,SKU-0058,WH-005,696
2026-06-15,SKU-0006,WH-001,2265275
2026-08-29,SKU-0033,WH-006,335
2026-08-03,SKU-0037,WH-006,1650
2026-08-08,SKU-0023,WH-004,1255
2026-06-18,SKU-0055,WH-008,1045
2026-08-21,SKU-0029,WH-008,1151
2026-06-01,SKU-0044,WH-004,540
2026-06-19,SKU-0011,WH-005,-357
2026-07-18,sku-1001,WH-002,1895
2026-07-25,SKU-0036,WH-006,1515
2026-08-29,SKU-0034,WH-004,591
2026-07-30,SKU-0010,WH-006,1131
2026-06-07,SKU-0059,WH-003,185
2026-07-12,SKU-0033,WH-001,64
2026-07-20,sku-1001,WH-005,1457
2026-06-21,SKU-0052,WC-001,1629
2026-08-12,SKU-0005,WH-005,1900
2026-06-13,SKU-0052,WH-006,1725
2026-06-30,SKU-0039,WH-001,721
2026-08-09,UNKNOWN,WH-004,503
2026-07-20,SKU-0021,WH-001,87
%d/%m/%Y,SKU-0015,WH-005,1838
2026-06-08,SKU-0027,WH-006,782
2026-06-28,SKU-0025,WH-001,1911
2026-06-05,SKU-0055,WH-001,574
2026-08-16,SKU-0037,WH-002,1552
2026-06-18,SKU-0008,WC-001,1845
not-a-date,SKU-0004,WH-008,643
2026-08-29,SKU-0051,WH-006,1084
2026-08-18,SKU-0044,WH-003,1439
2026-08-22,SKU-0032,WH-003,1531
2026-06-23,SKU-0035,WH-006,109
2026-07-15,SKU-0033,  WH-012  ,385
2026-06-21,SKU-0034,WH-008,329
2026-07-02,SKU-0013,WH-005,1510
2026-08-01,SKU-0050,WH-006,49
2026-08-20,SKU-0039,WH-005,542
2026-06-07,SKU-0005,WH-008,354
%Y/%m/%d %H:%M,SKU-0013,WH-007,847
2026-08-14,SKU-0005,WH-999,419
2026-08-01,SKU-0004,WH-008,1224
2026-07-19,SKU-0025,WH-008,-161
2026-08-12,SKU-0022,WH-001,1336
%m/%d/%Y,SKU-0059,WH-005,34
2026-08-25,SKU-0034,WH-004,140
,SKU-0050,WH-003,4604523
2026-08-27,SKU-0042,WH-006,1460
2026-06-23,SKU-0006,WH-004,129
2026-07-26,SKU-0038,WH-007,720
2026-06-05, ,WH-001,974
2026-06-21,SKU-0013,WH-001,2
2026-08-01,SKU-0006,WH-004,841
2026-06-19,SKU-0054,WH-008,1624
2026-06-11,UNKNOWN,WH-006,4718542
2026-06-12,SKU-0033,WH-006,262
%Y-%m-%d,SKU-0017,WH-001,-428
2026-06-03,SKU-0022,WH-005,4665754
%d/%m/%Y,SKU-0001,WH-008,809
2026-06-10,SKU-0052,WH-004,1463
2026-06-27,SKU-0002,WH-004,673
2026-06-08,SKU-0017,WH-001,989
2026-07-01,SKU-0044,WH-002,-92
2026-08-11,SKU-0042,WH-001,1092
2026-07-06,SKU-0016,WH-003,1171
2026-08-07,SKU-0047,WH-005,104
%d/%m/%Y,SKU-0001,WH-002,1094
2026-07-19,SKU-0030,WH-002,1027
2026-08-17,SKU-0041,WH-008,626
2026-06-17,SKU-0030,WH-008,1174
2026-07-09,SKU-0043,WH-001,1893
2026-07-05,SKU-0042,WH-004,374
2026-07-29,SKU-0019,WH-004,189
2026-08-30,,WH-003,1004
2026-08-24,SKU-0022,WH-005,961
2026-06-07,SKU-0019,WH-008,988
2026-06-18,SKU-0052,WH-005,1047
2026-07-22,SKU-0057,WH-003,-29
%d/%m/%Y,SKU-0026,WH-002,342
2026-08-18,SKU-0004,WH-002,1677
2026-08-20,SKU-0031,WH-001,1945
2026-08-01,SKU-0054,WH-008,70
2026-08-25,SKU-0021,WH-008,1726
2026-06-21,SKU-0052,WH-006,1156
2026-08-17,SKU-0008,WH-008,1139
%d/%m/%Y,SKU-0038,WH-001,1936
2026-06-03,SKU-0005,WH-003,1624
2026-06-14,SKU-0047,WH-008,1259
2026-06-10,SKU-0009,WH-005,332
2026-07-12,SKU-0055,WH-007,1263
2026-08-11,SKU-0005,WH-003,975
2026-07-14,SKU-0057,WH-005,1961
2026-08-27,SKU-0045,WH-003,1426
2026-08-18,SKU-0000,  WH-012  ,550
2026-07-28,SKU-0022,WH-007,1292
2026-07-03,SKU-0005,WH-001,1082
2026-06-30,SKU-0019,WH-002,1211
2026-06-21,SKU-0009,WH-004,1801
2026-07-06,SKU-0050,WH-007,3324466
2026-07-07,SKU-0060,WH-007,44
2026-06-16,SKU-0059,WH-005,295
2026-08-06,SKU-0040,WH-008,848
2026-06-09,SKU-0058,,246
2026-07-15,SKU-0058,WH-001,1881
2026-07-06,SKU-0045,WH-006,1145
2026-06-08,SKU-0039,WH-006,1901
%d/%m/%Y,SKU-0019,,966
2026-08-28,SKU-0037,WH-008,2171139
%d/%m/%Y,SKU-0022,WH-999,4415114
2026-06-26,SKU-0008,WH-006,501
2026-07-18, ,WH-004,1108
2026-07-05,SKU-0010,WH-004,278
2026-07-30,SKU-0020,WH-002,1403
2026-08-31,SKU-0026,WH-005,246
2026-08-20,SKU-0031,WH-008,328
2026-06-02,SKU-0025,WH-006,144
2026-08-20,SKU-0021,WH-006,974
2026-08-18,SKU-0007,WH-004,1105
2026-07-01,SKU-0029,WH-007,381
2026-06-19,SKU-0007,WH-006,1349
2026-08-09,SKU-0049,WH-005,1013
2026-07-16,SKU-0036,WH-001,1097
2026-07-16,SKU-0005,WH-006,-109
2026-08-22,SKU-0013,WH-003,541
2026-08-26,SKU-0013,WH-002,95
2026-07-13,SKU-0013,WH-007,949
2026-08-26,SKU-0020,WH-005,619
2026-08-16,SKU-0009,WH-002,1773
2026-08-15,SKU-0056,WH-006,1083
2026-06-01,SKU-0020,WH-004,1556
2026-08-30,SKU-0006,WH-007,1481
2026-08-15,SKU-0045,WH-007,798
2026-08-24,SKU-0051,WH-004,1105
%Y-%m-%d,SKU-0044,WH-003,86
2026-08-07,SKU-0054,WH-003,559
31/31/2026,SKU-0028,WH-003,1926
2026-13-45,NA,WH-004,187
2026-08-01,SKU-0030,WH-003,882
2026-08-02,SKU-0018,WH-001,380
2026-06-18,SKU-0018,WH-004,182
2026-06-25,SKU-0017,WH-003,841
2026-06-06,SKU-0003,WH-005,1046
2026-06-21,SKU-0012,WH-008,1429
2026-06-11,SKU-0006,WH-003,1929
%Y-%m-%d,SKU-0055,WH-008,1283
%Y-%m-%d,SKU-0009,WH-008,1808
2026-08-20,SKU-0039,WH-008,697
2026-06-26,SKU-0037,WH-002,351
2026-08-27,SKU-0039,WH-999,1815
2026-08-01,SKU-0009,WH-007,175
2026-08-27,SKU-0012,WH-007,23
2026-08-11,SKU-0021,WH-004,257
2026-06-25,SKU-0047,WH-003,1854
2026-07-09,NA,WH-008,-118
2026-06-29,SKU-0040,WC-001,433
2026-06-08,SKU-0020,WH-002,1893
2026-08-08,SKU-0012,WH-002,1236
2026-06-30,SKU-0054,WH-007,656
%m/%d/%Y,SKU-0060,WH-006,1131
2026-06-23,SKU-0005,WH-004,-355
2026-07-16, ,WH-002,316
2026-06-08,SKU-0011,WH-004,1309
2026-06-08,SKU-0042,WH-006,930
2026-06-27,SKU-0029,WH-007,12
2026-06-01,SKU-0011,WH-004,1070
2026-06-08,SKU-0045,WH-007,1992
2026-08-11,SKU-0045,WH-004,1764
2026-06-17,SKU-0037,WH-003,966
2026-06-08,SKU-0048,WH-006,222
2026-08-31,SKU-0046,WH-004,754
2026-08-18,SKU-0058,WH-001,147
2026-06-27,SKU-0014,WH-001,84
2026-07-18,SKU-0060,WH-008,208
2026-06-18,SKU-0018,WH-006,1555
2026-08-07,SKU-0047,WH-008,819
2026-06-16,SKU-0013,WH-006,-119
%m/%d/%Y,SKU-0010,WH-001,920
2026-07-30,SKU-0009,WH-003,-248
2026-07-06,SKU-0027,WH-005,1947
2026-06-08,SKU-0060,WH-001,1736
2026-07-03,SKU-0039,WH-006,278
2026-06-23,SKU-0027,WH-002,717
2026-07-18,SKU-0038,WH-003,1033
2026-07-17,SKU-0022,WH-006,686
2026-07-15,SKU-0000,WH-002,1265
2026-06-16,SKU-0018,WH-006,718
2026-06-12,SKU-0041,WH-006,17
2026-08-02,SKU-0017,WH-006,1086
2026-07-22,SKU-0015,WH-003,1020
2026-06-28,SKU-0036,WH-003,56
2026-07-30,SKU-0006,WH-007,1798
2026-07-18,SKU-0018,WH-001,1828
2026-06-10,SKU-0030,WH-002,1657
2026-07-12,SKU-0052,WH-008,975
2026-07-26,SKU-0001,WH-005,720
2026-06-12,SKU-0033,WH-005,1460
2026-06-24,SKU-0018,WC-001,1708
2026-08-11,SKU-0033,,1391
2026-06-08,SKU-0029,WH-006,777
2026-06-07,SKU-0049,WH-004,1109
2026-08-17,SKU-0029,WH-001,63
2026-06-27,SKU-0045,WH-999,1351
2026-07-04,SKU-0018,WH-001,12
2026-07-03,SKU-0045,WH-001,826
2026-06-09,SKU-0019,WH-008,342
%Y-%m-%d,SKU-0027,WH-003,571
2026-06-30,SKU-0011,WH-007,1280
2026-06-12,SKU-0032,WH-006,1194
2026-07-26,SKU-0016,WH-004,44
2026-08-04,,WH-004,65
2026-08-06,SKU-0032,,415
2026-08-08,SKU-0048,WH-008,583
2026-08-21,SKU-0056,WH-006,1380
2026-06-07,SKU-0026,WH-008,657
2026-06-22,UNKNOWN,WH-002,1068
2026-07-25,NA,WH-002,1344
%m/%d/%Y,SKU-0018,WH-006,1624
%Y-%m-%d,SKU-0003,WH-006,1160
2026-08-31,SKU-0060,WH-003,1796
2026-07-14,SKU-0023,WH-006,75
2026-08-04,SKU-0059,WH-008,1233
2026-08-02,SKU-0039,WH-003,1202
2026-07-30,SKU-0056,WH-004,1889
2026-08-11,SKU-0045,WH-004,1531
2026-08-18,SKU-0022,WH-007,653
2026-08-11,SKU-0026,WH-003,1093
%Y/%m/%d %H:%M,SKU-0029,WH-008,723
2026-06-08,SKU-0001,WH-002,32
2026-08-20,NA,WH-005,423
2026-06-07,SKU-0022,WH-004,1527
2026-06-06,SKU-0001,WH-001,1550
2026-06-05,SKU-0020,WH-008,469
2026-06-28,SKU-0005,WH-003,1940
2026-07-13,SKU-0024,WH-002,728
2026-07-04,SKU-0032,WH-005,1441
2026-07-21,SKU-0001,WH-007,133
2026-08-12,SKU-0044,WH-003,1065
2026-06-15,SKU-0030,WH-001,135
2026-06-06,SKU-0016,WH-008,1409
2026-08-21,SKU-0045,WH-001,1533
2026-06-23,SKU-0015,WH-008,901
2026-08-01,SKU-0029,WH-007,1099
2026-07-25,SKU-0013,WH-999,394
2026-08-24,SKU-0057,WH-008,1031
%Y-%m-%d,SKU-0055,WH-007,903
2026-07-21,SKU-0005,WH-007,620
2026-07-17,SKU-0032,WH-002,46
2026-06-12,SKU-9999,WH-007,1294
2026-08-01,SKU-0045,WH-007,488
2026-07-14,SKU-0057,WH-007,634
2026-07-01,SKU-0025,WH-005,143
2026-08-30,SKU-0054,WH-008,2743858
2026-07-05,SKU-0021,WH-007,1423
2026-06-16,SKU-0036,WH-001,1196
2026-07-24,sku-1001,WH-002,70
2026-08-20,SKU-0027,WH-007,312
2026-06-11,SKU-0031,WH-003,166
2026-06-14,SKU-0016,WH-004,1824
2026-07-23,SKU-0012,WH-007,1534
2026-06-15,SKU-0007,WH-004,210
2026-08-06,SKU-0055,WH-001,1939
2026-06-29,NA,WH-008,1290
2026-06-22,SKU-0049,WH-004,232
2026-07-17,SKU-0003,WH-001,187
2026-06-23,SKU-0034,WH-006,1810
2026-07-20,SKU-0039,WH-004,980
%d/%m/%Y,SKU-0041,WH-005,678
2026-07-01,SKU-0038,WH-004,1264
2026-06-23,SKU-0042,WH-006,441
2026-07-09,SKU-0022,WH-002,584
2026-06-28,SKU-0056,WH-004,316
2026-07-04,SKU-0013,WH-005,-312
2026-08-23,SKU-0001,WH-005,2777458
2026-08-31, ,  WH-012  ,1335
%d/%m/%Y,SKU-0013,WH-008,493
2026-08-01,SKU-0044,WH-003,1717
2026-08-27,SKU-0018,WH-006,590
2026-08-26,SKU-0055,WH-008,1511
2026-07-22,SKU-0020,WH-004,643
2026-07-09,,WH-002,1916
2026-07-20,SKU-0033,WH-001,774
2026-06-09,SKU-0017,WH-003,1951
2026-06-17,SKU-0060,WH-001,2097714
2026-06-12,SKU-0030,WH-008,1177
2026-08-04,SKU-0001,WH-008,644
2026-07-22,SKU-0001,WH-005,1115
2026-06-15,SKU-0023,WH-999,495
2026-07-23,,WH-007,1714
2026-06-05,SKU-0032,WH-003,1992
%Y/%m/%d %H:%M,SKU-0001,WH-002,1332
2026-06-17,SKU-0012,WH-004,580
2026-06-08,SKU-0034,WH-006,675
2026-07-19,SKU-0000,WH-007,686
%m/%d/%Y,SKU-0025,WH-005,1591
2026-08-06,SKU-0044,WH-004,3033980
2026-08-14,SKU-0050,WH-008,1011
2026-06-06,SKU-0006,WH-007,195
2026-06-05,NA,WH-002,1749
2026-07-05,SKU-0031,WH-002,2512311
2026-06-30,SKU-0058,WH-007,451
2026-06-07,sku-1001,WH-001,1416
2026-07-27,SKU-0044,WH-008,1183
2026-07-10, ,WH-006,1110
2026-06-23,SKU-0025,WH-006,448
2026-08-16,SKU-0054,WH-005,491
2026-08-31,SKU-0023,WH-001,1964
2026-06-28,SKU-0032,WH-004,731
2026-06-26,SKU-0033,WH-008,1807
2026-08-03,sku-1001,WH-005,1420
2026-06-15,UNKNOWN,WH-007,1303
2026-08-25,NA,WH-005,217
%d/%m/%Y,SKU-0040,WH-002,383
2026-07-11,SKU-0033,WH-005,100
2026-06-01,SKU-0024,WH-005,1443
2026-07-09,SKU-0021,WH-001,1839
2026-07-08,SKU-0025,WH-008,433
2026-08-23,SKU-0039,WH-007,1648
2026-07-31,SKU-0051,WH-007,1955
2026-07-21,SKU-0028,WH-006,10
2026-07-12,SKU-0060,WH-008,1092
2026-07-10,SKU-0027,WH-002,1725
2026-07-12,SKU-0020,WH-005,685
2026-06-10,SKU-0060,WH-006,539
2026-08-23,SKU-0002,WH-008,1300
2026-07-31,SKU-0021,WH-001,1808
2026-06-07,SKU-0008,WH-005,-473
2026-06-04,SKU-0049,  WH-012  ,-429
2026-06-30,SKU-0026,WH-003,935
2026-07-01,SKU-0022,WH-002,-437
2026-07-05,UNKNOWN,WH-007,1987
2026-06-12,SKU-0046,WH-002,867
2026-07-02,SKU-0041,WH-005,448
2026-08-14,SKU-0009,WH-001,1468
2026-06-12,SKU-0011,WH-007,297
2026-08-17,SKU-0042,WC-001,1750
2026-06-08,SKU-0028,WH-008,1046
2026-06-26,SKU-0019,WH-006,-138
2026-06-21,SKU-0015,WH-005,1921
2026-08-22,SKU-0039,WH-008,806
2026-07-31,SKU-0016,WH-004,1167
2026-07-21,SKU-0030,WH-006,-125
2026-08-02,SKU-0047,WH-003,1337
2026-06-29,SKU-0056,WH-008,1547
2026-07-31,SKU-0042,WH-003,242
2026-06-12,SKU-0045,WH-003,1885
2026-08-07,SKU-0060,WH-0,90
%Y-%m-%d,SKU-0056,WH-004,943
2026-06-15,SKU-0038,WH-008,1444
%m/%d/%Y,SKU-0058,WH-004,4233304
2026-07-27,SKU-0026,WH-002,1835
2026-08-05,SKU-0028,WH-006,997
2026-07-20,SKU-0014,WH-003,1676
2026-07-04,SKU-0006,WH-008,1277
2026-08-09,SKU-0026,WH-007,1649
,SKU-0015,WH-004,563
2026-08-25,SKU-0034,WH-006,1728
2026-07-03,SKU-0031,WH-002,1942
2026-08-08,SKU-0018,WH-007,1318
2026-08-19,SKU-0004,WH-005,1152
2026-06-29,SKU-0036,WH-006,1739
2026-06-07,SKU-0058,WH-002,1320
2026-08-28,SKU-0003,WH-004,4234472
2026-07-20, ,WC-001,1381
2026-08-12,SKU-0041,WH-001,874
2026-06-03,SKU-0049,WH-002,1095
2026-07-05,SKU-0003,WH-001,1735
2026-08-01,SKU-0013,WH-005,-55
2026-06-19,SKU-0007,WH-005,731
2026-06-27,SKU-0059,WH-005,-441
2026-07-15,SKU-0022,WH-003,819
2026-06-27,SKU-0000,WH-003,1350
2026-06-06,SKU-0024,WH-008,840
2026-08-16,SKU-0059,WH-001,984
2026-06-30,SKU-0039,WH-001,292
2026-06-10,SKU-0003,WH-006,1470
2026-06-11,NA,WH-005,1302
2026-08-05,SKU-0003,WH-008,639
2026-06-21,SKU-0018,WH-005,842
2026-06-08, ,WH-003,322
2026-06-02,SKU-0025,WH-003,1286
2026-06-23,SKU-0018,WH-007,1670
2026-06-22,SKU-0019,WH-007,-486
2026-08-24,SKU-0008,WH-005,1911
2026-07-30,SKU-0035,WH-005,307
2026-07-20,SKU-0046,WH-001,374
2026-08-30,SKU-0009,WH-005,1239
2026-06-03,SKU-0002,WH-002,528
2026-08-22,SKU-0017,WH-007,595
2026-06-23,SKU-0031,WH-001,1521
2026-08-08,SKU-0056,WH-008,1712
2026-08-12,SKU-0045,WH-005,552
2026-07-10,SKU-0002,WH-999,1209
2026-08-24,SKU-0039,WH-003,778
%Y-%m-%d,SKU-0032,WH-008,831
2026-07-18,SKU-0023,WH-008,1326
2026-06-19,SKU-0049,WH-005,1612
2026-06-01,SKU-0058,WH-008,838
2026-08-31,SKU-0039,WH-002,779
2026-07-10,SKU-0038,WH-007,676
2026-06-09,SKU-0020,WH-007,1126
2026-06-10,SKU-0042,WH-002,91
2026-08-13,SKU-0026,WH-008,103
2026-06-14,SKU-0049,WH-001,1247
2026-08-19,,WH-004,1124
2026-07-28,SKU-0033,WH-007,419
2026-07-23,SKU-0037,WH-006,1580
2026-07-05,SKU-0043,WH-006,1364
2026-08-30,SKU-0016,WH-004,548
%m/%d/%Y,sku-1001,,1556
2026-06-24,SKU-0014,WH-001,1132
2026-07-18,SKU-0038,WH-006,1624
2026-06-30,SKU-0058,WH-003,1061
2026-06-26,SKU-0044,WH-006,1347
2026-08-31,SKU-0025,WH-002,495
2026-08-05,SKU-0001,WH-006,1989
2026-06-10,SKU-0052,WH-005,4178288
2026-06-19,SKU-0031,WH-006,1590
2026-07-28,SKU-0009,WH-008,153
2026-06-20,SKU-9999,WH-001,1976
2026-08-24,SKU-0056,WH-002,1339
2026-07-25,SKU-0016,WH-006,1355
2026-06-02,,WH-004,1591
2026-08-10,SKU-0008,WH-004,1347
2026-13-45,SKU-0047,WH-005,89
2026-07-11,SKU-0036,WH-007,1856
2026-06-21,SKU-0035,WH-007,650
2026-06-02,SKU-0030,WH-005,225
2026-06-15,SKU-0001,WH-007,928
2026-06-28,SKU-0058,WH-006,598
%d/%m/%Y,SKU-0043,WH-008,767
2026-06-09,SKU-0009,WH-006,2170182
2026-07-08,SKU-0048,WH-003,192
2026-07-02,SKU-0003,WH-999,61
%Y-%m-%d,SKU-0037,WH-003,141
2026-08-23,SKU-0031,WH-008,292
2026-06-19,SKU-0059,WH-004,1697
2026-07-15,SKU-0057,WH-006,-480
2026-07-24,SKU-0032,WH-004,668
2026-07-06,SKU-0009,WH-002,1829
2026-07-09,SKU-0050,WH-001,3811963
2026-06-27,SKU-0057,WH-001,1609
%d/%m/%Y,UNKNOWN,WH-003,1138
2026-06-21,SKU-0033,WH-003,1518
2026-08-06,SKU-0055,WH-005,39
%d/%m/%Y,SKU-0051,WH-006,674
2026-08-08,SKU-0044,WH-005,1507
2026-07-17,SKU-0025,WH-001,204
2026-08-13,SKU-0040,WH-003,1724
31/31/2026,SKU-0034,WH-001,784
2026-06-26,SKU-0053,WH-007,1608
2026-06-04,SKU-0015,  WH-012  ,643
2026-06-07,SKU-0009,WH-003,673
2026-07-29,SKU-0044,WH-002,706
2026-07-01,SKU-0027,WH-008,72
2026-07-17,SKU-0030,WH-004,2531417
2026-08-17,SKU-0058,WH-005,1636
2026-07-23,SKU-0029,WH-999,1215
2026-08-05,SKU-0026,,899
2026-08-29,UNKNOWN,  WH-012  ,265
%d/%m/%Y,UNKNOWN,WH-006,922
2026-07-11,NA,WH-006,1089
2026-07-09,SKU-0038,WH-002,619
2026-06-09,SKU-0005,WH-002,904
2026-08-20,SKU-0028,WH-002,664
2026-06-24,SKU-0060,WH-003,687
2026-07-25,SKU-0021,WH-004,1701
2026-08-23,SKU-0042,WH-004,1363
2026-08-04,SKU-0034,WH-004,1989
2026-07-10,SKU-0046,WH-004,-498
2026-06-12,SKU-0008,WH-008,1389
2026-08-17,SKU-0013,WH-003,427
2026-07-16,SKU-0041,WH-007,1426
2026-06-01,SKU-0057,WH-006,348
2026-07-17,SKU-0033,WH-005,1584
%d/%m/%Y,SKU-0051,WH-006,247
2026-06-27,SKU-0021,WH-006,924
2026-06-15,SKU-0038,WH-008,1008
2026-07-19,SKU-0001,WH-006,1991
2026-06-23,SKU-0023,WH-008,1547
2026-08-23,SKU-0011,WH-001,136
2026-08-19,SKU-0005,WH-005,1714
2026-06-21,SKU-0025,WH-004,132
2026-07-08,SKU-0021,WH-005,533
2026-06-30,SKU-0014,WH-006,418
2026-07-30,SKU-0006,WH-004,1747
2026-06-30,SKU-0024,WH-005,1879
2026-06-28,SKU-0024,WH-008,895
2026-06-28,SKU-0026,WH-008,1393
2026-06-24,SKU-0045,WH-005,810
%m/%d/%Y,SKU-0052,WH-004,458
2026-06-12,SKU-0051,WH-005,432
2026-08-05,SKU-0009,WH-008,190
2026-08-02,SKU-0011,WH-006,608
2026-06-12,SKU-0002,  WH-012  ,2193047
2026-06-11,,WH-007,335
2026-08-05,SKU-0030,WH-005,1497
2026-07-25,NA,WH-006,371
2026-06-06,SKU-0042,WH-004,414
2026-06-16,SKU-0038,WH-006,586
2026-08-09,SKU-0009,WH-008,1479
2026-08-14,SKU-0051,WH-004,1458
2026-08-18,SKU-0007,WH-008,1876
2026-07-16,SKU-0047,WH-005,525
2026-08-08,SKU-0014,WH-003,1566
2026-08-18,SKU-0021,WH-003,-308
2026-08-12,SKU-0001,WH-007,1765
2026-07-23,SKU-0035,WH-008,1334
2026-06-14,SKU-0045,WH-999,1849
2026-06-14,SKU-0025,WH-003,1310
2026-06-27,SKU-0032,WH-005,1699
2026-08-24,SKU-0043,WH-001,429
2026-06-15,sku-1001,WH-001,-265
2026-07-02,SKU-0031,WH-001,1425
2026-08-29,SKU-9999,WH-002,1506
2026-08-08,SKU-0009,WH-001,748
2026-08-04,SKU-9999,WH-003,1000
2026-08-14,SKU-9999,WH-001,277
2026-07-18,SKU-0015,WH-007,813
2026-07-04,SKU-0001,WH-002,975
2026-08-16,SKU-0040,WH-006,1243
2026-08-24,SKU-0058,WH-002,365
2026-07-17,SKU-0003,WH-006,688
2026-07-16,SKU-0028,WH-007,1182
2026-06-06,SKU-0020,WH-005,25
2026-07-05,SKU-0041,WH-003,360
2026-08-09,SKU-0025,WH-004,1261
2026-07-20,SKU-0049,WH-007,921
2026-06-23,SKU-0047,WH-0,1020
2026-07-19,SKU-0002,WH-001,1456
2026-08-25,SKU-0049,WH-003,1067
2026-07-26,SKU-0054,WH-003,1390
2026-06-28,SKU-0034,WH-003,1163
2026-08-13,SKU-0019,WH-004,-214
2026-07-17,SKU-0047,WH-002,1
2026-08-16,NA,WH-005,1847
2026-07-22,SKU-0025,WH-006,1126
%d/%m/%Y,SKU-0040,WH-008,328
2026-08-08,SKU-0038,WH-001,495
2026-07-11,UNKNOWN,WH-003,631
2026-06-20,UNKNOWN,WH-001,1099
2026-08-09,SKU-0001,WH-006,734
2026-06-21,SKU-0054,WH-004,1165
2026-08-24,SKU-0033,WH-006,120
2026-06-11,SKU-0008,WH-001,315
2026-08-21,SKU-0053,WH-006,790
2026-08-08,SKU-0016,WH-002,3947645
2026-08-19,SKU-9999,WH-008,710
2026-07-11,SKU-0036,WH-007,1833
2026-08-22,SKU-0015,WH-001,1283
2026-07-08,SKU-0001,WH-002,1649
2026-08-06,SKU-0038,WH-003,294
2026-07-26,,WH-008,1086
2026-06-26,SKU-0051,WH-003,1647
2026-07-13,SKU-0006,WH-006,1599
2026-08-08,SKU-0019,WH-005,176
2026-07-14,SKU-0017,WH-008,416
2026-07-31,SKU-0060,WH-001,598
2026-06-11,SKU-0015,WH-001,1389
2026-06-12,SKU-0024,WH-008,551
2026-06-12,SKU-0022,WH-004,1214
2026-07-21,SKU-0060,WH-007,971
2026-08-17,sku-1001,  WH-012  ,1433
2026-07-12,SKU-0037,WH-006,204
2026-06-01,SKU-0010,WH-008,3034741
2026-07-12,SKU-0034,WH-005,-109
2026-07-24,SKU-0060,WH-001,1463
2026-08-24,SKU-0030,,1179
2026-07-19,SKU-0014,WH-006,1694
2026-07-29,NA,WH-999,1880
2026-06-15,SKU-0031,WH-003,1991
2026-06-07,SKU-0011,WH-005,1365
2026-06-13,SKU-0050,WH-005,696
2026-07-14,SKU-0007,WH-004,1752
2026-08-24,SKU-0047,WH-002,-107
2026-07-19,SKU-0052,WH-002,1403
2026-07-26,SKU-0048,WH-007,468
2026-08-13, ,WH-004,618
2026-08-29,SKU-0059,WH-999,1359
%m/%d/%Y,SKU-0003,WH-001,1257
2026-07-12,SKU-0003,WH-004,124
2026-07-11, ,WH-002,614
2026-08-06,SKU-0040,WH-001,403
2026-06-25,SKU-0029,WH-001,1366
2026-07-04,SKU-0000,WH-005,1883
31/31/2026,SKU-0044,WH-001,1822
2026-08-25,SKU-0003,WH-007,1168
2026-07-05,SKU-0028,WH-003,1743
2026-07-24,SKU-0049,WH-001,1835
2026-08-02,SKU-0007,WH-005,594
%m/%d/%Y,SKU-0033,WH-006,469
2026-07-15,SKU-0011,WH-005,866
2026-07-27,SKU-0008,WH-002,1863
2026-08-14,sku-1001,WH-007,804
2026-06-15,SKU-0056,WH-005,67
2026-08-11,SKU-0021,WH-005,418
2026-06-04,SKU-0056,WH-003,100
2026-06-25,SKU-0040,WH-003,1301
%m/%d/%Y,SKU-0059,WH-006,1381
2026-06-13, ,WH-006,1511
2026-08-18,SKU-0024,WH-001,1588
2026-06-26,SKU-0014,WH-008,1866
2026-08-24,SKU-0016,WH-007,-475
2026-07-28,SKU-0047,WH-006,220
2026-08-10,SKU-9999,WH-005,90
2026-07-20,sku-1001,WH-008,1980
2026-06-10,SKU-0015,WH-002,91
2026-07-17,SKU-0022,WH-005,4489603
%m/%d/%Y,SKU-0013,WH-001,1326
2026-07-16,SKU-0010,WH-008,1775
2026-08-07,SKU-0039,WH-002,847
2026-07-14,SKU-0024,WH-004,1470
2026-06-24,SKU-0001,WH-005,233
2026-07-13,UNKNOWN,WH-008,786
2026-07-02,SKU-0036,WH-005,73
2026-06-03,SKU-0032,WH-007,1707
2026-06-13,SKU-0037,WH-005,4110259
2026-08-31,SKU-0022,WH-004,1780
2026-08-01,SKU-0009,WH-008,654
%Y/%m/%d %H:%M,SKU-0030,WH-007,587
2026-07-06,SKU-0044,WH-001,725
2026-06-30,SKU-0048,WH-006,1730
2026-06-10,SKU-0046,WH-006,944
2026-07-12,SKU-0051,WH-004,1771
2026-07-29,SKU-0005,WH-001,-65
2026-08-15, ,WH-001,513
2026-06-19,SKU-0035,WH-003,1452
2026-07-07,SKU-0003,WH-002,1301
2026-07-13,SKU-0058,WH-003,71
2026-08-30,SKU-0030,WH-005,1562
2026-06-28,SKU-0006,WH-005,1741
2026-07-03,SKU-0002,WH-001,-204
2026-08-03,SKU-0034,WH-999,54
%Y/%m/%d %H:%M,SKU-0029,WH-006,444
2026-06-12,SKU-0059,WH-007,541
2026-07-07,SKU-0040,WH-005,485
2026-08-07,SKU-0011,WH-004,1672
2026-06-13,SKU-0013,WH-004,222
2026-08-18,SKU-0026,WH-002,1143
2026-07-09,SKU-0050,WH-007,1513
2026-07-03,SKU-0058,WH-003,99
2026-08-17,SKU-0041,WH-005,923
2026-08-01,SKU-0056,,966
2026-06-23,SKU-0054,WH-003,264
2026-06-27,SKU-0057,WH-005,317
2026-08-04,SKU-0060,WH-006,431
2026-07-10,SKU-0049,WH-001,810
2026-08-14,SKU-0058,WH-001,662
2026-08-18,SKU-0055,WH-007,1296
2026-08-20,SKU-0014,WH-008,-353
2026-08-28,SKU-0028,WH-006,539
2026-07-11,SKU-0000,WH-004,956
2026-07-25,SKU-0039,WH-003,1603
2026-07-06,SKU-0020,WH-007,965
2026-07-09,SKU-0032,WH-006,-306
not-a-date,SKU-0006,WH-006,1550
2026-07-22,SKU-0060,WH-008,1083
2026-06-22,SKU-0039,WH-008,809
%m/%d/%Y,SKU-0039,WH-007,1903
%m/%d/%Y, ,WH-006,575
2026-06-07,SKU-0044,WH-001,1568
2026-06-01,SKU-0007,WH-007,1925
2026-07-10,SKU-9999,,1105
2026-07-10,SKU-0021,WH-002,382
2026-08-08,SKU-0037,WH-003,933
2026-08-04,SKU-0022,  WH-012  ,542
2026-08-03,,WH-002,1573
2026-07-25,SKU-0014,WH-006,1235
2026-08-27,SKU-0007,WH-999,4104103
2026-08-15,,WH-008,4
2026-07-06,SKU-0023,WH-002,4101562
2026-08-29,SKU-0059,WH-004,632
2026-08-25,SKU-0014,WH-008,-251
2026-06-25,SKU-0040,WH-007,775
2026-08-05,SKU-0043,WH-001,161
%Y/%m/%d %H:%M,SKU-0008,WH-001,743
2026-06-15,SKU-0027,WH-006,756
2026-07-16,SKU-0053,WH-001,1937
2026-06-10,SKU-0001,WH-004,1778
2026-06-19,SKU-0013,WH-001,217
%m/%d/%Y,SKU-0053,WH-008,962
2026-08-10,SKU-0033,WH-002,2835817
2026-13-45,SKU-0022,WH-005,1558
2026-07-20,SKU-0030,WH-001,122
2026-07-30,SKU-0023,WH-006,1087
2026-13-45,SKU-0033,WH-003,1074
2026-08-16,SKU-0030,WH-004,828
%d/%m/%Y,SKU-0012,WH-004,566
2026-07-17,SKU-0014,WH-004,37
2026-07-11, ,WH-007,534
2026-07-23,SKU-0022,WH-003,928
2026-07-21,SKU-0036,WH-007,1863
2026-07-19,SKU-0052,WH-008,1290
2026-07-13,SKU-0046,WH-007,1491
2026-07-01,NA,WH-002,839
2026-08-26,SKU-0000,WH-006,1407
2026-08-23,SKU-0030,WH-999,1399
2026-06-19,SKU-0046,WH-008,1289
2026-06-06,SKU-0033,WH-008,1305
2026-07-19,SKU-0013,WH-001,1549
2026-07-11,SKU-0004,WH-004,977
2026-08-02,SKU-0036,WH-006,578
2026-08-21,SKU-0017,WH-005,280
2026-08-18,SKU-0020,WH-003,1772
2026-06-25,SKU-0024,WH-002,4812299
%d/%m/%Y,SKU-0021,WH-006,1029
2026-06-13,SKU-0049,WH-006,2673561
2026-07-06,SKU-0040,WH-008,1836
2026-06-11,SKU-9999,WH-001,1499
2026-07-07,SKU-0015,WH-007,572
2026-07-19,SKU-0034,WH-003,1811
2026-07-06,SKU-0019,WH-005,990
2026-07-04,SKU-0042,WH-001,848
2026-07-09,SKU-0012,WH-003,288
2026-08-24,SKU-0011,WH-005,156
2026-08-14,SKU-0047,WH-004,1798
2026-07-18,SKU-0054,WC-001,91
2026-06-02,SKU-0056,WH-005,1899
2026-08-08,sku-1001,WH-007,566
2026-06-15,SKU-0056,WH-004,628
2026-07-03,SKU-0040,WH-001,1374
2026-07-29,SKU-0041,WH-007,898
2026-08-12,SKU-0035,,1950
2026-06-22,SKU-0007,WH-008,959
2026-07-20, ,WH-004,262
2026-06-14,SKU-0020,WH-007,1980
2026-08-12,SKU-0024,WH-0,1512
2026-08-13,SKU-0059,WH-004,480
2026-06-17,,WH-007,652
2026-08-18,SKU-0018,WH-003,1477
2026-07-31,SKU-0035,WH-001,63
2026-08-19,UNKNOWN,WH-004,91
2026-08-30,SKU-0040,WH-006,343
2026-07-31,SKU-0048,WH-008,1652
2026-08-23,SKU-0034,WC-001,471
2026-06-11,SKU-0031,WH-003,390
2026-06-21,SKU-0014,WH-001,107
2026-06-25,SKU-0053,WH-003,844
2026-07-05,,WH-004,825
%Y/%m/%d %H:%M,SKU-0006,WH-008,205
2026-07-18,SKU-0051,WH-006,-224
2026-08-16,SKU-0012,WH-004,1394
2026-07-10,SKU-0036,WH-006,763
2026-08-18,SKU-9999,WH-008,701
2026-06-27,SKU-0031,WH-004,133
2026-08-30,SKU-0054,WH-003,783
2026-08-26,SKU-0000,WH-006,1542
2026-06-18,SKU-0020,WH-005,1812
2026-08-30,SKU-0034,WH-007,1226
2026-07-18,SKU-0055,WH-003,6
2026-08-06,SKU-0017,WH-007,880
2026-07-15,SKU-0036,WH-005,509
2026-08-23,SKU-0003,WH-002,1269
2026-07-05,SKU-0020,  WH-012  ,1174
2026-08-20,SKU-0018,WH-007,-181
%Y-%m-%d,SKU-0012,WH-006,925
2026-08-11,SKU-0034,WH-004,1037
2026-08-05,SKU-0010,WH-008,-214
2026-08-15,SKU-0016,WH-006,848
2026-07-05,SKU-9999,WH-007,1002
2026-07-11,SKU-0039,WH-003,314
2026-08-10,SKU-0029,WH-001,231
2026-07-01,SKU-0006,WH-003,4283930
2026-07-24,SKU-0033,WH-006,1211
2026-06-16,SKU-0019,WH-004,1213
2026-06-19,SKU-0004,WH-006,454
2026-07-31,SKU-0027,WH-006,82
2026-07-06,SKU-0052,WH-006,522
2026-06-20,SKU-0039,WH-006,3365116
2026-07-29,,WH-005,554
2026-08-12,SKU-0027,WH-007,1648
2026-07-28,SKU-0040,WH-004,432
2026-07-10,SKU-0050,WH-005,1713
2026-08-29,SKU-0060,WH-008,293
2026-07-30,SKU-0055,WH-005,899
2026-07-16,SKU-0002,WH-008,-24
%d/%m/%Y,SKU-0029,WH-002,312
2026-07-19,SKU-0041,WH-001,2867855
2026-08-16,SKU-0051,WH-004,1648
2026-07-25,SKU-0046,WH-006,921
%m/%d/%Y,SKU-0053,WH-008,716
2026-06-27,SKU-0033,WH-005,397
2026-06-19,SKU-0049,WH-007,1700
2026-06-26,SKU-0058,WH-003,1341
%Y-%m-%d,SKU-0005,WH-008,953
2026-06-19,SKU-9999,WH-003,1275
2026-08-01,SKU-0050,WH-001,1198
2026-08-30,SKU-0031,WH-004,1877
2026-06-17,SKU-0039,WH-007,203
2026-06-11,SKU-0030,WH-006,1987
2026-06-30,SKU-0020,WH-002,1166
2026-07-26,SKU-0045,WC-001,3337615
2026-06-15,SKU-0033,WH-006,26
%Y/%m/%d %H:%M,SKU-0026,WH-004,530
2026-08-27,SKU-0059,WH-001,595
%Y-%m-%d,SKU-0025,WH-008,1210
2026-07-03,SKU-0000,WH-002,292
2026-07-10,SKU-0054,WH-003,378
2026-06-14,SKU-0024,WH-004,250
2026-08-20,SKU-0053,WH-006,1461
2026-08-26,SKU-0032,WH-003,1139
2026-06-06,SKU-0013,WH-006,309
2026-07-26,UNKNOWN,WH-004,1826
2026-06-24,SKU-0027,WH-004,9
2026-06-12,SKU-0052,WH-008,854
2026-08-29,SKU-0047,WH-005,903
2026-08-06,SKU-0054,WH-003,279
2026-07-16,SKU-0052,WH-002,710
2026-07-14,UNKNOWN,WH-006,935
2026-08-15,SKU-0021,WH-006,-463
2026-08-19,SKU-0031,WH-003,4678568
%d/%m/%Y,SKU-0059,WH-006,688
%Y-%m-%d,SKU-0057,WH-002,1877
2026-06-17,SKU-0012,WH-007,623
2026-06-30,SKU-0020,WH-006,1694
2026-06-17,SKU-0039,WH-007,683
2026-06-21,SKU-0030,WH-004,1319
2026-08-07,SKU-0010,WH-005,1127
2026-06-28,SKU-0021,WH-001,1198
2026-07-06,SKU-0010,WH-006,1154
2026-06-29,SKU-0011,WH-0,753
2026-06-30,SKU-0002,WH-007,3732733
2026-07-30,SKU-0008,WH-001,930
2026-08-19,SKU-0019,WH-005,1244
2026-06-28,SKU-0019,,1315
2026-08-17, ,WH-006,99
2026-08-02,SKU-0027,WH-006,102
2026-07-28,SKU-0029,WH-006,456
2026-07-27,SKU-0052,WH-006,1837
2026-06-26,SKU-0049,WH-004,1469
%Y/%m/%d %H:%M,SKU-0039,WH-005,1041
2026-08-07,,WH-004,-366
2026-06-26,SKU-0059,WH-003,1337
2026-07-08,SKU-0037,WH-004,1561
2026-07-28,SKU-0039,WH-001,1364
2026-07-27,SKU-0023,WH-007,689
2026-06-12,SKU-0054,WH-006,1071
2026-08-11,SKU-0052,WH-001,705
2026-06-08,NA,WH-008,1240
2026-07-10,SKU-0042,WH-008,1677
%Y/%m/%d %H:%M,SKU-0017,WH-002,199
2026-07-13,SKU-0030,WH-002,500
,SKU-0038,WH-007,1909
2026-06-30,SKU-0012,WH-004,414
2026-07-23,SKU-0019,WH-006,938
2026-07-11,SKU-0000,WH-006,1297
2026-06-11,SKU-0032,WH-003,1282
%Y-%m-%d,SKU-0015,WH-003,878
%d/%m/%Y,SKU-0007,,981
2026-08-19,SKU-0024,WH-008,1831
2026-07-06,,WH-003,1438
2026-07-02,SKU-0053,WH-005,3461015
2026-08-22,SKU-0055,,557
2026-07-26,SKU-0007,WH-008,760
2026-07-06,SKU-0034,WH-003,752
2026-08-02,SKU-0019,WH-002,-392
2026-08-13,SKU-0031,WH-004,1655
2026-08-31,SKU-0013,WH-001,1194
2026-08-24,SKU-0013,WH-003,-236
2026-06-05,SKU-0046,WH-006,1377
2026-08-17,SKU-0039,WH-007,630
%Y-%m-%d,SKU-0028,WH-001,1566
2026-07-22,SKU-0030,WH-004,1059
2026-08-24,UNKNOWN,WH-001,1827
2026-08-14,SKU-0039,WH-006,1606
2026-08-23,SKU-0016,WH-005,1767
2026-08-19,NA,WH-007,559
2026-07-18,SKU-0017,WH-006,1867
2026-06-20,,WH-008,969
%Y/%m/%d %H:%M,SKU-0049,  WH-012  ,-403
2026-06-02,SKU-0048,WH-003,534
2026-06-23,SKU-0036,WH-001,300
2026-06-27,SKU-0048,WH-002,772
2026-06-05, ,WH-002,763
2026-08-20,SKU-0023,WH-004,261
%Y/%m/%d %H:%M,SKU-0056,WH-008,29
2026-07-14,SKU-0032,WH-005,1663
2026-08-04,SKU-0051,WH-005,967
2026-07-11,SKU-0034,WH-005,1056
2026-07-18,SKU-0037,WH-002,634
2026-08-04,SKU-0059,WH-007,571
2026-07-23,SKU-0004,WH-003,1642
2026-06-20,SKU-0023,WH-003,990
2026-07-29,SKU-0047,WH-007,1820
2026-07-19,SKU-0032,WH-006,748
2026-06-08,SKU-0053,WH-008,3404953
2026-06-24,SKU-0010,WH-005,202
2026-07-25,SKU-0048,WH-002,886
2026-06-28,SKU-0009,WH-006,1778
2026-08-30,SKU-0016,WH-005,996
2026-07-12,SKU-0001,WH-007,617
2026-08-04,SKU-0006,WH-002,1184
2026-08-16,,WH-006,1963
2026-08-28,SKU-0011,WH-006,1718
2026-06-18,SKU-0017,  WH-012  ,3925421
2026-07-07,SKU-0033,WH-003,1497
2026-07-08,SKU-0003,WH-005,1920
2026-08-07,SKU-0060,WH-002,1908
2026-07-12,SKU-0016,WH-004,800
%m/%d/%Y,sku-1001,WH-004,819
2026-07-20,SKU-0040,WH-001,664
2026-07-02,SKU-0017,WH-004,4835490
2026-07-12,UNKNOWN,WH-004,811
2026-06-28,SKU-0007,WH-004,1863
2026-08-25,SKU-0032,WH-004,1979
2026-07-05,SKU-0009,WH-007,4621875
%Y-%m-%d,SKU-0041,WH-006,593
2026-06-30,SKU-0032,WH-999,352
2026-08-04,SKU-0009,  WH-012  ,1445
2026-08-20,SKU-0010,WH-006,624
2026-07-09,SKU-0059,WH-002,1046
2026-07-03,SKU-0026,WH-004,1303
2026-08-01,SKU-0045,WH-005,450
2026-06-24,SKU-0041,WH-004,1045
2026-07-05,SKU-0003,WH-006,1950
2026-07-13,SKU-0051,WH-006,818
2026-06-04,,WH-002,1037
2026-07-22,SKU-0017,WH-002,402
2026-07-16,SKU-0037,WH-008,-52
2026-06-24,SKU-0037,WH-999,343
2026-07-27,SKU-0018,WH-002,1068
2026-06-24,SKU-0053,WH-001,1259
2026-07-04,SKU-0016,WH-008,1505
2026-08-17,SKU-0032,WH-001,4145523
2026-08-06,SKU-0014,WH-005,3512396
2026-07-05,SKU-0059,WH-005,15
2026-06-14,SKU-0044,WH-008,1404
2026-07-08,SKU-0022,WH-005,58
2026-06-07,SKU-0003,WH-006,186
2026-07-24,SKU-0051,WH-001,1198
2026-06-22,SKU-0057,WH-007,1856
2026-08-07,SKU-0028,WH-008,1126
2026-07-01,SKU-0005,WH-008,799
2026-08-28,SKU-0053,WH-006,1947
2026-08-20,SKU-0020,WH-005,112
2026-08-26,,WH-002,1030
2026-06-23,SKU-0048,WH-002,805
2026-07-02,SKU-0035,WH-004,1747
2026-06-20,SKU-0023,WH-006,1687
2026-06-20,SKU-0047,WH-008,1776
2026-08-14,SKU-0007,WH-005,1692
2026-06-02,SKU-0049,WH-002,-121
2026-08-02,SKU-0023,WH-001,572
2026-08-12,SKU-0055,WH-008,181
2026-06-01,SKU-0015,WH-003,1445
2026-07-11,,WH-006,110
2026-08-26,NA,WH-005,1123
2026-06-26,SKU-0012,WH-007,290
2026-08-06,SKU-0052,WH-008,1690
2026-07-30,SKU-0035,WH-002,1531
2026-06-04,SKU-0038,WH-007,681
2026-08-18,SKU-0034,WH-006,1736
2026-08-15, ,WH-002,983
2026-07-10,SKU-0050,WH-005,1355
2026-07-11,SKU-0008,WH-005,371
2026-07-03,SKU-0015,WH-002,907
2026-06-17,,WH-008,579
2026-06-01,SKU-0027,WH-001,442
2026-08-10,SKU-0008,WH-008,318
2026-07-23,SKU-0027,WH-006,1941
2026-06-23,SKU-0035,WH-003,860
2026-07-22,SKU-0005,WH-006,344
2026-08-28,SKU-0011,WH-007,207
2026-07-28,SKU-0005,WH-008,1437
2026-08-26,SKU-0048,WH-002,1934
2026-07-08,SKU-0021,WH-006,130
2026-08-29,SKU-0001,WH-002,6
2026-08-03,SKU-0051,WH-006,164
2026-07-21,sku-1001,,1125
2026-07-06,,WH-008,1405
2026-06-23,SKU-0051,WH-007,-440
2026-06-16,SKU-0003,WH-008,435
2026-08-13,SKU-0020,WH-004,4240844
%Y-%m-%d,SKU-0031,WH-008,1643
2026-07-01,SKU-0047,WH-003,2174339
2026-07-22,SKU-0057,WH-005,902
2026-06-10,SKU-0016,,1599
2026-08-21,SKU-0059,WH-005,1939
2026-07-25,NA,WH-007,1329
2026-08-24,SKU-0005,WH-003,1801
2026-08-22,SKU-0008,WH-006,1163
2026-08-04,SKU-0049,WC-001,440
2026-08-04,SKU-0020,WH-001,959
2026-08-29,SKU-0010,WH-002,4446871
2026-07-21,SKU-0035,WH-005,1523
2026-06-06,SKU-0052,WH-002,4719869
2026-06-30,SKU-0009,WH-003,-332
2026-07-22,SKU-0060,WH-006,281
2026-07-16,SKU-0023,WH-005,824
2026-08-02,SKU-0042,WH-004,1692
2026-08-27,SKU-0038,WH-004,198
2026-07-12,SKU-9999,WH-003,268
2026-06-14,SKU-0050,WH-003,1665
2026-07-22,SKU-0024,WH-003,272
2026-08-08,SKU-0021,WH-005,186
2026-06-19,SKU-0034,WH-005,483
2026-07-26,SKU-0039,WH-007,283
2026-07-19,SKU-0015,WH-007,108
2026-07-04,SKU-0025,WH-007,542
2026-06-30,SKU-0020,WH-001,897
2026-07-09,SKU-0040,,263
2026-07-22,SKU-0048,WH-005,3840161
2026-07-03,SKU-0055,WH-003,847
2026-07-07,SKU-0041,WH-008,328
2026-07-10,SKU-0013,WH-002,1333
2026-07-27,,WH-004,1414
2026-07-12,SKU-0013,WH-005,884
2026-06-16,SKU-0015,WH-007,4773347
%m/%d/%Y,SKU-0046,WH-001,1387
2026-07-06,SKU-0042,WH-006,193
2026-06-26,SKU-0023,WH-007,1553
2026-06-05,SKU-0032,WH-008,667
2026-08-25,SKU-0016,WH-006,1252
2026-06-17,SKU-0024,WH-004,1498
2026-07-04,SKU-0042,WH-008,1115
2026-08-11,SKU-0024,WH-999,3040422
2026-08-01,SKU-0058,WH-007,352
2026-08-22,SKU-0012,WH-001,1617
2026-07-05,SKU-0060,WH-007,1153
2026-07-21,SKU-0009,WH-005,1111
2026-06-08,SKU-0045,WH-006,1443
2026-07-06,SKU-0049,WH-008,1529
2026-08-23,SKU-0060,WH-001,964
2026-07-12,SKU-0001,WH-008,1873
2026-07-20,SKU-0043,WH-003,-422
2026-08-02,SKU-0051,WH-003,1727
not-a-date,SKU-0017,WH-999,1191
2026-06-04,SKU-0044,WH-006,1105
2026-07-05,SKU-0056,WH-002,233
2026-08-11,SKU-0014,WH-001,245
2026-06-24,SKU-0019,WH-0,2507853
2026-07-16, ,WH-003,656
2026-08-22,SKU-0003,WH-006,278
2026-06-09,SKU-0037,WH-002,1960
2026-08-23,SKU-0007,WH-005,-3
2026-06-22,SKU-0048,WH-004,1114
2026-07-16,SKU-0037,WH-004,4311351
2026-07-06,NA,WH-004,1356
2026-07-04,SKU-0019,WH-003,663
2026-08-26,SKU-0045,WH-004,114
2026-06-11,SKU-0029,WH-002,1704
2026-06-16,SKU-0025,WH-008,900
2026-08-23,SKU-0056,WH-004,1565
2026-07-27,SKU-0012,WH-008,239
2026-07-30,SKU-0013,WH-004,562
2026-07-03,SKU-0032,WH-002,402
2026-08-10,SKU-0033,WH-001,802
2026-06-23,SKU-0036,WH-007,968
2026-07-25,SKU-0028,WH-005,1525
2026-08-05,SKU-0001,WH-007,86
2026-07-01,SKU-0008,WH-008,1283
2026-06-20,SKU-0055,WH-002,1508
2026-06-24,SKU-0039,WH-007,1750
2026-07-23,SKU-0003,WH-007,292
2026-07-17,SKU-0026,WH-007,1677
2026-08-31,SKU-0054,WH-008,444
2026-08-30,SKU-0045,WH-004,554
2026-08-21,SKU-0047,WH-001,-140
2026-07-20,NA,WH-008,1905
2026-08-12,SKU-0024,WH-003,2514027
2026-08-28,SKU-0042,WH-007,1298
2026-07-15,SKU-0025,WH-007,1911
2026-07-06,SKU-0025,WH-008,1447
2026-08-02,SKU-0033,WH-006,1124
2026-08-03,SKU-0039,WH-006,1434
2026-06-29,SKU-0009,WH-004,434
2026-08-01,SKU-0058,WH-008,506
2026-08-12,,WH-004,-63
%Y-%m-%d,SKU-0013,WH-001,1658
2026-07-25,SKU-0022,WH-999,81
2026-07-30,SKU-9999,WH-004,114
2026-06-29,SKU-0003,WH-006,1797
%m/%d/%Y,SKU-0037,WH-005,4052854
2026-07-19,SKU-9999,WH-005,474
2026-07-04,SKU-0019,WH-005,1225
2026-06-18,SKU-0004,WH-002,1308
2026-07-01,SKU-0035,WH-001,109
2026-08-03,,WH-007,680
2026-06-02,SKU-0055,WH-007,1588
2026-06-20,SKU-0056,WH-005,1565
2026-06-02,SKU-0045,WH-001,1214
2026-08-06,SKU-0050,WH-007,1715
2026-07-01,SKU-0012,WH-003,103
2026-07-20,SKU-0036,WH-002,1539
2026-07-04,SKU-0005,WH-008,-188
2026-08-09,SKU-0055,WH-002,151
2026-06-20,SKU-0010,WH-008,221
2026-07-24,SKU-0041,  WH-012  ,265
2026-06-27,SKU-0025,,150
2026-07-28,SKU-0054,WH-003,1534
2026-06-27,SKU-0042,WH-0,1481
2026-06-13,SKU-0035,WH-006,940
2026-07-03,SKU-0039,WH-006,895
2026-06-13,SKU-0033,WH-005,1381
2026-08-02,SKU-0025,WH-007,266
2026-07-16,SKU-0047,WH-004,1551
%m/%d/%Y,SKU-0030,WH-001,2862000
%Y/%m/%d %H:%M,SKU-0030,WH-002,271
2026-06-26,SKU-0015,WH-002,811
2026-06-22,SKU-0003,WH-0,945
%Y/%m/%d %H:%M,SKU-0057,WH-002,1712
2026-08-09,SKU-0025,WH-007,781
2026-07-04,SKU-0000,WH-002,473
2026-07-01,SKU-0028,WH-008,514
2026-07-02,SKU-0057,WH-003,633
2026-06-04,SKU-0008,WH-008,519
2026-07-14,SKU-0023,WH-007,1155
2026-08-12,SKU-0036,WH-006,1580
%m/%d/%Y,SKU-0005,WH-006,1224
%m/%d/%Y,SKU-0037,WH-005,783
2026-06-30,SKU-0015,WH-004,666
2026-08-10,SKU-0059,WH-001,512
2026-08-28,,WH-002,1355
2026-07-01,SKU-0059,WH-007,708
2026-08-11,SKU-0021,WH-004,1072
2026-07-03,SKU-0030,WH-005,1324
%d/%m/%Y,SKU-0011,WH-004,530
2026-08-30,SKU-0020,WH-004,-105
2026-06-05,SKU-0049,WH-007,1461
2026-06-30,SKU-0005,WH-001,1789
2026-08-22,SKU-0011,WH-001,30
2026-13-45,SKU-0044,WH-004,1284
2026-08-12,SKU-0036,WH-007,1652
2026-08-27,SKU-0018,WH-003,691
2026-08-07,SKU-0003,,1535
2026-07-01,SKU-0027,WH-008,192
2026-06-25,,WH-001,1803
2026-07-07,SKU-0033,WH-006,492
2026-08-28,SKU-0008,WH-008,670
2026-08-09,SKU-0000,WH-006,1121
2026-06-27,SKU-0013,WH-001,1621
2026-08-18,SKU-0003,WH-003,-136
2026-06-10,SKU-0006,WH-001,885
2026-07-30,SKU-0027,WH-002,1708
2026-08-23,SKU-0025,WH-006,1688
2026-06-21,SKU-0054,WH-002,66
2026-06-18,SKU-0052,WH-003,276
2026-08-12,SKU-0001,WH-003,937
2026-07-01,SKU-0011,WH-003,1845
2026-07-16,SKU-0009,WH-001,71
%d/%m/%Y,SKU-0053,WH-005,1344
2026-07-19,sku-1001,WH-007,-29
2026-07-25,SKU-0036,WH-008,761
2026-08-26,SKU-0031,WH-005,483
%Y/%m/%d %H:%M,SKU-0042,WH-006,102
2026-06-26,SKU-0031,WH-008,1004
2026-08-05,SKU-0016,WH-008,952
2026-08-04,SKU-0039,WH-001,1735
2026-06-20,NA,WH-008,-141
%Y-%m-%d,SKU-0050,WH-001,1858
2026-06-08,SKU-0059,WH-008,890
2026-08-07,SKU-0018,WH-005,1460
2026-06-28,SKU-0047,WH-001,1428
2026-07-23,SKU-0056,WH-002,1098
2026-06-18,SKU-0050,WH-007,1971
2026-08-21,SKU-0055,WH-001,-303
2026-08-07,SKU-0058,WH-008,865
2026-06-20,SKU-0058,WH-008,1278
2026-07-10,SKU-0011,WH-003,1028
2026-07-07,SKU-0011,WH-005,1409
2026-08-27,SKU-0020,WH-999,1361
2026-06-27,SKU-0032,WH-005,1715
2026-07-07,SKU-0020,WH-005,356
2026-08-27,SKU-0050,WH-007,74
2026-07-08,SKU-0023,WH-004,1475
2026-08-25,SKU-0022,WH-001,1941
2026-08-01,SKU-0011,WH-005,378
%Y/%m/%d %H:%M,SKU-0045,WH-004,1600
2026-08-29,SKU-0037,WH-006,1995
2026-08-25,SKU-0004,WH-007,1613
2026-08-24,SKU-0011,WH-007,793
2026-06-06,SKU-0011,WH-004,1388
2026-08-28,SKU-0010,WH-003,716
2026-06-30,SKU-0007,WH-005,293
2026-08-27,SKU-0023,WH-008,875
%Y/%m/%d %H:%M,SKU-0035,WH-001,590
2026-06-21,SKU-0040,WH-005,797
2026-06-09,SKU-0029,WH-006,1818
2026-06-10,SKU-0029,WH-002,1662
2026-08-15,SKU-0047,WH-004,284
2026-08-01,SKU-0031,WH-004,1296
2026-08-23,,WH-006,1575
2026-07-13,SKU-0001,WH-002,664
2026-08-21,SKU-0046,WH-004,585
2026-08-17,SKU-0039,WH-003,1825
2026-13-45,SKU-0031,WH-001,1182
2026-08-11,SKU-0059,,1879
2026-06-08,SKU-0024,,984
2026-06-14,NA,WH-008,1395
2026-06-15,SKU-0052,WH-001,1339
2026-06-23,,WH-001,1304
2026-07-26,SKU-0011,WH-005,1334
2026-07-18,SKU-0020,WH-004,1079
2026-08-10,SKU-0002,WH-007,79
%d/%m/%Y,SKU-0018,WH-003,759
2026-06-19,SKU-0023,WH-007,1663
2026-06-07,SKU-0016,WH-006,-4
2026-06-25,SKU-0017,WH-002,1100
2026-06-30,,WH-003,1267
2026-08-06,SKU-0055,WH-006,4468963
2026-07-16,SKU-0022,WH-005,125
2026-06-16,SKU-0003,WH-007,154
2026-08-28,SKU-0009,WC-001,-193
2026-08-20,SKU-0033,WH-004,1519
2026-08-05,SKU-0005,WH-002,143
2026-07-10,,WH-001,3312659
2026-08-26,SKU-0027,WH-002,1377
2026-06-09,SKU-0031,WH-003,1915
2026-08-13,SKU-0032,WH-008,1986
2026-06-01,SKU-0034,WH-002,238
2026-06-23,SKU-0047,WH-004,2489294
2026-08-05,SKU-0052,WH-007,964
2026-08-16,SKU-0022,WH-002,1332
2026-08-26,SKU-0010,WH-002,15
2026-07-02,SKU-0021,WH-004,1799
2026-08-29,SKU-0000,WH-006,1244
2026-06-08,SKU-9999,WH-006,1455
2026-08-23,SKU-0011,WH-007,845
2026-08-05,SKU-0000,WH-006,839
2026-08-04,SKU-0020,WH-002,747
2026-06-20,SKU-0052,WH-003,1117
2026-08-17,SKU-0019,WH-008,1808
2026-08-17,SKU-0015,WH-007,1697
2026-07-15,SKU-0002,WH-007,1325
2026-06-10,SKU-0003,WH-003,752
2026-06-05,SKU-0043,WH-003,541
2026-08-26,SKU-0035,WH-008,540
2026-08-22,SKU-0016,WH-006,535
2026-07-16,SKU-0027,WH-004,1097
%Y/%m/%d %H:%M,sku-1001,WH-007,961
2026-08-22,SKU-0043,WH-003,495
2026-06-24,SKU-0024,WH-004,794
2026-08-16,SKU-0002,WH-004,1730
2026-08-13,SKU-0010,WH-001,1825
2026-08-10,SKU-0020,WH-004,175
2026-06-06,SKU-0012,WH-006,1141
2026-08-29,SKU-0018,,1006
2026-06-16,SKU-0057,WH-006,420
2026-08-06,SKU-0011,WH-007,788
2026-07-20,SKU-0020,WH-007,1444
2026-06-22,SKU-0045,WH-005,-29
2026-06-12,NA,  WH-012  ,1431
2026-07-10,SKU-0037,WC-001,424
2026-08-08,SKU-0007,WH-004,92
2026-08-26,SKU-0018,  WH-012  ,707
2026-08-14,SKU-0014,WH-005,1311
2026-08-30,SKU-0019,WH-003,381
2026-08-14,SKU-0058,WH-002,960
2026-06-13,SKU-0022,WH-002,1557
2026-07-15,SKU-0024,WH-0,838
2026-08-12,SKU-0047,WH-001,145
2026-07-31,SKU-0033,WH-004,822
2026-07-31, ,WH-005,676
2026-08-12,SKU-0039,WH-003,3539798
2026-07-24,SKU-0018,WH-007,46
%d/%m/%Y,SKU-0013,WH-007,887
2026-06-02,SKU-0008,WH-008,629
2026-06-19,SKU-0051,WH-002,1143
2026-07-03,SKU-0023,WH-004,2815019
2026-08-07,SKU-0060,WH-005,1529
2026-06-15,SKU-0006,WH-002,121
2026-07-08,SKU-0014,WH-008,745
2026-08-28,SKU-0035,WH-002,538
2026-06-07,SKU-0016,WH-001,406
2026-07-20,SKU-0024,WH-003,616
%d/%m/%Y,SKU-0044,WH-001,1580
2026-08-22,SKU-0042,WH-001,-392
2026-06-25,SKU-0036,WH-004,577
2026-06-11,SKU-0035,WH-008,2043160
%Y/%m/%d %H:%M,SKU-0042,WH-007,279
2026-08-15,SKU-0053,WH-003,1831
2026-07-16,SKU-0001,WH-999,4026243
2026-08-31,SKU-0031,WH-002,1321
2026-07-21,SKU-0029,WH-006,628
2026-06-18,SKU-0015,WH-006,647
2026-06-03,SKU-0013,WH-004,1317
2026-08-20,SKU-0038,WH-003,1312
2026-07-04,SKU-0036,WH-006,986
2026-07-17,SKU-0042,WH-0,403
2026-08-10,SKU-0042,WH-999,819
2026-07-06,SKU-0028,WH-003,858
2026-07-28,SKU-0054,  WH-012  ,1647
%d/%m/%Y, ,WH-005,1453
2026-07-04,SKU-0036,WH-007,902
2026-07-22,SKU-0008,WH-007,709
2026-06-30,SKU-0027,WH-008,830
2026-07-04,,WH-003,192
2026-06-22,SKU-9999,WH-001,146
2026-06-17,SKU-0050,WH-006,858
2026-07-05,SKU-0038,WH-006,-184
2026-08-27,SKU-0002,WH-006,1477
2026-08-04,SKU-0008,WH-004,1839
2026-06-24,SKU-0021,WH-007,1785
%m/%d/%Y,SKU-0036,WH-008,1247
2026-06-02,SKU-0050,WH-003,532
2026-08-12,SKU-0032,WH-005,799
%Y/%m/%d %H:%M,SKU-0027,WH-001,1374
2026-08-29,SKU-0007,WH-001,-103
%m/%d/%Y,SKU-0019,WC-001,776
2026-08-09,SKU-0049,WH-003,1787
2026-07-10,SKU-0003,WH-005,435
2026-08-19,SKU-0028,WH-005,324
2026-08-15,SKU-0031,WH-005,1346
2026-07-28,SKU-0013,WH-003,-103
2026-07-12,SKU-0005,WH-006,627
2026-08-23,SKU-0035,WH-004,1514
2026-08-19,SKU-0045,WH-004,1291
2026-06-01,SKU-0013,WH-008,858
2026-08-13,SKU-0045,WH-006,341
2026-08-15,SKU-0049,WH-008,527
2026-08-16,SKU-0023,WH-004,793
2026-08-15,SKU-0051,WH-003,87
2026-07-29,,WH-008,1437
2026-08-05,SKU-0018,WH-005,927
2026-07-04,SKU-0013,WH-005,1706
2026-08-30,SKU-0007,WH-006,1792
2026-07-25,SKU-0023,WH-007,20
%m/%d/%Y,SKU-0005,WH-007,1852
2026-06-27,SKU-0029,WH-003,1336
2026-06-24,SKU-0033,WH-005,1077
2026-07-03,SKU-0035,WH-002,1162
2026-08-28,SKU-0012,WH-005,1520
2026-06-08,SKU-0043,WH-007,82
2026-08-14,SKU-0019,WH-001,44
2026-06-06,SKU-0028,WH-007,1126
2026-06-21,SKU-0013,WH-008,1856
2026-07-31,NA,WH-007,-88
2026-07-02, ,WH-004,1338
2026-06-01,SKU-0012,WH-007,1976
2026-06-04,SKU-0038,WH-001,975
2026-08-29,SKU-0004,WH-007,1811
2026-07-09,SKU-0005,WH-003,1289
2026-06-09,SKU-0001,WH-005,1299
2026-07-29,SKU-0057,WH-005,661
2026-08-03,SKU-0026,WH-004,761
2026-06-15,SKU-0025,  WH-012  ,-132
2026-06-21,UNKNOWN,WH-002,675
2026-06-16,SKU-0021,WH-001,1077
%m/%d/%Y,SKU-0011,WH-002,934
2026-07-22,SKU-0031,WH-001,250
2026-06-03,SKU-0053,WH-006,1763
2026-08-21,SKU-0045,WH-005,360
2026-06-15,SKU-0003,WH-002,1121
2026-06-18,SKU-0010,WH-004,-339
2026-07-30,SKU-0031,WH-005,-11
%Y-%m-%d,SKU-0013,,1499
2026-07-17,SKU-0005,WH-008,349
2026-07-19,,  WH-012  ,481
2026-08-25,SKU-9999,WH-004,1816
2026-08-30,SKU-0045,WH-001,1268
2026-07-05,SKU-0044,WH-002,261
2026-06-21,SKU-0006,  WH-012  ,767
2026-07-16,SKU-0024,WH-004,1571
2026-06-08,SKU-0042,WH-004,921
2026-07-27,SKU-0025,WH-005,1687
2026-06-22,SKU-0014,WH-004,1120
%d/%m/%Y,SKU-0056,WH-006,1928
2026-08-11,SKU-0041,WH-005,842
2026-08-29,SKU-0030,WH-001,1195
2026-06-24,SKU-0031,WH-006,207
2026-07-10,SKU-0044,WH-004,1573
2026-07-10,SKU-0012,WH-004,346
2026-08-12,SKU-0041,WH-005,1273
2026-06-10,SKU-0037,WH-008,1265
2026-07-20,SKU-0017,WH-004,452
2026-06-24,SKU-0015,WH-005,1314
2026-06-26,SKU-0050,WH-003,-291
2026-06-13,SKU-0051,WH-002,550
2026-08-06,SKU-0045,WH-007,-281
2026-08-01,SKU-0003,WH-008,1152
2026-07-30,SKU-0006,WH-008,1427
2026-07-28,SKU-0048,WH-003,231
2026-08-07,SKU-0054,WH-006,1978
2026-07-17,,WH-007,1577
2026-07-15, ,WH-002,1743
2026-07-28,SKU-0008,WH-003,1351
%d/%m/%Y,SKU-0012,WH-002,729
2026-08-26,SKU-0032,WH-003,1216
%Y/%m/%d %H:%M,SKU-0017,WH-002,808
2026-06-09,SKU-0010,WH-008,1939
%d/%m/%Y,SKU-0035,WH-001,1341
2026-06-28,NA,WH-003,798
2026-06-10,SKU-0005,WH-008,346
2026-06-01,SKU-0000,WH-007,-223
2026-06-15,SKU-0055,WH-002,1488
2026-06-05,SKU-0019,WH-008,1168
2026-06-22,SKU-0006,WH-006,230
2026-08-01,SKU-0060,WH-002,959
2026-06-11,SKU-0043,WH-007,268
2026-08-23,SKU-0041,  WH-012  ,771
2026-07-28,SKU-0011,WH-005,845
2026-08-06,SKU-0027,WH-002,408
2026-08-17,SKU-0010,WH-004,1831
2026-06-09,SKU-0053,WH-008,308
2026-08-31,SKU-0008,WH-005,669
2026-07-21,SKU-0052,WH-005,543
%Y/%m/%d %H:%M,SKU-0015,WH-007,1297
2026-06-30,SKU-0059,WH-003,1736
2026-07-10,SKU-0002,WH-007,264
2026-08-20,SKU-0012,WH-004,1459
2026-06-23,SKU-0054,WH-002,835
2026-07-26,SKU-9999,WH-006,1976
2026-06-21,SKU-0023,WH-008,772
2026-06-07,SKU-0022,WH-002,1922
2026-08-22,SKU-0058,WC-001,870
2026-07-06, ,WH-999,1061
2026-08-02,SKU-0042,WH-008,122
2026-06-10,SKU-0004,WH-007,1325
2026-07-19,SKU-0057,WH-004,1444
2026-08-30,SKU-0060,WH-004,1944
2026-06-03,SKU-0011,WH-007,1362
2026-06-07,SKU-0025,WH-008,1526
2026-08-20,SKU-0038,WH-005,495
2026-07-21,SKU-0055,WH-002,1468
2026-07-13,SKU-0049,WH-002,732
%Y/%m/%d %H:%M,SKU-0035,WH-008,1968
2026-07-12,SKU-0006,WH-004,1072
%Y/%m/%d %H:%M,SKU-0059,WH-007,1494
2026-06-08,SKU-0018,WH-006,59
%d/%m/%Y,SKU-0041,WH-001,1096
2026-08-19,SKU-0022,WH-006,1770
2026-06-29,SKU-0045,WH-001,1564
2026-07-08,SKU-0009,WH-005,1195
2026-06-10,UNKNOWN,WH-008,1650
2026-06-04,,WH-007,3984452
2026-07-21,SKU-0018,WH-008,415
2026-08-11,NA,WH-002,827
2026-08-31,SKU-0008,WH-001,707
2026-13-45,SKU-0041,WH-002,1581
2026-06-23,SKU-0043,WH-003,4
2026-07-12,SKU-0046,WH-007,1091
2026-08-24,UNKNOWN,WH-999,-460
2026-08-30,SKU-0019,WH-001,1810
2026-08-17,SKU-0003,WH-004,1233
2026-08-06,SKU-0004,WH-006,233
2026-08-17,SKU-0039,WH-004,1526
2026-06-16,SKU-0003,WH-007,87
2026-08-07,SKU-0060,WH-005,976
2026-07-23,SKU-0010,WH-006,-157
2026-06-13,SKU-0037,WH-004,553
%d/%m/%Y,SKU-0033,WH-003,1019
2026-07-21,SKU-0005,WH-006,1176
2026-08-25,,WH-006,1739
2026-06-17,SKU-0052,WH-003,-314
2026-08-11,SKU-0039,WH-006,661
2026-06-18,SKU-0059,WH-006,229
2026-07-26,SKU-0007,WH-007,715
2026-06-25,SKU-0030,WH-006,1533
2026-06-21,SKU-0031,WH-005,1620
2026-08-07,SKU-0048,WH-004,216
%Y-%m-%d,SKU-0031,WH-006,339
2026-06-19,SKU-0034,WH-008,664
2026-07-01,SKU-0005,WH-005,924
%d/%m/%Y,SKU-0055,WH-001,1561
2026-07-24,SKU-0045,WH-004,1535
2026-07-13,SKU-0027,WH-002,238
2026-07-22,SKU-0007,WH-004,2504074
2026-06-28,SKU-0050,WH-005,1654
2026-07-24,SKU-0043,WH-007,511
2026-07-22,SKU-0028,WH-001,3096195
2026-06-11,SKU-0017,WH-002,1411
2026-07-04,SKU-0058,WH-001,405
not-a-date,SKU-0043,WH-001,312
2026-06-15,SKU-0015,WH-008,488
2026-08-04,SKU-0011,WH-005,115
2026-06-30,SKU-0011,WH-006,1607
2026-08-24,SKU-0060,WH-001,1306
2026-06-30,SKU-0013,WH-008,1568
2026-08-28,SKU-0034,WH-005,1247
2026-07-30,SKU-0019,WH-004,806
2026-07-04,SKU-0019,WH-005,849
2026-06-06,SKU-0051,WH-007,1693
2026-06-16,SKU-0046,WH-006,36
2026-08-16,SKU-0051,WH-006,1329
2026-06-19,SKU-0010,WH-003,1596
2026-07-24,SKU-0016,WH-001,3432263
2026-08-01,SKU-0022,WH-008,936
2026-08-22,SKU-0010,WH-007,967
2026-08-18,,WH-006,654
2026-08-24,SKU-0059,WH-004,1730
2026-07-19,SKU-0031,WH-006,1792
2026-06-21,,WH-005,492
2026-07-21,SKU-0004,WH-002,665
2026-08-28,SKU-0039,WH-003,1956
2026-08-19,SKU-0020,WH-005,1940
2026-06-02,SKU-0024,WH-004,744
2026-08-20,NA,WH-007,1324
2026-08-22,SKU-0016,WC-001,737
2026-06-14,SKU-0005,WH-006,760
2026-06-24,SKU-0042,WH-003,1024
2026-07-28,SKU-0060,WH-006,547
%d/%m/%Y,SKU-0005,WC-001,811
2026-06-16,SKU-0050,WH-006,344
2026-07-15,SKU-0004,WH-004,1096
2026-07-02,SKU-0029,WH-001,1536
2026-06-11,SKU-0027,WH-004,-255
2026-08-29,SKU-0045,WH-006,249
2026-08-15,SKU-0026,WH-005,894
2026-08-07,SKU-0023,WH-003,51
2026-08-05,SKU-0003,WH-002,1148
2026-07-08,SKU-0006,WH-005,1458
2026-06-05,SKU-0008,WH-005,1840
2026-08-19,NA,WH-004,1169
2026-07-30,SKU-0048,WH-008,4569528
2026-06-26,SKU-0018,WH-003,1797
2026-08-28,SKU-0010,WH-005,4521195
2026-08-19,SKU-0021,WH-004,1866
2026-07-24,,WH-005,1486
2026-06-18,SKU-0029,WH-002,1565
%d/%m/%Y,SKU-0017,WH-001,236
not-a-date,SKU-0047,WH-004,947
2026-07-08,SKU-0044,WH-005,1788
2026-07-14,SKU-0060,WH-999,454
2026-06-08,SKU-0006,WH-999,743
2026-06-18,SKU-9999,WH-002,297
2026-07-18,SKU-0021,WH-008,877
2026-07-05,SKU-0009,WH-008,-136
2026-06-30,SKU-0007,WH-007,1231
2026-08-16,SKU-0016,WH-007,1094
2026-07-10,SKU-0044,WH-003,1830
2026-06-10,SKU-0039,WH-008,1053
2026-06-04,SKU-0052,WH-002,1907
2026-07-13,SKU-0001,WH-008,757
2026-08-23,SKU-0005,WH-008,964
2026-08-14,SKU-0023,WH-007,32
2026-08-27,SKU-0059,WH-003,1296
2026-08-25,SKU-0050,WH-003,1663
2026-07-13,SKU-0000,WC-001,1327
2026-08-02,SKU-0047,WH-008,1473
2026-06-18,SKU-0041,WC-001,1404
2026-08-14,SKU-0010,WH-001,802
2026-07-15,SKU-0047,WH-004,1016
2026-06-21,SKU-0047,WH-008,1212
2026-06-01,SKU-0008,WH-004,1193
2026-08-11,SKU-0006,WH-003,1840
2026-06-15,SKU-0057,WH-001,928
2026-07-27,SKU-0035,WH-004,1225
2026-08-17,SKU-0035,WH-003,1447
2026-07-24,SKU-0020,WH-002,3856856
2026-06-09,SKU-0043,WH-008,1812
,SKU-0003,WH-007,1895
%Y-%m-%d,SKU-0021,WH-001,-302
2026-06-21,sku-1001,WH-002,967
2026-07-26,SKU-0040,WH-005,707
2026-07-20,SKU-0030,WH-008,284
2026-08-10,SKU-0048,WH-006,1030
2026-06-25,SKU-0059,WH-005,1836
2026-06-28,SKU-0021,WH-005,1369
2026-08-20,SKU-0060,WH-003,1838
2026-08-01,SKU-0033,WH-005,1587
2026-07-01,SKU-0060,WH-004,1986
2026-08-28,UNKNOWN,WH-003,207
2026-06-09,SKU-0037,WH-999,1607
2026-07-09,SKU-0046,  WH-012  ,1756
2026-07-10,SKU-0010,WH-007,1799
2026-06-10,SKU-0018,WH-004,1555
2026-07-04,SKU-0055,WH-005,235
2026-06-02,SKU-0013,WH-006,953
%d/%m/%Y,SKU-0058,WH-002,-376
2026-08-12,SKU-0001,  WH-012  ,757
2026-06-21,SKU-0010,WH-008,-112
2026-07-10,SKU-0033,WH-003,1462
2026-08-14,NA,WH-002,474
2026-08-26,,WH-002,1661
2026-06-06,SKU-0051,WH-0,1182
2026-13-45,SKU-0052,WH-002,588
2026-08-19,SKU-0000,WH-004,1412
2026-06-12,SKU-0038,WH-003,1147
2026-08-26,SKU-0052,WH-002,1998
2026-07-23,SKU-0028,WH-001,1281
2026-08-11,SKU-0038,WH-006,27
2026-07-06,NA,WH-007,1568
2026-07-12,SKU-0028,WH-004,1166
2026-06-09,SKU-0043,WH-005,1648
2026-06-20,UNKNOWN,WH-003,1728
2026-06-22,,WH-004,409
2026-07-04,SKU-0055,WH-0,1100
2026-07-18,SKU-0059,WH-002,878
2026-06-16,SKU-9999,WH-007,1397
2026-08-08,SKU-0003,WH-001,87
2026-08-07,SKU-0047,WH-003,489
2026-07-23,SKU-0021,WH-001,1529
2026-08-05,SKU-0010,WH-006,1635
2026-06-06,SKU-0013,WH-008,1494
2026-07-23,SKU-0014,WH-002,929
2026-07-07,SKU-0049,WH-003,12
2026-08-25,SKU-0051,WH-003,1730
2026-06-24,SKU-0043,WH-005,1616
2026-08-06,SKU-0013,WH-004,963
2026-08-18,sku-1001,WH-008,986
2026-07-03,SKU-0027,WH-005,-334
2026-07-01,SKU-0047,WH-001,58
2026-07-04,SKU-0029,WH-999,943
2026-08-21,SKU-0011,WH-999,4864495
2026-06-26,SKU-0004,WH-006,861
2026-06-11,SKU-0026,WH-999,-252
2026-06-21,SKU-0000,WH-004,1854
2026-07-14,SKU-0003,WH-001,298
2026-06-05,SKU-0035,WH-006,1076
2026-07-08,SKU-0005,WH-002,682
2026-06-07,,WH-005,4711436
2026-08-09,SKU-0052,WH-002,1751
2026-08-04,SKU-0022,WH-003,1310
2026-07-12,SKU-0026,WH-007,1348
2026-13-45,SKU-0046,WC-001,1836
2026-08-21,SKU-0060,WH-006,976
2026-08-03,SKU-0019,WH-004,1127
2026-07-17,SKU-0054,WH-004,1066
2026-07-21,SKU-0017,WH-004,1363
2026-08-21,SKU-0051,WH-007,11
2026-07-14,SKU-0024,WH-005,694
2026-06-13,SKU-0037,WH-004,1150
2026-08-12,SKU-0012,WH-002,1687
2026-07-12,SKU-0049,WH-006,1351
2026-06-21,SKU-0022,WH-002,462
2026-06-07,UNKNOWN,WH-003,1651
2026-07-04,SKU-0058,  WH-012  ,833
2026-06-11,SKU-0032,WH-005,1298
2026-08-21,SKU-0007,  WH-012  ,1077
2026-07-27,SKU-0021,WH-006,831
2026-08-02,SKU-0037,WH-004,1002
%Y-%m-%d,SKU-0000,WH-007,550
2026-06-21,SKU-0017,WH-008,965
2026-08-25,SKU-0033,WH-007,581
2026-07-25,SKU-0051,WH-001,1029
2026-07-16,SKU-0046,WH-002,1667
2026-08-30,SKU-0058,WH-004,528
2026-06-13,SKU-0017,WH-003,1028
2026-08-12,SKU-0046,WH-003,812
2026-08-30,SKU-0021,WH-004,59
2026-06-12,SKU-0027,WH-006,1752
2026-08-10,SKU-0028,WH-003,19
2026-06-12,SKU-0034,WH-008,1805
2026-08-11,SKU-0049,WH-002,1165
2026-07-29,SKU-0035,WH-004,668
2026-08-23,NA,WH-007,329
2026-07-22,SKU-0047,WH-004,645
2026-08-12,SKU-0040,WH-004,1331
2026-08-08,SKU-0046,WH-008,-65
2026-06-27,SKU-0048,WH-003,-237
2026-08-31,SKU-0051,WH-008,745
2026-07-07,SKU-0029,WH-001,508
2026-06-04,SKU-0050,WH-008,1745
2026-07-28,SKU-0001,WH-008,489
2026-07-06,SKU-0032,WH-001,237
2026-08-21,SKU-0047,WH-008,4083828
2026-08-09,UNKNOWN,WH-003,841
2026-07-23,SKU-0029,WH-007,1316
2026-06-18,SKU-0039,WH-004,713
2026-07-20,SKU-0023,WH-006,1137
2026-08-03,SKU-0022,WH-005,1764
2026-08-12,SKU-0030,WH-005,581
2026-06-21,SKU-0057,WH-001,1729
2026-08-25,SKU-0020,WH-005,242
2026-07-27,UNKNOWN,WH-008,1917
%Y-%m-%d,SKU-0047,WH-006,1756
2026-08-08,SKU-0048,WH-001,1389
2026-07-22,SKU-0058,WH-007,1826
2026-06-22,SKU-0009,WH-003,2979770
%m/%d/%Y,SKU-0056,WH-002,1891
2026-07-28,SKU-0010,WH-003,1825
2026-07-21,SKU-0060,WH-004,408
2026-06-01,SKU-0004,WC-001,425
2026-06-16,SKU-0059,WH-006,1919
2026-06-17,SKU-0029,WH-003,335
2026-06-07,SKU-0015,WH-008,1503
2026-08-27,SKU-0023,WH-007,757
2026-08-14,SKU-0019,WH-006,1341
%Y/%m/%d %H:%M,SKU-0009,WH-003,1455
2026-06-03,SKU-0042,WH-001,1452
2026-06-25,SKU-0047,WH-006,1441
%d/%m/%Y,SKU-0014,WH-006,920
2026-08-26,SKU-0004,WH-002,1042
2026-08-29,SKU-0019,WH-001,682
2026-07-04,SKU-0039,WH-007,4379276
2026-07-01,SKU-0009,,196
