transaction_id,date,sku,warehouse_id,quantity,revenue
TXN-001606,2026-06-05,SKU-0048,WH-005,17,1098.95
TXN-000708,2026-08-16,SKU-0017,WH-001,1,1226.31
TXN-001792,2026-08-08,SKU-0018,WH-001,-2,580.43
TXN-001632,2026-08-29,SKU-0000,WH-004,39,206.61
TXN-000917,2026-08-02,SKU-0040,WH-999,23,1168.35
TXN-000911,2026-06-30,SKU-0010,WH-001,-11,30.77
TXN-000544,2026-07-05,SKU-0010,WH-005,44,1065.44
TXN-000174,2026-07-24,SKU-0034,WH-005,1,831.04
TXN-000368,2026-07-13,SKU-0025,WH-008,29,1016.76
TXN-000591,2026-07-07,SKU-0035,WH-004,8,1016.03
TXN-000760,2026-06-16,SKU-0034,WH-002,26,694.38
TXN-000536,2026-07-28,SKU-0016,WH-002,25,667.9
TXN-001394,2026-07-30,SKU-0059,WH-006,40,829.26
TXN-001259,2026-08-18,SKU-0058,WH-003,1,849.09
TXN-000238,2026-08-13,SKU-0027,  WH-005  ,42,1297.41
TXN-000772,2026-06-28,SKU-0057,WH-002,21,973.79
TXN-001742,2026-08-21,SKU-0018,WC-001,40,-401.76
TXN-001459,2026-06-03,SKU-0010,WH-008,-2,-17.03
TXN-001291,2026-07-15,SKU-0013,WH-001,40,746.32
TXN-000480,2026-08-20,SKU-0004,WH-006,39,22.68
TXN-001263,2026-08-30,SKU-0029,WH-006,39,892.31
TXN-000481,2026-08-12,UNKNOWN,WH-006,25,1391.11
TXN-000352,2026-07-25,SKU-0038,WH-006,8,327.99
TXN-001367,2026-07-04,SKU-0016,WH-008,34,1144.6
TXN-000110,2026-07-29,SKU-0026,WH-001,35,1096.67
TXN-000112,2026-08-21,SKU-0017,WH-007,20,1490.91
TXN-001505,2026-08-08,SKU-0014,WH-002,18,1423.95
TXN-000325,2026-08-29,NA,WH-007,18,374.89
TXN-000454,2026-06-23,SKU-0034,WH-0,10,1117.41
TXN-001381,2026-06-13,SKU-0045,WH-007,11,1069.98
TXN-000820,2026-08-27,SKU-0010,WH-003,25,1286.88
TXN-000308,2026-08-19,SKU-0057,WH-0,34,1351.51
TXN-001462,%Y/%m/%d %H:%M,SKU-0019,WH-008,45,1262.39
TXN-001583,2026-07-21,SKU-0004,WH-003,14,1154.44
TXN-001433,2026-08-28,SKU-0020,WH-001,23,671.61
TXN-001173,2026-06-24,SKU-0060,WH-003,1,1255.06
TXN-000434,2026-08-06,SKU-0058,WH-008,33,111.86
TXN-001253,2026-06-21,SKU-0000,WH-0,4,228.98
TXN-000495,2026-06-01,SKU-0031,WH-007,33,562.93
TXN-001197,2026-06-16,SKU-0060,WC-001,19,612.04
TXN-001519,2026-06-29,SKU-0001,WH-004,5,1043.02
TXN-001563,%d/%m/%Y,SKU-0028,WH-005,44,220.48
TXN-000594,,,WH-005,33,1360.25
TXN-001661,2026-08-18,UNKNOWN,WH-005,10,720.32
TXN-001343,2026-08-20,SKU-0022,WH-007,29,371.93
TXN-001710,2026-08-15,SKU-0038,WH-006,6,742.44
TXN-000240,,SKU-0048,WH-001,31,1271.31
TXN-000472,2026-07-03,SKU-0036,WH-003,19,
TXN-000651,2026-06-18,SKU-0048,WH-001,12,381.32
TXN-001337,2026-07-30,SKU-0005,WH-004,36,1339.18
TXN-000479,2026-07-01,SKU-0002,WH-007,33,961.4
TXN-000484,2026-13-45,SKU-0057,WH-005,8,1495.76
TXN-000530,31/31/2026,SKU-0054,WH-001,-4,646.41
TXN-001498,2026-06-25,SKU-0024,WH-005,7,313.78
TXN-000850,%m/%d/%Y,SKU-0010,WH-004,34,205.27
TXN-001207,2026-08-29,SKU-0057,WH-003,33,445.09
TXN-000066,2026-08-28,SKU-0004,WH-004,49,722.53
TXN-001619,2026-08-09,UNKNOWN,WH-007,32,29.63
TXN-000555,%d/%m/%Y,NA,WH-007,12,705.57
TXN-000842,2026-08-23,SKU-0013,WH-008,18,579.73
TXN-000556,2026-06-08,SKU-0045,WH-007,23,673.85
TXN-000030,2026-06-09,SKU-0056,WH-002,47,
TXN-000332,2026-08-05,SKU-0031,WH-006,44,1304.05
TXN-000382,%Y/%m/%d %H:%M,SKU-0046,WH-001,44,1197.25
TXN-000870,2026-06-04,SKU-0054,WH-002,30,46.78
TXN-001058,%m/%d/%Y,SKU-0046,WH-007,-10,1264.42
TXN-001748,2026-08-24,SKU-0044,WH-002,33,991.67
TXN-001515,2026-08-14,SKU-0021,WH-003,21,597.63
TXN-000204,%m/%d/%Y,SKU-0038,WH-007,18,1343.08
TXN-000136,%d/%m/%Y,SKU-0002,WH-001,50,161.94
TXN-000414,2026-07-12,SKU-0056,WH-005,-8,26.73
TXN-000221,2026-08-06,SKU-0009,WH-005,19,570.23
TXN-000899,2026-06-27,,WC-001,19,381.59
TXN-000071,2026-07-12,SKU-0015,WH-008,28,-223.45
TXN-001707,2026-08-01,SKU-0032,WH-001,5,1440.43
TXN-000234,2026-08-17,SKU-0010,WH-002,3,271.35
TXN-001713,2026-07-04,SKU-0024,WH-008,2,64.72
TXN-001217,%d/%m/%Y,SKU-0055,WH-004,7,828.15
TXN-000539,2026-07-04,,WH-003,27,1481.5
TXN-000947,2026-06-19,SKU-0026,WH-006,29,158.12
TXN-001323,2026-08-28, ,WH-005,9,1482.19
TXN-001573,2026-08-31,SKU-0058,WH-007,12,1019.57
TXN-000248,2026-07-20,SKU-0006,WH-001,24,592.26
TXN-000343,2026-08-14,SKU-0009,WH-005,43,-335.53
TXN-001471,2026-06-16,SKU-0001,WH-002,11,124.99
TXN-000695,%d/%m/%Y,SKU-0017,WH-008,29,-206.59
TXN-000599,2026-06-02,SKU-0059,WH-006,14,759.82
TXN-000304,2026-07-27,SKU-0031,WH-005,14,139.62
TXN-000024,%Y/%m/%d %H:%M,SKU-0056,WH-001,26,874.79
TXN-000950,2026-06-04,SKU-0023,WH-008,22,874.99
TXN-000807,2026-08-10,SKU-0030,WH-001,45,902.33
TXN-001264,2026-06-07,SKU-0029,WH-007,49,223.85
TXN-001234,2026-08-26,SKU-0009,WH-005,26,68.56
TXN-001789,2026-06-01,SKU-0047,WH-007,24,1316.74
TXN-001299,2026-08-06,SKU-0053,WH-008,3,267.35
TXN-000964,2026-08-27,SKU-0060,WH-007,29,365.51
TXN-001675,2026-06-27,SKU-0014,WH-006,4,90.06
TXN-000811,2026-08-29,SKU-0005,WH-004,40,458.32
TXN-000988,2026-06-21,SKU-0021,WH-004,46,119.38
TXN-001670,2026-06-02,SKU-0051,WH-999,14,472.09
TXN-000483,2026-06-16,SKU-0031,WH-005,25,1283.26
TXN-000600,2026-08-26,SKU-0056,WH-002,3,132.35
TXN-000731,2026-07-05,SKU-0018,WH-003,35,987.67
TXN-000549,2026-07-26,SKU-0055,WH-008,36,1221.65
TXN-000351,%Y-%m-%d,SKU-0014,WH-002,40,496.81
TXN-000415,2026-06-04,SKU-0045,WH-007,16,769.94
TXN-001297,2026-07-20,SKU-0001,WH-006,41,68.3
TXN-001408,2026-08-11,SKU-0011,WH-008,46,785.65
TXN-001754,2026-08-18,SKU-0009,WH-008,17,20.04
TXN-001491,2026-07-25,SKU-0019,WH-001,39,966.3
TXN-000213,2026-08-12,SKU-0027,WH-006,-12,1187.72
TXN-000742,2026-06-24,SKU-0030,WH-002,24,1033.06
TXN-001158,2026-06-20,SKU-0055,WH-001,24,1281.72
TXN-000713,2026-06-15,SKU-0044,WH-003,27,1024.54
TXN-001354,2026-08-13,SKU-0002,WH-007,9,993.47
TXN-001279,2026-08-08,SKU-0042,WH-002,37,397.41
TXN-001553,2026-06-02,SKU-0000,WH-001,24,165.44
TXN-000701,2026-07-13,SKU-0058,WH-008,38,
TXN-000621,2026-08-18,SKU-0036,WH-006,12,118.71
TXN-001384,2026-06-12,SKU-0012,WH-003,21,525.33
TXN-000603,%Y/%m/%d %H:%M,SKU-0027,WH-001,-7,97.13
TXN-000630,2026-06-27,SKU-0047,WH-002,41,1284.57
TXN-000608,2026-06-18,SKU-0020,WH-006,24,183.01
TXN-000116,2026-06-18,SKU-0023,WH-002,15,993.28
TXN-000860,2026-07-24,SKU-0032,WH-007,47,1288.83
TXN-000670,2026-06-11,,WH-001,4,240.92
TXN-000290,2026-06-11,SKU-0010,WH-003,20,397.76
TXN-000545,2026-06-01,SKU-0058,WH-007,20,194.66
TXN-001614,%d/%m/%Y,SKU-0004,WH-002,29,901.83
TXN-001454,2026-06-09,SKU-0015,WH-006,48,977.19
TXN-000383,2026-06-26,SKU-0029,WH-007,-7,1264.53
TXN-000353,%d/%m/%Y,SKU-0040,WH-001,30,570.44
TXN-000340,2026-07-18,SKU-0037,WH-002,40,112.55
TXN-001059,2026-07-07,SKU-0034,WH-002,47,1002.03
TXN-000317,%m/%d/%Y,SKU-0040,WH-004,36,1140.56
TXN-001533,2026-07-22,SKU-0028,WH-006,23,1217.87
TXN-001304,2026-07-03,SKU-0026,WH-008,31,695.28
TXN-000528,2026-08-10,SKU-0006,WH-006,17,-447.32
TXN-001698,2026-07-01,SKU-0020,WH-006,-2,650.19
TXN-000255,%Y-%m-%d,SKU-0007,WH-008,43,1040.31
TXN-001528,2026-06-22,SKU-0025,WH-005,40,728.59
TXN-000856,2026-06-15,SKU-0033,WH-003,13,371.45
TXN-000125,2026-06-10,SKU-0031,WH-003,-9,391.64
TXN-000755,2026-07-30,SKU-0027,WH-004,47,615.53
TXN-000366,2026-06-13,SKU-0005,WH-999,50,466.68
TXN-000050,2026-07-04,SKU-0033,WH-008,35,544.14
TXN-000586,2026-08-11,SKU-0050,,45,1013.57
TXN-000507,2026-07-13,SKU-0051,WH-999,36,508.76
TXN-001081,2026-08-08,SKU-0042,WH-004,10,880.16
TXN-000189,2026-08-10,SKU-0040,WH-003,40,803.79
TXN-000276,2026-07-17,SKU-0054,WH-004,28,
TXN-001374,2026-06-19,SKU-0003,WH-006,34,1400.2
TXN-000552,2026-08-19,SKU-0053,WH-999,39,1251.26
TXN-001425,2026-07-28,,WH-004,11,713.46
TXN-001650,2026-08-14,SKU-0009,WH-002,26,288.05
TXN-001659,2026-08-19,SKU-0045,WH-005,38,1210.67
TXN-000298,2026-06-25,SKU-0024,WH-004,5,1159.35
TXN-001778,2026-06-07,SKU-0034,WH-002,2,1000.83
TXN-001746,2026-07-04,SKU-0031,WH-003,42,-73.17
TXN-000079,2026-06-18,SKU-0022,  WH-005  ,49,568.77
TXN-000535,2026-08-29,SKU-0002,WH-003,45,951.86
TXN-001319,2026-06-29,SKU-0001,WH-004,20,251.0
TXN-000866,31/31/2026,SKU-0057,WH-001,44,45.17
TXN-000074,2026-06-12,SKU-0000,WH-003,26,575.5
TXN-000706,2026-08-06,SKU-0052,WH-002,33,1194.37
TXN-000070,2026-08-30,SKU-0058,WH-999,25,296.34
TXN-000163,2026-08-22,SKU-0058,WH-006,3,
TXN-000712,2026-07-24,SKU-0054,WH-007,7,
TXN-000568,2026-06-07,SKU-0032,WH-005,31,165.66
TXN-000915,2026-07-18,SKU-0027,WH-003,10,607.31
TXN-000428,2026-08-26,SKU-0055,WH-004,11,885.4
TXN-000412,2026-08-28,SKU-0035,WH-008,-11,968.03
TXN-001117,%d/%m/%Y,NA,WH-003,2,1239.2
TXN-001787,2026-08-31,UNKNOWN,WH-008,45,92.33
TXN-001054,2026-07-03,SKU-0049,WH-004,14,1086.03
TXN-000553,2026-08-21,SKU-0007,WH-006,30,358.94
TXN-001028,%Y-%m-%d,SKU-0019,WH-006,34,1394.66
TXN-000661,2026-06-17,UNKNOWN,WH-002,10,651.77
TXN-000077,2026-06-10,SKU-0014,WH-005,7,726.13
TXN-001517,%d/%m/%Y,SKU-0052,WH-002,32,1059.46
TXN-000610,2026-08-18,SKU-0048,WH-002,49,1235.79
TXN-001346,2026-08-19,SKU-0030,WH-003,35,814.59
TXN-001112,2026-07-12,SKU-0050,WH-007,6,1190.16
TXN-001281,2026-07-10,SKU-0057,WH-007,34,479.2
TXN-000965,2026-08-13,SKU-0030,WH-003,22,547.56
TXN-001143,2026-06-18,SKU-0032,WH-003,22,510.88
TXN-001732,%Y/%m/%d %H:%M,,WH-006,3,1020.19
TXN-000367,%m/%d/%Y,SKU-0022,WH-006,45,199.91
TXN-001103,2026-07-26,SKU-0038,WH-002,36,16.7
TXN-001722,2026-06-27,SKU-0040,WH-007,9,1436.44
TXN-001126,2026-07-28,SKU-0029,WH-006,31,980.1
TXN-000031,2026-06-14,SKU-0046,WH-007,24,729.69
TXN-001169,2026-08-24,SKU-0019,WH-001,12,138.63
TXN-001574,%d/%m/%Y,SKU-0048,WH-007,8,611.48
TXN-001266,2026-08-25,SKU-0058,WH-006,25,339.0
TXN-001212,2026-07-12,SKU-0036,WH-005,-3,1342.58
TXN-001467,2026-08-27,SKU-0008,WH-003,45,
TXN-001038,2026-06-26,SKU-0006,WH-001,29,671.38
TXN-001407,2026-07-16,SKU-0033,WH-003,38,247.59
TXN-001424,2026-07-17,SKU-0057,WH-006,8,200.36
TXN-000100,2026-06-11,SKU-0028,WH-003,47,1070.77
TXN-000620,2026-06-25,SKU-0010,  WH-005  ,43,55.59
TXN-001132,%Y-%m-%d,SKU-0057,WH-005,41,674.33
TXN-000271,2026-06-06,SKU-0019,WH-007,14,553.45
TXN-000987,2026-07-10,SKU-0005,WH-001,6,-75.11
TXN-001525,2026-08-19, ,WH-007,5,98.75
TXN-001548,2026-07-13,SKU-0040,WH-008,27,1275.09
TXN-000169,2026-07-02,SKU-0036,WH-008,35,344.86
TXN-001469,2026-07-11,SKU-0014,WH-005,39,844.41
TXN-000211,2026-06-03,SKU-0030,WH-003,20,1409.7
TXN-000825,2026-08-13,SKU-0045,WH-005,48,203.26
TXN-000944,2026-08-06,SKU-0038,WH-004,17,
TXN-001740,2026-06-07,SKU-0004,WH-999,13,1146.12
TXN-001188,2026-06-19,SKU-0016,WH-007,41,572.57
TXN-001448,2026-07-10,SKU-0056,WH-001,31,666.92
TXN-000840,2026-06-14,SKU-0005,WH-0,44,
TXN-000252,2026-06-07,SKU-0012,WH-005,24,610.52
TXN-000858,2026-08-04,NA,WH-001,33,656.57
TXN-000033,2026-06-19,SKU-0050,WH-007,28,
TXN-001344,%Y/%m/%d %H:%M,SKU-0002,WH-008,44,232.54
TXN-001537,2026-08-30,UNKNOWN,WH-008,9,1329.65
TXN-000819,2026-06-25,SKU-0051,WH-008,15,848.55
TXN-000465,%Y/%m/%d %H:%M,SKU-0023,WH-001,45,65.99
TXN-000893,2026-06-17,SKU-0012,WH-008,19,571.36
TXN-000941,2026-08-29,SKU-0033,WH-008,43,646.5
TXN-000894,2026-07-22,SKU-0005,WH-005,17,415.78
TXN-000186,2026-08-22,SKU-0001,WH-006,47,1195.07
TXN-000531,2026-06-13,SKU-0011,WH-004,6,1178.17
TXN-000994,%Y-%m-%d,SKU-0051,WH-002,40,806.02
TXN-000865,2026-08-08,SKU-0016,WH-007,12,44.84
TXN-001190,2026-06-06,SKU-0001,WH-001,-9,1345.53
TXN-000045,2026-08-24,SKU-0026,WH-004,41,
TXN-001419,2026-07-25,SKU-0033,WH-006,27,496.91
TXN-000592,2026-06-30,SKU-0027,WH-008,29,-497.65
TXN-001388,%d/%m/%Y,SKU-0027,WH-005,47,779.24
TXN-000803,2026-06-24,SKU-0037,WH-002,27,279.41
TXN-000197,%m/%d/%Y,SKU-0054,WH-004,12,625.09
TXN-000910,2026-08-20,SKU-0002,WH-002,20,919.3
TXN-001581,2026-06-26,SKU-0045,WH-001,18,1189.89
TXN-000451,2026-07-27,SKU-0049,WH-001,8,
TXN-000060,2026-06-10,SKU-0024,WH-004,30,1203.24
TXN-001235,2026-07-26,SKU-0029,WH-007,17,1009.08
TXN-001687,%d/%m/%Y,SKU-0009,WH-007,49,1361.88
TXN-000773,2026-07-01,SKU-0022,WH-008,-11,1490.99
TXN-000902,2026-06-18,SKU-0018,WH-003,15,
TXN-001402,%Y-%m-%d,SKU-0008,WH-008,8,-475.01
TXN-000671,2026-08-19,SKU-0042,WH-008,25,395.3
TXN-000299,2026-07-26,SKU-0051,WH-004,30,1468.05
TXN-001464,2026-07-07,SKU-0060,WH-005,-3,782.12
TXN-001649,2026-06-18,SKU-0014,WH-003,19,392.02
TXN-000124,2026-08-14,SKU-0027,WH-005,2,220.63
TXN-000416,%m/%d/%Y,SKU-0030,WH-006,22,437.23
TXN-001476,2026-07-11,SKU-0026,WH-008,39,355.14
TXN-000496,2026-06-22,SKU-0003,WH-002,3,922.07
TXN-000807,2026-08-10,SKU-0030,WH-001,45,902.33
TXN-001603,2026-06-06,SKU-0035,WH-001,43,1230.68
TXN-000395,2026-06-02,SKU-0047,WH-006,50,201.4
TXN-000847,2026-08-26,,WH-001,2,752.09
TXN-001174,2026-06-12,SKU-0013,WH-004,34,19.75
TXN-000345,2026-06-05,SKU-0051,WH-004,47,196.41
TXN-001557,2026-07-25,SKU-0009,WH-003,17,1133.49
TXN-001716,2026-06-20,SKU-0021,WH-005,27,1444.25
TXN-001673,2026-06-23,SKU-0025,WH-005,39,1084.73
TXN-000781,2026-08-18,SKU-0042,WH-002,46,665.85
TXN-001560,2026-07-10,SKU-0016,WH-006,-11,1209.14
TXN-001091,2026-07-07,SKU-0032,WH-001,36,607.15
TXN-000615,2026-07-17,SKU-0040,WH-006,8,1345.05
TXN-000068,2026-08-30,SKU-0038,WH-006,13,476.84
TXN-001177,,SKU-0015,WH-004,31,204.8
TXN-001743,2026-08-02,NA,WH-007,27,884.49
TXN-001751,2026-07-28,SKU-0024,WH-006,42,1347.03
TXN-000440,2026-06-28,UNKNOWN,WH-0,-4,691.72
TXN-001277,2026-06-10,SKU-0003,WH-006,21,1434.72
TXN-000323,2026-08-16,SKU-0037,WH-003,-1,269.17
TXN-001503,2026-08-23,SKU-0055,WH-002,-11,529.33
TXN-001642,2026-06-28, ,WH-006,35,202.12
TXN-000306,2026-06-01,SKU-0024,WH-005,7,414.75
TXN-000863,2026-06-04,SKU-0012,WH-005,5,-382.07
TXN-000711,%m/%d/%Y,SKU-0060,WC-001,4,1258.76
TXN-000887,2026-07-06,,WH-001,-10,239.37
TXN-001739,2026-08-11,SKU-0056,WH-002,40,324.73
TXN-001436,2026-07-11,SKU-0005,WH-006,20,-376.67
TXN-001756,2026-06-03,SKU-0044,WH-005,34,162.38
TXN-001363,2026-08-31,SKU-0043,WH-006,27,656.52
TXN-000375,2026-07-26,SKU-0057,WH-001,36,1427.23
TXN-001750,2026-06-10,SKU-0040,WH-008,4,249.16
TXN-000644,2026-08-16,SKU-0036,WH-005,3,43.47
TXN-001035,2026-07-11,SKU-0050,WH-003,3,28.54
TXN-000765,2026-08-16,SKU-0006,WH-005,4,1368.89
TXN-000262,2026-07-24,SKU-0022,WH-002,2,-173.46
TXN-000808,2026-08-17,SKU-0023,WH-002,39,-252.7
TXN-000241,2026-07-31,SKU-0044,WH-002,25,1385.53
TXN-000680,2026-08-31,SKU-0054,WH-002,22,949.16
TXN-000372,2026-07-07,SKU-0047,WH-004,21,1382.46
TXN-001273,2026-06-16,SKU-0008,WH-002,39,1068.06
TXN-001262,2026-08-13,SKU-0044,WH-006,41,1188.66
TXN-000675,2026-08-21,SKU-0055,WH-004,-12,118.39
TXN-000577,%d/%m/%Y,SKU-0014,WH-001,16,1311.24
TXN-000072,2026-06-27,SKU-0021,WH-006,36,654.88
TXN-001135,2026-08-04,SKU-0009,WH-007,39,1303.36
TXN-000260,%m/%d/%Y,SKU-0057,WH-004,21,911.95
TXN-000052,2026-06-14,SKU-0060,,14,1044.89
TXN-000384,2026-08-28,SKU-0007,WH-005,10,1236.85
TXN-000333,2026-08-20,SKU-0037,WH-008,17,469.02
TXN-001125,2026-07-29,SKU-0025,WH-002,34,367.08
TXN-001230,2026-07-03,SKU-0023,WH-008,50,653.74
TXN-000463,2026-06-14,SKU-0017,WH-003,49,1137.09
TXN-001165,2026-06-21,SKU-0034,WH-003,15,1101.96
TXN-000779,2026-08-28,SKU-0030,WH-007,20,859.22
TXN-001227,2026-07-16,SKU-0039,WH-002,23,39.77
TXN-000430,2026-08-04,sku-1001,WH-007,19,982.73
TXN-000793,2026-07-20,SKU-0017,WH-001,28,759.27
TXN-001697,2026-06-22,SKU-0031,WH-001,14,1302.52
TXN-001146,2026-06-20,SKU-0028,WH-007,4,982.32
TXN-001250,2026-07-02,SKU-0044,WH-002,3,670.25
TXN-001755,not-a-date,UNKNOWN,WH-008,1,1272.63
TXN-001527,2026-06-26,SKU-0049,WH-008,7,259.23
TXN-001620,2026-08-29,,WH-006,46,926.08
TXN-001133,2026-06-16,SKU-0004,WH-008,31,304.44
TXN-000515,2026-08-03,SKU-0001,WH-003,28,1181.9
TXN-001422,2026-07-21,SKU-0010,,29,330.27
TXN-000142,2026-08-30,SKU-0039,WH-004,41,1015.62
TXN-000926,2026-08-13,SKU-0043,WH-008,36,
TXN-000694,2026-06-20,SKU-0037,WH-003,37,708.31
TXN-001694,2026-07-09,SKU-0028,WH-004,32,-196.74
TXN-001353,2026-07-17,SKU-0024,WH-007,50,44.17
TXN-001365,2026-07-23,SKU-0019,WH-005,-7,550.82
TXN-001800,2026-07-10,SKU-0040,WH-003,3,
TXN-000272,%Y-%m-%d,SKU-0046,WH-006,16,533.98
TXN-000185,2026-07-23,UNKNOWN,WH-005,28,674.7
TXN-000782,2026-07-14,SKU-0012,WH-007,48,197.5
TXN-000245,2026-06-29,sku-1001,WH-007,35,395.43
TXN-001248,2026-06-23,SKU-0058,WH-003,13,210.6
TXN-001711,2026-06-20,SKU-0025,WH-008,27,1040.99
TXN-000683,2026-08-11,SKU-0036,  WH-005  ,2,179.27
TXN-000355,2026-07-29, ,WH-002,28,835.51
TXN-001194,2026-07-01,SKU-0027,WH-007,4,583.24
TXN-001205,2026-08-07,SKU-0024,WH-007,43,725.9
TXN-000924,%m/%d/%Y,NA,WH-005,25,419.98
TXN-000612,,,WH-008,-11,-63.91
TXN-001413,2026-06-18,SKU-0014,WH-001,31,1333.96
TXN-001318,2026-07-13,SKU-0032,WH-006,26,273.26
TXN-000251,2026-06-14,SKU-0056,WH-007,40,1319.17
TXN-001735,%d/%m/%Y,SKU-0026,WH-002,29,966.46
TXN-001186,2026-07-11,SKU-0017,WH-007,28,261.21
TXN-000519,2026-08-10,,WH-005,39,541.5
TXN-000409,2026-08-08,SKU-0002,WH-006,14,329.95
TXN-000904,2026-06-14,SKU-0038,WH-002,26,204.82
TXN-001317,2026-07-15,SKU-0009,WH-007,8,378.19
TXN-001499,2026-07-10,SKU-0002,WH-004,42,411.91
TXN-000638,2026-07-11,SKU-0010,WH-008,49,653.37
TXN-001324,2026-08-04,NA,WC-001,-1,562.99
TXN-001360,2026-06-11,SKU-0033,WC-001,23,1102.55
TXN-000705,2026-08-18, ,WH-004,26,79.22
TXN-001453,%d/%m/%Y,NA,WH-007,27,850.49
TXN-001010,2026-08-27,SKU-0059,WH-003,33,672.36
TXN-000171,2026-07-10,SKU-0037,WH-001,26,424.65
TXN-000293,2026-08-08,SKU-0047,WH-008,35,1326.03
TXN-000423,2026-06-09,SKU-0010,WH-001,13,1193.28
TXN-000487,%Y/%m/%d %H:%M, ,WH-002,13,652.64
TXN-000301,2026-06-13,SKU-0043,,21,243.28
TXN-001700,2026-07-22,SKU-0034,WH-005,31,702.5
TXN-000421,2026-06-22,SKU-0039,WH-003,43,490.06
TXN-001461,2026-06-12, ,WH-003,6,604.99
TXN-001084,2026-13-45,SKU-0038,WH-003,20,683.82
TXN-001747,2026-07-08,SKU-0041,WH-007,4,
TXN-000907,2026-07-18,SKU-0004,WH-006,50,1060.01
TXN-001048,2026-08-07, ,WH-003,40,547.9
TXN-000844,2026-06-14,SKU-0005,WH-004,15,1409.06
TXN-001764,2026-06-11,SKU-0001,WH-004,48,89.58
TXN-000399,2026-07-01,SKU-0054,WH-004,2,137.22
TXN-001652,2026-06-28,SKU-0007,WH-002,41,710.16
TXN-000576,2026-06-15,SKU-0024,WH-003,24,1365.7
TXN-000176,2026-06-04,SKU-0019,WH-007,30,390.99
TXN-000482,2026-08-29,SKU-0043,WH-005,49,1373.35
TXN-001623,2026-07-04,SKU-9999,WH-005,-4,-74.89
TXN-000558,2026-07-18,SKU-0022,WH-006,12,560.23
TXN-000629,2026-06-30,SKU-0048,WH-007,11,1168.09
TXN-000335,2026-07-29,SKU-9999,WH-005,-6,416.39
TXN-001286,2026-06-08,SKU-0038,WH-005,31,201.54
TXN-001775,2026-08-22,SKU-0050,WH-001,4,1118.52
TXN-000905,2026-07-03,SKU-0047,WH-005,9,-232.66
TXN-001753,2026-08-10,SKU-0053,WH-006,45,
TXN-000199,2026-07-10,SKU-0014,WH-005,7,1173.07
TXN-000016,2026-07-26,SKU-0036,WH-003,40,339.27
TXN-000266,2026-08-03,SKU-0035,WH-002,36,171.75
TXN-001415,2026-08-21,SKU-0039,WH-004,20,1250.83
TXN-001570,2026-06-27,SKU-0034,WH-004,33,967.81
TXN-001395,2026-07-30,SKU-0005,WH-001,25,1354.34
TXN-000439,2026-06-14,SKU-0034,WH-003,48,169.32
TXN-000533,2026-08-16,SKU-0010,WH-007,30,1037.7
TXN-000745,2026-06-02,SKU-0040,WH-004,37,746.82
TXN-001406,2026-08-10,SKU-0050,WH-008,26,1280.87
TXN-000756,2026-08-24,SKU-0040,WH-003,47,266.47
TXN-000426,,SKU-0022,WH-006,-4,531.68
TXN-000200,2026-07-18,SKU-0022,WH-004,26,1284.15
TXN-000737,2026-07-16,sku-1001,WH-004,1,
TXN-001006,2026-06-05,SKU-0051,WH-005,7,913.47
TXN-000611,2026-08-30,SKU-0052,WH-006,28,1051.51
TXN-001191,2026-06-29,SKU-0029,WH-002,40,800.83
TXN-000985,2026-06-12,SKU-0001,WH-008,37,212.43
TXN-000571,2026-07-15,SKU-0057,WH-003,23,1431.73
TXN-001696,2026-08-12,UNKNOWN,WH-006,29,653.43
TXN-000707,2026-06-27,SKU-0046,WH-008,30,769.21
TXN-001145,2026-06-05,SKU-0048,WH-999,40,18.68
TXN-001549,2026-08-27,SKU-0005,WH-004,-3,1023.69
TXN-000417,2026-06-10,SKU-0017,WH-006,35,
TXN-000943,2026-08-07,SKU-0006,WH-001,-10,
TXN-000311,2026-08-12,SKU-0000,WH-005,20,298.94
TXN-000057,%Y-%m-%d,SKU-0029,WH-007,28,17.68
TXN-001624,2026-06-27,SKU-0020,WH-008,4,1340.4
TXN-000433,2026-08-18,SKU-0009,WH-003,33,736.92
TXN-000786,%m/%d/%Y,SKU-0057,WH-002,38,215.66
TXN-000044,2026-06-20,SKU-0039,WH-006,41,282.06
TXN-000101,2026-06-06,SKU-0030,WH-001,43,479.91
TXN-000275,2026-08-18,SKU-0057,WH-005,5,985.5
TXN-001628,2026-07-27,SKU-0058,WH-003,32,1346.12
TXN-000354,2026-07-29,SKU-0039,WH-004,31,1487.59
TXN-000102,%m/%d/%Y,SKU-0019,WH-004,44,1490.68
TXN-000799,2026-06-01,SKU-0001,WH-002,14,285.47
TXN-000108,%d/%m/%Y,SKU-0045,WH-004,45,1189.79
TXN-001189,2026-06-19,SKU-0032,WH-001,16,411.43
TXN-001793,2026-08-16,SKU-0025,WH-008,28,441.71
TXN-000768,2026-07-24,SKU-0043,WH-006,36,939.75
TXN-001231,2026-08-28,SKU-0026,WH-005,37,325.63
TXN-001005,2026-08-16,SKU-0046,WH-004,-9,318.92
TXN-000775,%Y/%m/%d %H:%M,SKU-0035,WH-008,45,1404.94
TXN-000916,2026-07-25,SKU-0000,WH-008,44,608.16
TXN-000427,2026-06-13,SKU-0060,WH-002,28,111.78
TXN-000991,2026-06-23,SKU-0013,WH-004,40,1031.24
TXN-001178,2026-07-14,SKU-0016,WH-005,14,507.7
TXN-000129,2026-06-05,SKU-0014,WH-007,42,1178.93
TXN-001311,2026-06-17,SKU-0048,WH-003,42,-458.72
TXN-001544,2026-07-01,SKU-0024,WC-001,26,1126.57
TXN-001064,2026-07-26,SKU-0058,WH-002,-12,500.81
TXN-000966,2026-06-14,SKU-0053,WH-002,5,334.46
TXN-001270,2026-07-15,SKU-0040,WH-008,14,896.47
TXN-000975,2026-08-26,SKU-0033,WH-004,49,1301.19
TXN-000933,2026-06-06,SKU-0032,WH-004,28,418.25
TXN-000953,2026-07-02,SKU-0028,WH-007,17,130.6
TXN-001658,2026-08-11,SKU-0048,WH-006,24,1338.39
TXN-001361,%Y-%m-%d,SKU-0056,WC-001,29,353.59
TXN-000619,%Y/%m/%d %H:%M,SKU-0036,WH-005,26,
TXN-001305,2026-06-10,SKU-0033,WH-006,26,1204.16
TXN-001393,2026-07-18,SKU-0010,WH-005,-8,1275.25
TXN-001202,2026-08-11,SKU-0048,WH-005,1,469.99
TXN-001445,2026-08-03,SKU-0015,WH-006,31,753.32
TXN-001118,2026-06-29,SKU-0012,WH-007,19,1369.19
TXN-000967,%Y/%m/%d %H:%M,SKU-0018,WH-002,6,995.77
TXN-000406,2026-06-11,SKU-0024,WH-002,24,
TXN-001403,2026-06-30,SKU-0002,WH-003,12,1387.2
TXN-001502,2026-08-30,SKU-0025,WH-999,14,1057.82
TXN-000888,2026-06-26,SKU-0042,WH-005,16,362.48
TXN-000584,2026-07-13,SKU-0015,WC-001,6,931.42
TXN-001730,%Y-%m-%d,SKU-0059,WH-004,32,
TXN-000758,2026-06-04,SKU-0011,WH-001,25,184.81
TXN-000227,not-a-date,SKU-0052,WH-002,35,1217.77
TXN-000232,2026-08-13,SKU-0012,,50,
TXN-000753,2026-07-22,SKU-0015,WH-008,7,-14.79
TXN-001546,2026-07-25,SKU-0019,WH-006,44,341.84
TXN-001685,%m/%d/%Y,SKU-0020,WH-003,19,88.05
TXN-000164,2026-08-20,SKU-0004,WH-003,50,1165.67
TXN-001092,2026-08-03,SKU-0033,WH-003,20,1143.11
TXN-001011,2026-06-20,SKU-0006,WH-005,7,503.28
TXN-000267,2026-08-26,NA,WH-001,14,441.77
TXN-000149,,SKU-0004,WH-007,29,-301.71
TXN-001104,2026-06-02,SKU-0034,WH-008,42,1291.51
TXN-000875,2026-07-06,SKU-0049,WH-002,37,121.5
TXN-000597,2026-07-17,SKU-0004,WH-003,19,489.03
TXN-000693,2026-06-26,SKU-0021,WH-001,17,1321.69
TXN-001430,2026-07-22,SKU-0039,WH-008,8,670.44
TXN-000307,2026-07-24,SKU-0018,WH-007,36,
TXN-000193,2026-08-08,SKU-0010,WH-003,43,940.93
TXN-000983,2026-07-31,SKU-0021,WH-006,41,173.81
TXN-000310,2026-07-28,SKU-0023,WH-005,18,673.34
TXN-001313,2026-07-31,SKU-0058,WH-008,-9,50.77
TXN-000064,2026-07-24,SKU-0024,WH-004,-1,865.18
TXN-001604,2026-08-28,SKU-0000,WH-002,11,137.96
TXN-000010,2026-07-04,SKU-0055,WH-999,2,722.17
TXN-001198,2026-06-28,sku-1001,WH-005,27,1346.68
TXN-000583,2026-07-26,SKU-0007,WH-006,37,1300.51
TXN-000498,2026-08-14,SKU-9999,WH-005,26,616.19
TXN-001288,2026-06-25,SKU-0008,WH-002,30,483.72
TXN-001056,2026-07-03,SKU-0060,WH-001,38,762.46
TXN-001252,%Y-%m-%d,SKU-0025,WH-008,43,824.78
TXN-001161,2026-08-24,SKU-0049,WH-004,9,1457.05
TXN-001475,2026-07-19,SKU-0029,WH-005,4,14.69
TXN-000800,2026-06-22,SKU-0057,WC-001,23,772.16
TXN-000527,2026-08-07,SKU-0018,WH-002,39,452.67
TXN-001644,2026-08-19,SKU-0046,WH-003,41,1382.53
TXN-001044,2026-06-25,SKU-0054,WH-004,18,762.19
TXN-001031,2026-06-01,SKU-0060,WH-003,11,1277.21
TXN-000219,2026-07-10,SKU-0021,WH-001,14,550.09
TXN-001729,2026-07-22,SKU-0032,WH-007,42,1074.39
TXN-000287,2026-06-12,SKU-9999,WH-002,36,820.77
TXN-001051,, ,WH-001,25,1095.7
TXN-001458,2026-06-17,SKU-0033,WH-001,25,832.86
TXN-000814,2026-07-03,SKU-0057,WH-002,41,1453.91
TXN-000618,2026-08-16,SKU-0026,WH-008,1,982.14
TXN-000362,2026-08-24,SKU-0045,WH-0,39,1280.54
TXN-001106,%m/%d/%Y,SKU-0020,WH-003,16,486.95
TXN-000585,%Y-%m-%d,SKU-0006,WH-002,10,503.75
TXN-001221,%d/%m/%Y,SKU-0034,WH-006,44,824.59
TXN-000995,%d/%m/%Y,SKU-0008,WH-002,48,476.69
TXN-000486,2026-07-18,SKU-0053,WH-003,30,1225.26
TXN-001489,2026-08-27,SKU-0016,WH-007,3,937.93
TXN-000614,2026-08-09,SKU-0041,WH-008,41,209.79
TXN-001613,2026-08-07,SKU-0038,WH-001,20,365.66
TXN-001769,2026-07-21,SKU-0018,WH-006,48,746.92
TXN-000882,2026-07-03,SKU-0024,WH-007,-11,1242.2
TXN-001122,2026-07-14,SKU-0035,WH-001,29,744.06
TXN-000951,2026-06-30,SKU-0012,WH-002,16,776.4
TXN-000757,2026-06-18,SKU-0028,WH-003,40,-57.76
TXN-000474,2026-07-06,SKU-0053,WH-002,10,637.93
TXN-001561,2026-07-22,SKU-0008,WH-001,15,496.9
TXN-001473,2026-06-03,SKU-0058,WH-008,8,1136.41
TXN-001646,2026-06-02,UNKNOWN,WH-003,35,693.35
TXN-000744,2026-08-15,SKU-0044,WH-001,15,547.68
TXN-001287,2026-08-21,SKU-0050,WH-002,27,816.21
TXN-000979,%d/%m/%Y,SKU-0017,WH-005,35,69.53
TXN-000494,2026-06-04,SKU-9999,WH-008,10,1496.01
TXN-001633,2026-06-02,SKU-0040,WH-006,12,179.3
TXN-000278,2026-08-30,SKU-0035,WH-002,32,226.34
TXN-001674,2026-08-13,SKU-0004,WH-003,20,
TXN-000359,2026-08-04,SKU-0053,WH-006,35,1312.09
TXN-000999,2026-06-10,SKU-9999,WH-006,47,1087.29
TXN-000237,2026-08-02,SKU-0010,WH-005,13,1311.35
TXN-001693,2026-08-29,SKU-0021,WH-004,6,
TXN-001592,2026-07-18,UNKNOWN,WH-006,29,693.07
TXN-000209,%Y-%m-%d,SKU-0038,WH-006,29,143.01
TXN-001612,2026-08-25,SKU-0050,WH-002,11,593.65
TXN-001417,2026-08-18,SKU-0004,WH-001,36,258.68
TXN-000059,2026-06-21,SKU-0049,WH-001,22,520.01
TXN-001441,2026-07-13,SKU-0009,WH-007,49,1297.87
TXN-001434,2026-07-24,,WH-007,13,1442.26
TXN-000364,2026-08-07,SKU-0050,WH-004,35,499.98
TXN-000918,2026-06-11,SKU-0038,WH-006,30,245.13
TXN-000562,2026-06-26,SKU-0039,WH-004,5,99.55
TXN-001508,2026-08-19,SKU-0033,WH-002,-10,917.48
TXN-001457,%m/%d/%Y,SKU-0053,WH-999,39,1010.79
TXN-001314,2026-06-08,SKU-0006,,8,792.23
TXN-000702,2026-08-11,SKU-0060,WH-0,30,452.03
TXN-000817,2026-08-13,SKU-0002,WH-006,6,273.02
TXN-000681,2026-08-27,SKU-0013,WH-006,13,1431.42
TXN-000119,2026-07-08,SKU-0020,WH-003,49,1115.04
TXN-001139,2026-08-26,SKU-0048,WH-008,49,1445.42
TXN-000942,2026-07-06,SKU-0016,WH-003,13,710.92
TXN-000523,%Y-%m-%d,SKU-0010,WH-001,6,634.33
TXN-000514,2026-08-09,SKU-0036,WH-005,21,364.97
TXN-000082,2026-06-06,sku-1001,WH-001,40,564.93
TXN-001379,2026-07-26,SKU-0034,WH-003,1,
TXN-000845,2026-08-30,SKU-0008,WH-004,47,30.91
TXN-000381,2026-07-16,SKU-0019,WH-003,45,367.6
TXN-001536,2026-06-17,SKU-0025,  WH-005  ,8,1353.24
TXN-000085,%Y-%m-%d,SKU-0025,WH-003,43,949.39
TXN-001526,2026-06-03,SKU-0060,WH-001,38,921.6
TXN-000330,not-a-date,SKU-0042,WH-008,19,792.97
TXN-000927,2026-06-14,SKU-0043,WH-007,27,189.96
TXN-001404,2026-06-18,SKU-0005,WH-002,10,1296.6
TXN-000632,2026-07-22,sku-1001,WH-001,19,-413.83
TXN-000766,%d/%m/%Y,SKU-0033,WH-002,24,1006.16
TXN-000969,%m/%d/%Y,SKU-0025,WH-005,43,956.61
TXN-000452,2026-07-14,SKU-0055,WH-005,38,1087.17
TXN-000491,2026-07-24,SKU-0041,WH-007,25,378.94
TXN-001342,2026-07-16,SKU-0059,WH-007,14,630.77
TXN-000288,2026-08-26,SKU-0035,  WH-005  ,19,1431.01
TXN-001472,2026-08-17,SKU-0035,WH-003,21,10.06
TXN-001798,2026-06-08,SKU-0056,WH-006,38,1217.38
TXN-001238,2026-08-12,SKU-0058,WH-001,36,221.91
TXN-001345,%d/%m/%Y,SKU-0059,WH-004,43,827.98
TXN-001113,2026-07-05,SKU-0032,WH-004,47,347.14
TXN-000932,2026-07-15,SKU-0042,WH-004,42,643.81
TXN-001790,2026-08-08,SKU-0012,WH-001,23,756.57
TXN-001736,2026-07-19,SKU-0009,WH-002,40,-213.08
TXN-001723,2026-07-30,UNKNOWN,WH-004,1,1308.48
TXN-000328,2026-07-06,SKU-0058,  WH-005  ,6,-436.99
TXN-001758,2026-08-28,SKU-0003,WH-002,27,446.74
TXN-001492,%d/%m/%Y,SKU-0050,WH-002,48,1261.97
TXN-000949,2026-07-06,SKU-0046,WH-004,16,483.13
TXN-001062,2026-07-24,SKU-0035,WH-005,35,97.08
TXN-000734,2026-06-05,SKU-0025,WH-003,50,
TXN-000178,2026-07-21,SKU-0012,WH-007,15,963.9
TXN-001254,2026-07-12,SKU-0023,WH-001,14,1123.2
TXN-000589,2026-08-03,SKU-0036,WH-003,17,1066.96
TXN-000087,2026-06-11,SKU-0059,,10,1259.17
TXN-001274,2026-06-06,SKU-0046,WH-003,2,-369.7
TXN-001718,2026-08-05,SKU-0010,WH-0,13,869.13
TXN-000458,%m/%d/%Y,SKU-0011,WH-006,41,939.36
TXN-000055,2026-07-09,SKU-0049,WH-004,-9,721.45
TXN-001362,2026-06-22,SKU-0005,WH-005,12,148.97
TXN-000222,2026-08-22,sku-1001,WH-006,10,908.14
TXN-000114,2026-07-28,SKU-0009,WH-004,38,1492.16
TXN-001449,2026-08-12,SKU-0025,WH-003,45,871.7
TXN-001330,2026-07-03,SKU-0029,WH-004,17,1231.21
TXN-001738,2026-07-02,SKU-0030,,19,201.92
TXN-000175,2026-08-20,SKU-0035,WH-999,6,529.4
TXN-000652,2026-07-06,SKU-0003,WH-007,16,309.15
TXN-000590,2026-07-17,SKU-0004,WH-005,21,1296.03
TXN-001477,2026-07-04,SKU-0050,WH-002,26,856.3
TXN-000019,2026-08-03,SKU-0056,WH-006,-6,1484.68
TXN-000424,2026-06-07,SKU-0029,WH-007,12,-367.38
TXN-001215,,SKU-0048,WH-999,29,753.31
TXN-000286,2026-07-23,SKU-0051,WH-002,34,264.64
TXN-001566,2026-08-08,SKU-0016,WH-008,23,808.82
TXN-000429,2026-08-02,SKU-0039,WH-003,13,626.3
TXN-001538,2026-08-21,SKU-0013,WH-008,36,1109.81
TXN-001582,2026-07-19,SKU-0048,WH-008,24,124.78
TXN-000032,2026-06-12,SKU-0001,WH-007,10,1428.8
TXN-000783,2026-07-24,SKU-0001,WH-003,37,175.62
TXN-001176,2026-07-13,SKU-0006,WH-006,47,1469.54
TXN-000215,2026-07-03,SKU-0020,WH-006,14,851.17
TXN-000679,%Y/%m/%d %H:%M,SKU-0028,WH-007,34,547.55
TXN-000327,2026-06-06,SKU-0019,WH-008,32,-273.58
TXN-000561,2026-08-12,SKU-0028,,2,1415.21
TXN-001002,2026-06-26,SKU-0028,WH-001,44,1067.78
TXN-001209,%Y/%m/%d %H:%M,SKU-0047,WH-008,49,724.75
TXN-001085,2026-08-30,UNKNOWN,WH-002,49,499.96
TXN-000342,%d/%m/%Y,SKU-0049,WH-002,22,872.86
TXN-000148,2026-08-17,SKU-0005,WH-007,30,22.31
TXN-000361,2026-07-12,SKU-0028,WH-003,12,215.93
TXN-000084,2026-07-10,SKU-0056,WH-001,46,902.85
TXN-000049,2026-08-29,SKU-0019,WH-005,2,1028.41
TXN-000469,2026-08-01,SKU-0031,WH-001,18,1421.31
TXN-000156,2026-06-16,SKU-0036,WH-006,6,1048.48
TXN-001095,2026-07-29,SKU-0031,WH-001,-12,481.66
TXN-001269,2026-06-08,SKU-0046,WH-005,21,803.12
TXN-001097,2026-06-14,SKU-0057,WH-006,9,1227.54
TXN-001482,2026-08-30,SKU-0010,WH-003,48,389.21
TXN-000501,2026-06-06,SKU-0003,WH-0,-11,435.59
TXN-000180,2026-08-16,SKU-0001,  WH-005  ,26,1306.52
TXN-001325,2026-08-17,sku-1001,,32,1207.12
TXN-000655,2026-07-13,SKU-0050,WH-007,18,578.02
TXN-001443,2026-06-21,SKU-0039,WH-001,43,842.24
TXN-000529,2026-06-11,SKU-0019,  WH-005  ,10,1213.05
TXN-000347,%Y-%m-%d,SKU-0033,WH-004,23,449.67
TXN-001256,2026-08-12,SKU-0004,WH-006,42,
TXN-001773,2026-08-11,SKU-0031,WH-005,42,339.76
TXN-001080,2026-07-23,SKU-0033,WH-008,46,1421.96
TXN-001691,2026-07-02,SKU-0004,WH-005,34,600.59
TXN-000839,2026-08-19,SKU-0022,WH-003,30,1391.68
TXN-000602,not-a-date,SKU-0001,WH-002,-8,417.25
TXN-000901,2026-08-25, ,WH-002,36,301.88
TXN-000244,2026-08-24,SKU-0000,WH-002,5,1298.84
TXN-000746,%Y-%m-%d,SKU-0003,WH-007,41,972.35
TXN-001779,2026-07-05,SKU-0060,WH-007,18,1124.52
TXN-000313,2026-07-29,SKU-0024,WH-005,37,418.44
TXN-000436,2026-06-01,SKU-0055,WH-006,45,1216.3
TXN-001717,2026-07-24,SKU-0017,WH-007,2,
TXN-000778,2026-07-07,SKU-0037,WH-006,37,601.86
TXN-000309,%Y-%m-%d,SKU-0028,WH-004,16,61.1
TXN-000431,2026-06-22,SKU-0040,WH-005,26,825.42
TXN-000371,2026-06-22,SKU-0038,  WH-005  ,46,1420.3
TXN-000567,2026-06-04,SKU-0038,WH-004,40,757.05
TXN-001134,2026-07-11,SKU-0022,WH-006,28,81.41
TXN-000182,2026-07-25,SKU-0050,WH-006,-8,1268.42
TXN-000723,%Y-%m-%d,SKU-0013,WH-004,6,756.46
TXN-000622,2026-07-24,SKU-0032,WH-003,14,236.4
TXN-001594,2026-06-28,SKU-0027,WH-005,35,450.61
TXN-000980,2026-06-10,SKU-0021,WH-006,50,1039.58
TXN-001282,2026-07-21,SKU-0007,WH-005,28,1455.78
TXN-001668,2026-08-28,SKU-0025,WH-004,-2,107.49
TXN-000297,2026-06-25,SKU-0009,WH-008,30,278.59
TXN-001166,%Y-%m-%d,SKU-0025,WH-005,46,469.16
TXN-000462,2026-07-13,SKU-0005,WH-001,38,201.19
TXN-001182,2026-06-02,SKU-0001,WH-004,37,1111.55
TXN-000989,2026-06-22,SKU-0021,WH-002,3,1132.64
TXN-000378,2026-08-22,SKU-0030,WH-003,28,1053.84
TXN-001728,2026-07-04,SKU-0051,WH-005,26,308.78
TXN-000106,2026-08-22,SKU-0057,WH-008,38,144.93
TXN-000127,2026-07-25,SKU-0028,WH-007,40,622.09
TXN-001129,2026-06-13,SKU-0053,WH-005,20,1414.29
TXN-001672,2026-08-03,SKU-9999,WH-005,31,1378.65
TXN-000356,%m/%d/%Y,SKU-0011,  WH-005  ,44,1082.48
TXN-001470,2026-07-09,SKU-0000,WH-002,23,610.11
TXN-000678,%d/%m/%Y,SKU-0026,WH-002,3,1132.25
TXN-000728,2026-07-31,SKU-0031,WH-002,6,855.94
TXN-000210,%d/%m/%Y,SKU-0026,WH-007,30,951.55
TXN-001121,2026-07-03,,WH-005,50,1314.8
TXN-000141,,SKU-0040,WH-0,22,55.67
TXN-001456,%Y-%m-%d,SKU-0057,WH-004,47,688.17
TXN-001211,2026-08-11,,WH-008,44,102.19
TXN-000922,2026-08-23,SKU-0044,WH-003,-4,750.02
TXN-001636,2026-08-14,SKU-0050,WH-004,3,843.2
TXN-000974,2026-08-07,UNKNOWN,WH-001,17,821.25
TXN-001678,2026-07-23,SKU-0031,WH-001,5,1086.51
TXN-001336,2026-06-12,UNKNOWN,WH-002,49,600.23
TXN-000721,%Y/%m/%d %H:%M,SKU-0035,WH-001,27,380.43
TXN-000716,2026-08-16,SKU-0015,WH-004,3,618.34
TXN-000011,2026-07-09,SKU-0031,WH-007,42,776.39
TXN-001542,2026-08-05,SKU-0025,WH-006,9,400.65
TXN-001160,2026-08-10,SKU-0024,WH-002,-4,333.53
TXN-000283,%Y/%m/%d %H:%M,SKU-0052,WH-005,38,81.5
TXN-000292,2026-08-28,SKU-0028,WH-004,21,-479.22
TXN-000627,2026-07-05,SKU-9999,WH-001,3,948.97
TXN-001320,2026-06-30,SKU-0015,WH-001,23,788.46
TXN-001218,not-a-date,SKU-0005,WH-007,5,104.21
TXN-000130,2026-08-13,SKU-0009,WH-002,12,153.77
TXN-001074,2026-07-23,SKU-0014,WH-007,39,884.01
TXN-000324,%Y-%m-%d,SKU-0048,WH-005,-5,1231.02
TXN-000963,%m/%d/%Y,NA,WH-003,39,1255.78
TXN-001524,2026-07-19,SKU-0058,WH-006,21,338.49
TXN-001481,2026-07-19,SKU-0033,WH-008,16,479.84
TXN-001690,2026-07-15,SKU-0056,WH-008,7,647.68
TXN-000722,2026-06-24,SKU-0053,WH-002,14,248.24
TXN-001303,%Y/%m/%d %H:%M,SKU-0001,WH-007,47,1363.27
TXN-001000,2026-08-26,SKU-0054,WH-0,27,148.3
TXN-001201,2026-07-22,SKU-0039,WH-006,44,398.89
TXN-000889,2026-08-28,SKU-0000,WH-005,13,172.54
TXN-000159,2026-06-09,SKU-0021,WH-007,23,814.83
TXN-000821,%m/%d/%Y,SKU-0023,WH-006,7,214.59
TXN-000635,2026-07-03,SKU-0046,WH-006,46,1132.52
TXN-000517,2026-07-29,SKU-0029,WH-005,20,
TXN-001293,%Y/%m/%d %H:%M,SKU-0047,WH-007,44,
TXN-000598,2026-08-11,SKU-0014,WH-001,40,1042.94
TXN-000196,2026-07-04,SKU-0005,WH-007,47,939.82
TXN-001494,2026-06-06,SKU-0043,WH-003,21,883.15
TXN-000940,2026-07-22,SKU-0016,WH-001,32,1157.78
TXN-000411,2026-07-01,SKU-0028,WH-999,10,259.38
TXN-000097,2026-06-12,SKU-0023,WH-002,46,807.27
TXN-001759,2026-08-23,SKU-0005,WH-003,8,982.64
TXN-000788,2026-08-08,SKU-0018,WH-004,43,325.05
TXN-000157,2026-08-31,SKU-0032,WH-004,38,159.46
TXN-000420,2026-07-22,SKU-0002,  WH-005  ,18,1167.01
TXN-000906,2026-06-22,SKU-0017,WH-002,33,773.27
TXN-000478,%m/%d/%Y,SKU-0008,WH-003,34,1074.59
TXN-000868,2026-07-06,SKU-0057,WH-006,4,471.9
TXN-000669,2026-08-12,SKU-0004,,12,603.25
TXN-001236,2026-07-25,SKU-0015,WH-008,-9,1344.54
TXN-001488,2026-07-11,SKU-0057,WH-004,4,1042.14
TXN-001180,2026-07-27,SKU-0014,WH-001,44,717.66
TXN-000448,2026-06-15,SKU-0010,WH-001,23,187.79
TXN-000880,2026-06-09,SKU-0021,WH-006,23,143.16
TXN-000179,2026-06-02,SKU-0031,WH-002,4,485.5
TXN-000391,2026-07-22,SKU-0013,WH-002,31,902.05
TXN-000579,2026-08-06,SKU-0041,WH-006,3,745.97
TXN-000837,2026-08-27,SKU-0042,WH-008,33,-103.3
TXN-001554,2026-07-29,SKU-0043,WH-002,41,203.88
TXN-000908,2026-06-01,SKU-0053,WH-005,46,1164.32
TXN-001495,2026-06-14,SKU-0033,WH-008,40,30.89
TXN-001102,2026-06-14,SKU-0019,WH-002,18,222.98
TXN-000862,2026-07-07,SKU-0046,WH-005,15,777.76
TXN-000818,2026-07-14,SKU-0047,WH-007,15,
TXN-001001,2026-07-31,SKU-0032,WH-004,19,1177.95
TXN-000665,2026-08-19,SKU-0033,WH-005,49,
TXN-000143,2026-06-22,SKU-0049,WH-005,21,1135.6
TXN-001377,2026-07-04,SKU-0053,WH-004,23,1412.47
TXN-001294,2026-06-05,SKU-0000,WH-005,8,1462.8
TXN-000422,2026-08-08,SKU-0018,WH-999,40,395.0
TXN-000637,%Y-%m-%d,SKU-0008,WH-001,12,725.1
TXN-001272,2026-08-10,SKU-0058,WH-003,2,915.12
TXN-000931,2026-06-18,SKU-0000,WH-006,20,183.51
TXN-000616,2026-06-22,SKU-0005,WH-007,15,25.44
TXN-000295,2026-08-29,SKU-0010,WH-004,25,689.59
TXN-001023,%Y-%m-%d,SKU-0014,WH-002,6,689.37
TXN-001721,2026-06-24,SKU-0022,WH-007,21,243.33
TXN-000089,2026-07-15,SKU-0059,WH-007,24,1205.64
TXN-000042,%m/%d/%Y,SKU-0005,WH-003,8,259.35
TXN-001634,2026-07-27,SKU-0047,WH-001,7,1337.12
TXN-001749,%d/%m/%Y,SKU-0023,WH-001,11,503.28
TXN-000132,2026-06-11,SKU-0004,WH-003,-6,981.15
TXN-000833,2026-08-20,SKU-0026,WH-004,7,1143.14
TXN-001645,,SKU-0059,WH-003,1,966.08
TXN-001349,2026-08-30,SKU-0041,WH-008,8,1301.88
TXN-001681,not-a-date,SKU-0015,WH-001,23,
TXN-000986,2026-06-02,SKU-0046,WH-002,21,1344.1
TXN-000165,2026-08-22,SKU-0007,WH-007,45,
TXN-000725,2026-07-14,SKU-0020,WH-007,17,725.9
TXN-000291,%Y/%m/%d %H:%M,SKU-0002,WH-0,18,949.78
TXN-001715,2026-07-18,SKU-0028,WH-008,30,
TXN-000846,2026-08-09,SKU-0001,WC-001,49,1355.77
TXN-000349,2026-07-13,SKU-0010,WH-008,23,1356.37
TXN-000572,2026-08-26,SKU-0009,WH-005,-10,393.45
TXN-000810,2026-08-04,SKU-0026,WC-001,19,118.25
TXN-001708,2026-07-28,SKU-0055,WH-005,36,1287.8
TXN-001240,2026-08-31,SKU-0026,WH-001,47,269.7
TXN-001447,2026-07-15,SKU-0020,WH-999,3,1232.68
TXN-001271,2026-08-21,SKU-0053,WH-002,1,617.27
TXN-001761,2026-07-03,SKU-0022,WH-005,38,138.91
TXN-000459,%Y-%m-%d,SKU-0011,WH-002,12,100.87
TXN-000376,2026-06-06,SKU-0039,WH-005,9,1212.03
TXN-000334,2026-08-09,SKU-0054,WH-008,48,968.05
TXN-001631,2026-07-22,SKU-0057,WH-008,12,754.76
TXN-001597,%Y-%m-%d,SKU-0030,WH-006,24,285.04
TXN-001321,2026-08-07,SKU-0044,WH-006,23,1038.13
TXN-001008,%m/%d/%Y,SKU-0003,WH-005,28,716.18
TXN-000835,2026-08-11,SKU-0030,WH-004,25,854.29
TXN-001683,2026-07-02,SKU-0044,WH-004,21,86.57
TXN-000809,2026-08-22,SKU-0048,WH-008,35,70.46
TXN-001745,2026-06-16,SKU-0047,WH-001,35,1190.95
TXN-001027,2026-07-04,SKU-0035,WH-004,-4,1109.07
TXN-000329,2026-08-26,SKU-0002,WH-008,-4,887.54
TXN-001487,2026-08-24,SKU-0037,WH-007,31,976.21
TXN-000319,%Y/%m/%d %H:%M,sku-1001,WH-006,23,73.95
TXN-001390,2026-08-12,SKU-0005,WH-006,29,1314.75
TXN-001229,%Y-%m-%d,SKU-0049,WH-003,37,398.5
TXN-001575,2026-08-07,SKU-0038,WH-006,48,186.01
TXN-000168,2026-07-03,sku-1001,WC-001,48,446.56
TXN-000013,2026-08-20,SKU-0037,WH-008,22,771.65
TXN-000172,2026-07-10,SKU-0048,WH-002,36,995.03
TXN-000650,2026-06-04,SKU-0031,WH-004,46,853.82
TXN-000261,2026-07-23,SKU-0013,WH-002,42,848.55
TXN-001107,2026-08-21,SKU-0018,WH-008,27,1397.66
TXN-001275,2026-07-07,SKU-0054,WH-004,46,156.27
TXN-000673,2026-07-17,sku-1001,WH-005,14,1494.66
TXN-000259,2026-08-20,SKU-0022,WH-005,32,1036.32
TXN-001090,2026-07-22,SKU-0005,WH-007,28,664.71
TXN-000139,2026-08-15,SKU-0004,WH-006,29,442.13
TXN-001666,2026-08-29,SKU-0037,WH-008,46,531.49
TXN-000550,2026-06-20,SKU-0045,WH-006,20,728.82
TXN-000874,2026-07-31,SKU-0048,WH-005,47,772.35
TXN-001387,2026-08-13,SKU-0047,WH-002,45,573.7
TXN-001358,2026-07-08,SKU-0024,WH-008,25,1462.51
TXN-001076,,SKU-0000,WH-008,20,296.83
TXN-000559,2026-06-29,SKU-0030,WH-006,8,10.43
TXN-000140,2026-06-14,SKU-0053,WH-005,44,52.92
TXN-001577,2026-07-08,SKU-0015,WH-001,50,1118.96
TXN-000532,2026-06-17,SKU-0013,WC-001,43,341.51
TXN-000225,2026-08-23,SKU-0057,WC-001,1,1126.52
TXN-000724,2026-06-11,SKU-0003,WH-005,50,1139.13
TXN-000787,2026-07-28,SKU-0050,  WH-005  ,39,1443.13
TXN-001564,2026-06-27,SKU-0056,WH-006,31,696.72
TXN-000410,2026-07-06,SKU-0047,WH-002,41,211.3
TXN-000326,2026-06-08,SKU-0038,WH-004,42,-423.44
TXN-000977,2026-08-04,SKU-9999,  WH-005  ,2,1123.14
TXN-000300,2026-06-12,UNKNOWN,WH-004,28,576.9
TXN-001147,not-a-date,SKU-0059,WH-005,17,416.63
TXN-001041,2026-08-29,SKU-0024,WH-004,47,-247.3
TXN-001618,,SKU-0013,WH-008,46,498.77
TXN-001684,2026-06-29,SKU-0025,WH-007,43,721.27
TXN-000715,%m/%d/%Y,SKU-0060,WH-005,4,435.97
TXN-000194,2026-07-27,SKU-0055,WH-008,40,733.5
TXN-000441,2026-08-07,SKU-0050,WH-001,37,72.53
TXN-000574,2026-07-01,SKU-0041,WH-007,-11,
TXN-000504,2026-08-09,SKU-0036,WH-007,23,1060.33
TXN-000606,2026-07-03,SKU-0027,WH-008,46,796.76
TXN-001290,2026-06-22,NA,,26,204.78
TXN-001621,2026-08-29,SKU-0020,WH-004,44,301.2
TXN-000004,2026-08-16,SKU-0009,WH-007,29,431.28
TXN-001050,2026-07-22,SKU-0033,WH-004,12,261.3
TXN-001602,2026-06-05,SKU-0007,WH-005,31,627.92
TXN-000468,%m/%d/%Y,SKU-0051,WH-008,23,679.02
TXN-000322,2026-06-23,SKU-0035,WH-008,4,919.02
TXN-000006,2026-07-15,SKU-0036,WH-001,5,756.25
TXN-000223,2026-08-13,SKU-0018,WH-002,41,1110.47
TXN-000548,2026-06-10,SKU-0026,WH-004,39,668.3
TXN-000229,2026-06-19,SKU-0022,WH-005,14,242.25
TXN-000040,2026-07-20,SKU-0048,WH-007,37,-390.28
TXN-000543,2026-06-07,SKU-0060,WH-007,-8,1094.07
TXN-000243,2026-08-02,SKU-0058,WH-008,-12,935.89
TXN-001034,%m/%d/%Y,SKU-0060,WH-008,50,1085.18
TXN-000137,2026-06-25,SKU-0045,WH-005,41,775.44
TXN-001794,2026-08-04,SKU-0022,WH-001,2,416.7
TXN-001593,2026-08-27,SKU-0056,WH-008,44,760.03
TXN-001429,2026-08-20,SKU-0031,WH-002,40,324.57
TXN-001042,2026-08-11,SKU-0037,WH-005,33,763.8
TXN-000830,2026-06-30,SKU-0044,WH-007,50,797.24
TXN-000446,2026-08-23,SKU-0028,WH-006,10,60.57
TXN-000843,31/31/2026,SKU-0046,WH-004,47,50.14
TXN-001306,2026-08-09,SKU-0006,WH-005,6,1258.91
TXN-001284,2026-07-18,SKU-0018,WH-008,44,168.48
TXN-001055,2026-07-01,SKU-0021,WH-001,28,212.71
TXN-001655,2026-07-31,SKU-0036,WH-005,41,208.01
TXN-000582,2026-06-13,SKU-0035,WH-008,50,359.8
TXN-001601,%m/%d/%Y,SKU-0005,WH-001,44,673.85
TXN-001782,2026-06-19,SKU-0042,WH-004,2,407.66
TXN-000662,2026-08-14,SKU-0011,WH-005,18,72.14
TXN-000437,2026-07-05,SKU-0048,WH-0,9,214.69
TXN-001682,2026-07-25,SKU-0046,WH-007,5,95.09
TXN-000377,2026-06-01,sku-1001,WH-006,26,1055.77
TXN-001339,2026-07-24,SKU-0015,WH-004,37,588.32
TXN-000315,2026-08-10,SKU-0051,WH-008,-3,
TXN-000443,2026-06-05,SKU-0059,WH-008,37,1017.6
TXN-001466,2026-08-02,SKU-0011,WH-004,40,242.9
TXN-000320,2026-07-04,SKU-0044,WH-005,46,1268.12
TXN-000282,2026-06-19,SKU-0012,,5,-411.97
TXN-001007,2026-08-22,SKU-0018,WH-008,18,1390.28
TXN-001086,2026-08-15,SKU-0009,WH-005,35,705.54
TXN-001617,2026-08-26,NA,WH-001,49,858.19
TXN-000425,2026-06-11,SKU-0016,WH-006,7,188.57
TXN-000554,2026-07-02,SKU-0006,WH-006,43,1103.3
TXN-000595,2026-08-29,SKU-0019,WH-004,17,25.96
TXN-001776,2026-08-11,SKU-0012,WH-001,37,144.91
TXN-000369,2026-08-11,SKU-0040,WH-005,39,739.98
TXN-001260,2026-06-19,SKU-0004,WH-002,48,371.49
TXN-001114,2026-07-26,SKU-0018,WH-005,28,459.03
TXN-001069,not-a-date,SKU-0031,WH-006,39,1248.39
TXN-001468,%d/%m/%Y,SKU-0041,WH-006,41,1483.63
TXN-000890,2026-08-05,SKU-0037,WH-006,2,265.4
TXN-000228,2026-06-10,SKU-0034,WH-004,1,250.5
TXN-001335,2026-06-22,SKU-0020,WH-008,25,179.56
TXN-001493,2026-06-16,SKU-0058,WH-004,28,-241.52
TXN-001203,2026-07-31,SKU-0009,WH-002,19,810.93
TXN-001767,2026-06-07,SKU-0010,WH-001,35,22.47
TXN-000067,%d/%m/%Y,SKU-0046,  WH-005  ,7,1429.68
TXN-000394,2026-08-10,SKU-0045,WH-008,24,139.77
TXN-000580,2026-06-27,SKU-0038,WH-002,43,767.28
TXN-000025,2026-08-29,SKU-0003,WH-001,-6,743.57
TXN-000212,2026-07-10,SKU-0011,WH-002,22,320.31
TXN-001396,2026-07-04,SKU-0041,WH-006,49,1310.36
TXN-000145,2026-06-12,SKU-0023,WH-008,8,1070.67
TXN-000537,2026-08-18,SKU-0014,WH-004,20,-434.51
TXN-000812,2026-07-02,SKU-0018,WH-003,34,386.66
TXN-001019,2026-07-06,SKU-0021,WH-003,14,1277.05
TXN-000938,2026-06-06,SKU-0007,WH-005,3,1263.87
TXN-000086,2026-06-25,SKU-0032,WH-002,30,948.92
TXN-001635,2026-08-19,SKU-0058,WH-002,27,288.1
TXN-000273,2026-08-29,SKU-0040,WH-003,15,1426.74
TXN-001170,2026-07-04,SKU-0024,WH-002,3,1432.84
TXN-001079,2026-08-14,SKU-0001,WH-003,5,563.56
TXN-000937,%d/%m/%Y,SKU-0049,WH-004,40,543.62
TXN-001637,%d/%m/%Y,SKU-0003,WH-008,31,1241.46
TXN-000631,2026-07-03,SKU-0049,WH-008,21,1029.4
TXN-001243,2026-07-11,SKU-0057,  WH-005  ,13,455.48
TXN-001695,not-a-date,SKU-0041,WH-008,9,607.58
TXN-001421,%Y-%m-%d,SKU-0036,WH-004,25,1087.44
TXN-001656,2026-06-04,SKU-0031,WH-002,45,249.6
TXN-000107,2026-08-19,SKU-0021,WH-003,38,1452.54
TXN-000506,2026-06-25,SKU-0037,WH-005,21,337.48
TXN-000274,2026-08-13,sku-1001,WC-001,11,-425.65
TXN-000508,2026-06-12,SKU-0030,WH-003,39,1343.64
TXN-001193,2026-07-31,SKU-0050,WH-008,21,1189.53
TXN-000363,%d/%m/%Y,SKU-0013,WH-005,50,594.51
TXN-001465,2026-06-06,SKU-0029,WH-005,25,207.4
TXN-001053,2026-08-27,SKU-0036,WH-006,47,929.35
TXN-000623,2026-06-05,SKU-0045,WH-001,5,1493.42
TXN-000003,2026-07-16,SKU-0015,WH-002,23,1273.18
TXN-000007,2026-07-28,SKU-0009,WH-008,33,35.29
TXN-001014,2026-07-29,SKU-0019,WH-007,28,62.68
TXN-000312,2026-07-25,SKU-0057,WH-004,6,979.13
TXN-001226,2026-06-23,SKU-0060,WH-004,26,586.68
TXN-000939,2026-08-12,SKU-0005,WH-005,10,716.38
TXN-000666,2026-07-01,SKU-0056,WH-008,40,1249.77
TXN-000365,%d/%m/%Y,SKU-0045,WH-007,14,-126.57
TXN-001785,2026-06-30,UNKNOWN,WH-007,39,1024.91
TXN-000216,2026-07-31,UNKNOWN,WH-006,38,1292.01
TXN-001595,2026-08-14,SKU-0002,WH-999,5,1136.98
TXN-000028,2026-07-26,SKU-0015,WH-001,42,
TXN-001300,%Y-%m-%d,SKU-0011,WH-002,10,357.25
TXN-000526,2026-08-19,SKU-0035,WH-008,19,598.35
TXN-001663,2026-07-09,SKU-0060,WH-003,27,609.04
TXN-001119,not-a-date,SKU-0035,WH-004,47,1207.59
TXN-000639,2026-07-27,,WH-001,37,
TXN-000303,%Y/%m/%d %H:%M,SKU-0036,WH-007,32,236.43
TXN-000719,2026-08-07,SKU-0060,WH-002,6,377.57
TXN-000692,%d/%m/%Y,NA,WH-004,-10,648.77
TXN-001423,2026-06-18,SKU-0008,WH-003,26,383.83
TXN-001232,2026-07-15, ,WH-005,14,329.66
TXN-000625,2026-07-26,SKU-0015,WH-001,24,266.38
TXN-000008,2026-06-04,SKU-0049,WH-003,6,529.59
TXN-000257,2026-06-12,SKU-0003,WH-006,19,458.75
TXN-000804,2026-07-20,SKU-0030,WH-006,21,1237.87
TXN-000026,2026-06-21,SKU-0015,WH-007,15,165.17
TXN-000337,2026-08-16,SKU-0057,WH-005,18,701.99
TXN-000573,2026-08-29,SKU-0060,WH-0,30,937.3
TXN-000048,2026-07-02,SKU-0038,  WH-005  ,35,1200.79
TXN-001341,2026-06-30,SKU-0008,  WH-005  ,12,1139.37
TXN-000107,2026-08-19,SKU-0021,WH-003,38,1452.54
TXN-000350,2026-06-14,SKU-0006,WH-007,14,1126.73
TXN-000056,2026-06-06,SKU-0033,WH-006,22,416.1
TXN-000239,2026-07-10,SKU-0056,WH-008,14,855.69
TXN-000214,2026-07-05,SKU-0046,WH-0,33,736.38
TXN-000121,2026-08-12,SKU-0014,WH-006,2,183.01
TXN-001152,2026-06-03,SKU-0027,WH-001,41,1228.66
TXN-001648,2026-08-29,SKU-0051,WH-007,5,39.75
TXN-000794,%d/%m/%Y,SKU-0003,WH-003,12,636.3
TXN-000073,2026-07-26,,WH-008,7,121.45
TXN-000923,2026-08-05,SKU-0052,,22,483.79
TXN-000813,2026-07-18,SKU-0022,WH-001,35,360.55
TXN-001567,2026-06-29,SKU-0041,WH-004,32,
TXN-000078,2026-06-16,SKU-0014,WH-006,41,1179.18
TXN-000945,2026-07-26,SKU-0058,WH-008,45,1491.42
TXN-001024,,,WH-007,3,816.76
TXN-000046,2026-07-02,SKU-0012,WH-005,22,170.39
TXN-001588,2026-13-45,SKU-0059,WH-004,1,955.3
TXN-000524,2026-08-07,SKU-0000,WH-004,2,759.56
TXN-000233,%d/%m/%Y,SKU-0010,WH-001,38,75.66
TXN-000645,%Y-%m-%d,SKU-0028,WH-002,44,234.53
TXN-001332,2026-07-15,SKU-0000,WH-004,41,640.29
TXN-001692,2026-06-25,UNKNOWN,WH-007,35,544.32
TXN-001088,2026-07-09,SKU-0008,WH-0,46,1258.05
TXN-000534,2026-07-21,SKU-0055,WH-003,40,623.29
TXN-001162,2026-08-22,SKU-0047,WH-002,49,877.12
TXN-001369,2026-07-23,SKU-0048,WH-003,11,124.25
TXN-000604,2026-07-23,SKU-0010,WH-001,45,1223.34
TXN-000466,2026-07-04,SKU-0060,WH-001,25,304.97
TXN-001359,2026-06-04,SKU-0027,WH-0,12,499.83
TXN-000789,%Y-%m-%d,SKU-0034,WH-006,10,979.29
TXN-001539,%d/%m/%Y,SKU-0006,WH-005,31,269.14
TXN-001075,2026-07-18,SKU-0023,WH-004,23,474.32
TXN-001183,2026-06-17,SKU-0042,WH-001,-2,1349.03
TXN-000061,2026-07-04,SKU-0007,WH-001,15,546.44
TXN-001420,%m/%d/%Y,SKU-0046,WH-005,32,1282.16
TXN-001547,2026-06-14,SKU-0027,WH-007,35,829.03
TXN-000093,31/31/2026,SKU-0008,WH-004,46,1303.62
TXN-000667,2026-08-08,SKU-0040,WC-001,13,1425.27
TXN-000998,%Y-%m-%d,SKU-0051,WH-007,6,1327.31
TXN-001584,2026-06-28,SKU-0015,WH-007,33,285.42
TXN-000195,2026-13-45,SKU-0009,WH-002,-11,258.24
TXN-000281,2026-07-16,SKU-0052,WH-003,36,1314.75
TXN-000696,%Y/%m/%d %H:%M,SKU-0017,WH-002,17,1446.63
TXN-001371,%m/%d/%Y,SKU-0022,WH-999,6,
TXN-000360,%m/%d/%Y,SKU-0017,WH-002,7,763.62
TXN-001030,2026-06-25,SKU-0039,WH-007,9,332.6
TXN-000520,2026-06-27,SKU-0056,WH-003,28,673.54
TXN-001302,2026-06-30,SKU-0033,WH-005,5,1239.79
TXN-001101,%Y-%m-%d,SKU-0000,WH-005,41,447.6
TXN-001510,2026-06-08,SKU-0006,WH-002,36,687.33
TXN-001068,2026-08-25,SKU-0045,WH-004,11,273.03
TXN-000848,2026-07-10,SKU-0006,WH-002,6,97.59
TXN-000183,2026-08-20,SKU-0003,WH-007,29,382.11
TXN-001237,2026-08-26,SKU-0048,WH-005,10,869.94
TXN-001289,2026-06-12,SKU-0017,WH-001,43,848.49
TXN-000111,2026-08-06,SKU-0000,WH-002,20,649.5
TXN-001111,2026-08-17,SKU-0014,WH-008,-1,
TXN-001138,2026-06-25,SKU-0049,WH-999,-7,440.86
TXN-001115,2026-06-10,SKU-0024,WH-001,49,1351.68
TXN-000043,2026-06-01,SKU-0001,WH-001,-9,1138.7
TXN-000747,2026-07-15,SKU-0030,WH-005,39,1255.83
TXN-000126,2026-08-24,SKU-0009,WH-005,38,1423.7
TXN-000205,2026-06-18,SKU-0003,WH-006,34,1137.95
TXN-001108,2026-08-09,SKU-0045,WH-007,6,263.35
TXN-000053,2026-07-13,SKU-0041,WH-007,15,89.89
TXN-001356,2026-08-31,SKU-0027,WH-003,23,1315.52
TXN-000546,2026-08-31, ,WH-002,28,901.17
TXN-000069,2026-08-27,,WH-008,5,196.89
TXN-001037,2026-07-24,SKU-0051,WH-001,34,
TXN-001405,2026-08-04,SKU-0023,WH-001,44,1140.75
TXN-000184,2026-07-05,SKU-0001,WH-005,30,135.01
TXN-000138,2026-07-12,SKU-0040,WH-008,39,1274.35
TXN-000900,%Y/%m/%d %H:%M,SKU-0054,WH-004,40,178.9
TXN-000797,2026-08-26,sku-1001,WH-002,41,922.53
TXN-000133,2026-07-14,SKU-0045,WH-001,22,440.29
TXN-000081,2026-07-08,,WH-006,15,-91.13
TXN-001400,2026-06-09,SKU-0060,WH-003,48,206.71
TXN-000542,2026-06-26,SKU-0016,,21,949.86
TXN-001450,2026-08-24,SKU-0023,WH-007,16,991.87
TXN-000984,2026-07-09,SKU-0021,WH-008,47,490.75
TXN-000166,2026-07-18,SKU-0032,WH-008,9,1240.64
TXN-000249,2026-07-02,SKU-0018,WH-001,43,1345.82
TXN-000447,%Y/%m/%d %H:%M,SKU-0042,WH-007,33,1047.21
TXN-001210,2026-08-04,SKU-0045,WH-006,10,198.93
TXN-000859,%d/%m/%Y,SKU-0027,WH-0,1,1328.12
TXN-001579,2026-06-13,SKU-0031,WH-003,29,1273.74
TXN-000098,2026-08-16,SKU-9999,WH-007,9,377.07
TXN-001786,2026-08-25,SKU-0029,WH-001,1,420.68
TXN-000738,2026-06-01,SKU-0038,WH-001,18,858.64
TXN-001329,2026-08-03,SKU-0027,WH-004,7,558.21
TXN-000103,%Y-%m-%d,SKU-0038,WH-008,18,1290.02
TXN-000435,2026-06-28,sku-1001,WH-006,21,1352.12
TXN-000075,2026-08-10,SKU-0047,WH-006,33,1260.1
TXN-001626,2026-08-25,SKU-0049,WH-002,24,1289.85
TXN-001027,2026-07-04,SKU-0035,WH-004,-4,1109.07
TXN-000919,%d/%m/%Y,SKU-0045,WH-007,10,1089.45
TXN-001558,2026-08-24,SKU-0043,WH-006,18,1368.22
TXN-001520,2026-07-27,SKU-0004,WH-003,47,-157.67
TXN-001474,%Y/%m/%d %H:%M,SKU-0021,WH-006,27,183.8
TXN-000763,2026-07-09,SKU-0002,WH-008,50,169.2
TXN-000990,2026-07-03,SKU-0019,WC-001,31,763.55
TXN-000389,2026-07-01,SKU-0025,,49,552.62
TXN-000236,2026-08-07,SKU-0044,WH-006,42,179.48
TXN-000268,2026-08-03,SKU-0053,WH-004,1,222.03
TXN-001772,2026-06-02,SKU-0047,WH-008,48,1119.93
TXN-000118,2026-06-28,SKU-0017,WH-005,12,1391.23
TXN-001056,2026-07-03,SKU-0060,WH-001,38,762.46
TXN-000674,2026-07-10,SKU-0042,WH-002,28,1397.53
TXN-000250,2026-07-29,SKU-0044,WH-008,26,873.32
TXN-001316,2026-07-19,SKU-0002,WH-004,20,1134.55
TXN-000095,2026-06-05,SKU-0050,WH-002,-6,
TXN-000034,2026-06-11,SKU-0024,WH-003,40,544.69
TXN-001327,2026-07-14,SKU-0025,WH-003,38,700.24
TXN-001518,2026-07-27,SKU-0039,WH-006,29,1249.13
TXN-000449,2026-08-16,SKU-9999,WH-005,33,
TXN-000717,2026-06-03,SKU-0034,WH-004,27,86.09
TXN-001375,2026-06-12,SKU-0014,WH-004,29,1101.08
TXN-001382,2026-07-20,SKU-0056,WH-003,19,1122.62
TXN-000001,2026-07-08,SKU-0009,WH-008,1,1223.93
TXN-001245,%d/%m/%Y,SKU-0021,WH-001,3,1115.23
TXN-000083,2026-08-07,SKU-0007,WH-002,36,235.77
TXN-001171,2026-08-16,SKU-0003,WH-006,50,1415.08
TXN-000677,2026-07-03,SKU-0023,WH-004,46,774.14
TXN-001315,2026-06-12,SKU-0030,WH-002,6,803.36
TXN-001047,2026-07-16,SKU-0026,WH-003,44,987.5
TXN-000771,%Y/%m/%d %H:%M,UNKNOWN,WH-002,20,-387.64
TXN-001109,2026-08-23,SKU-0038,WH-004,42,
TXN-001164,2026-08-17,SKU-0052,WH-001,4,470.01
TXN-001437,2026-08-23,SKU-0010,WH-006,11,1417.08
TXN-001545,2026-07-03,,WH-005,47,
TXN-000405,2026-08-28,SKU-0000,WH-001,2,200.35
TXN-001662,2026-07-14,SKU-0028,WH-005,9,1213.43
TXN-001179,%Y/%m/%d %H:%M,SKU-0047,WH-004,17,465.07
TXN-000105,2026-07-19,SKU-0009,WH-004,45,408.34
TXN-000689,2026-08-20,SKU-0050,WH-003,-9,187.4
TXN-001511,2026-08-30,sku-1001,WH-005,44,1139.04
TXN-000827,2026-06-03,SKU-0000,WH-004,18,138.84
TXN-000063,2026-06-14,SKU-0050,WH-005,34,134.21
TXN-000853,2026-06-11,SKU-0004,WH-003,-4,235.1
TXN-001224,2026-07-31,SKU-0005,WH-007,21,1412.17
TXN-000224,2026-07-26,SKU-0032,WH-003,17,615.37
TXN-000146,%Y-%m-%d,SKU-0010,WH-004,30,-321.22
TXN-001089,31/31/2026,SKU-0033,WH-003,1,1180.65
TXN-000374,2026-06-04,SKU-0054,WH-004,11,98.41
TXN-001285,2026-07-27,sku-1001,WH-001,44,385.04
TXN-001657,2026-06-27,NA,WH-006,40,1484.82
TXN-001616,2026-08-01,SKU-0045,WH-001,38,1223.23
TXN-001455,2026-06-22,SKU-0022,WH-007,17,879.4
TXN-001504,2026-07-17,SKU-0006,WH-002,24,-375.99
TXN-000010,2026-07-04,SKU-0055,WH-999,2,722.17
TXN-000450,2026-06-10,SKU-0029,WH-006,28,905.08
TXN-000709,2026-08-04,SKU-0013,WH-007,24,1350.42
TXN-000256,2026-07-04,SKU-0046,WH-008,24,443.24
TXN-000883,2026-07-04,SKU-0016,WH-001,45,1301.24
TXN-000390,2026-07-03,sku-1001,WH-004,50,879.44
TXN-000909,2026-07-25,SKU-0007,WH-004,35,1126.59
TXN-000925,2026-06-22,SKU-0000,WH-006,9,984.8
TXN-001551,2026-07-15,SKU-0024,WH-004,33,1014.34
TXN-001774,2026-07-01,SKU-0023,WH-008,8,48.81
TXN-000461,%d/%m/%Y,SKU-0054,WH-005,41,1110.19
TXN-001569,2026-07-05,SKU-0038,WC-001,39,413.86
TXN-000959,2026-08-23,SKU-0055,WC-001,19,134.74
TXN-000502,2026-07-06,SKU-0032,WH-001,49,316.56
TXN-000740,2026-08-26,SKU-0003,WH-001,18,1341.85
TXN-001677,2026-07-15,SKU-0030,WH-004,24,1373.21
TXN-000869,2026-06-07,,WH-007,42,1424.5
TXN-000732,2026-06-01,SKU-0007,WH-005,39,711.28
TXN-000540,2026-07-24,SKU-9999,WH-002,15,901.36
TXN-000698,2026-07-26,SKU-9999,WH-002,33,575.02
TXN-001326,%d/%m/%Y,SKU-0011,WH-008,11,781.13
TXN-001246,2026-08-11,SKU-0059,WH-008,12,228.37
TXN-001032,2026-06-11,SKU-0036,WH-004,-1,1426.2
TXN-000373,2026-08-17,SKU-0010,WH-003,14,167.87
TXN-000668,2026-08-01,SKU-0037,WH-008,7,1004.92
TXN-001386,%m/%d/%Y,SKU-0008,WH-004,33,1066.24
TXN-000358,2026-08-12,SKU-0054,WH-006,25,976.39
TXN-000968,2026-07-23,SKU-0007,WH-008,21,670.21
TXN-000784,2026-07-20,SKU-0008,WH-999,22,1017.6
TXN-000736,2026-08-28,SKU-0012,WC-001,11,255.69
TXN-001036,2026-07-30,SKU-0012,WH-001,9,930.03
TXN-000971,2026-07-20,SKU-0033,WH-007,33,930.92
TXN-001385,2026-06-24,SKU-0021,WH-001,1,1362.51
TXN-001348,2026-07-31,SKU-0044,WH-003,29,301.75
TXN-001352,2026-08-23,SKU-0030,WH-999,8,1105.73
TXN-001541,2026-07-13,SKU-0023,WH-004,28,1312.89
TXN-001562,2026-08-01,SKU-0021,WH-002,37,1417.39
TXN-000886,2026-06-12,SKU-0020,WH-001,23,921.01
TXN-000080,%m/%d/%Y,SKU-0024,WH-004,30,1277.54
TXN-000815,2026-08-23,SKU-0025,WH-001,45,831.61
TXN-001206,2026-06-11,SKU-0020,WH-005,33,714.35
TXN-000672,2026-08-13,SKU-0002,WH-006,36,1358.28
TXN-001392,2026-07-25,SKU-0060,WH-001,39,
TXN-000058,2026-08-15,SKU-0043,WH-006,49,1433.89
TXN-000134,2026-07-28,SKU-0005,WH-003,7,287.49
TXN-001141,2026-06-21,SKU-0028,WH-005,6,
TXN-000934,2026-06-02,sku-1001,WH-001,36,29.36
TXN-001532,2026-08-07,SKU-0030,WH-005,3,311.64
TXN-000824,%m/%d/%Y,SKU-0047,WH-001,43,759.21
TXN-000505,%Y/%m/%d %H:%M,SKU-0039,WH-001,-6,87.56
TXN-001611,2026-07-06,SKU-0055,WH-006,28,1348.67
TXN-000348,2026-06-20,SKU-0053,WH-002,2,1262.26
TXN-000387,2026-07-31,SKU-0000,WH-006,48,1056.38
TXN-001025,%Y/%m/%d %H:%M,SKU-0029,WH-002,45,725.6
TXN-000895,2026-06-29,SKU-0035,WH-006,43,913.6
TXN-000829,not-a-date,SKU-0005,,31,371.33
TXN-001712,2026-07-02,SKU-0000,WH-004,6,1475.03
TXN-000476,2026-06-07,SKU-0043,WH-007,14,455.26
TXN-001334,2026-06-05,sku-1001,WH-005,4,723.41
TXN-001641,2026-07-13,SKU-0048,WH-002,38,1244.92
TXN-000653,2026-06-11,SKU-0020,WH-007,5,
TXN-000173,2026-07-18,SKU-0020,WH-001,29,861.73
TXN-001150,%m/%d/%Y,SKU-0007,WH-006,33,541.52
TXN-000039,2026-08-26,SKU-0001,WH-003,17,1277.54
TXN-000714,2026-08-22,SKU-0022,WH-006,32,1318.27
TXN-000091,2026-06-25,SKU-0030,WH-006,42,912.32
TXN-001752,2026-06-05,SKU-0001,WH-005,31,70.57
TXN-000876,2026-08-29,SKU-0059,WH-005,-5,590.96
TXN-001222,2026-06-20,SKU-9999,  WH-005  ,13,1233.41
TXN-001094,2026-07-12,SKU-0049,WH-004,23,812.23
TXN-001156,2026-07-26,SKU-0020,WH-007,20,23.9
TXN-001233,2026-07-12,SKU-0021,WH-0,-9,714.45
TXN-001771,2026-06-26,SKU-0034,WH-008,22,1035.69
TXN-000500,2026-08-08,SKU-0019,WH-006,12,767.65
TXN-000339,%Y/%m/%d %H:%M,SKU-0040,WH-007,45,645.51
TXN-000029,2026-06-20,SKU-0001,WH-006,40,1094.46
TXN-001199,2026-07-03,SKU-0053,WH-002,32,883.47
TXN-001651,2026-06-22,SKU-0034,  WH-005  ,46,
TXN-000946,2026-07-18,SKU-0019,WH-001,18,970.93
TXN-000170,2026-13-45,SKU-0011,WH-008,-11,1135.12
TXN-000913,2026-07-21,SKU-0053,WH-004,33,439.59
TXN-000492,%Y/%m/%d %H:%M,NA,WH-001,7,339.96
TXN-000954,2026-07-22,SKU-0045,WH-008,30,956.05
TXN-001098,2026-06-26,SKU-0015,WH-003,16,1219.66
TXN-001033,2026-06-11,SKU-0053,WH-002,34,831.41
TXN-000588,2026-08-18,SKU-0007,WH-002,42,91.25
TXN-000751,2026-06-02,SKU-0000,WH-999,32,1023.91
TXN-000658,2026-06-23,SKU-0031,WH-006,17,532.6
TXN-000235,2026-06-18,SKU-0055,WH-008,26,1028.96
TXN-000733,2026-08-16,SKU-0023,WH-0,48,1411.99
TXN-001484,2026-08-20,SKU-0026,WH-002,7,85.62
TXN-001157,2026-07-21,SKU-0053,  WH-005  ,-7,692.28
TXN-001791,2026-07-15,SKU-0058,WH-001,20,307.96
TXN-001600,%Y-%m-%d,SKU-0052,WH-005,25,18.45
TXN-000935,2026-08-13,SKU-0034,WH-005,10,1092.8
TXN-001066,2026-07-26, ,,28,1323.0
TXN-000109,2026-06-26,NA,WH-999,45,1171.35
TXN-001608,2026-06-28,SKU-0012,WH-001,21,172.62
TXN-000569,2026-06-01,SKU-0037,WH-003,39,761.43
TXN-001168,2026-07-04,SKU-0042,WH-005,11,1139.8
TXN-001175,2026-08-20,SKU-0004,WH-003,22,938.19
TXN-000891,%d/%m/%Y,UNKNOWN,,42,684.13
TXN-000948,2026-07-20,SKU-0048,WH-004,46,370.41
TXN-001049,2026-07-16,SKU-0036,WH-006,23,654.74
TXN-001223,2026-07-02,SKU-0001,WH-005,21,379.25
TXN-001241,2026-06-05,SKU-0051,WH-999,26,689.87
TXN-001310,%d/%m/%Y,SKU-0018,WH-002,37,1442.72
TXN-000885,2026-07-25,,WH-003,14,250.75
TXN-001522,2026-07-04,SKU-0059,WH-002,14,63.85
TXN-000851,2026-08-17,SKU-0037,WH-004,34,716.25
TXN-000735,%m/%d/%Y,SKU-0039,WH-004,12,803.44
TXN-000718,%m/%d/%Y,SKU-0038,WH-004,50,1270.31
TXN-000455,2026-07-05,SKU-0033,WH-006,-12,693.79
TXN-000265,2026-07-11,SKU-0051,WH-008,28,715.43
TXN-000076,%d/%m/%Y,SKU-0034,WH-004,42,224.77
TXN-000445,2026-06-19,,WH-005,1,753.05
TXN-000396,%Y/%m/%d %H:%M,UNKNOWN,WH-002,19,1038.05
TXN-000177,2026-06-07,SKU-0038,WH-001,43,133.87
TXN-001043,2026-07-25,SKU-0049,WH-002,40,1230.35
TXN-001647,2026-06-24,SKU-0026,WH-002,45,199.79
TXN-001760,2026-07-19,SKU-0036,WH-006,29,783.83
TXN-001572,2026-06-29,SKU-0057,WH-006,50,336.35
TXN-000596,2026-08-26, ,WH-004,11,498.28
TXN-000062,2026-08-30,SKU-0049,WC-001,1,1302.47
TXN-000873,2026-07-10,SKU-0053,WH-0,5,859.44
TXN-001351,2026-08-23,SKU-0021,WH-003,34,485.14
TXN-001702,2026-08-04,SKU-0036,WH-003,1,495.02
TXN-000279,,SKU-0043,WH-004,17,1254.84
TXN-000037,2026-07-21,SKU-0043,WH-008,11,117.06
TXN-001376,2026-06-03,SKU-0036,WH-002,5,387.62
TXN-000663,2026-07-25,SKU-0037,WH-005,6,1355.45
TXN-001638,2026-08-14,SKU-0056,WH-999,19,221.76
TXN-001308,2026-06-03,SKU-0028,WH-008,33,474.75
TXN-000978,2026-08-12,SKU-0002,WH-004,40,1337.91
TXN-001428,2026-06-05,SKU-0059,WH-006,46,979.47
TXN-000739,2026-06-01,SKU-0052,WH-003,50,296.51
TXN-000192,%d/%m/%Y,SKU-0038,WH-001,41,458.46
TXN-000920,2026-07-29,SKU-0026,WH-001,46,600.48
TXN-000457,2026-08-29,SKU-0043,WH-001,34,132.74
TXN-000676,2026-08-01,SKU-0012,WH-005,-11,627.94
TXN-000761,2026-07-31,SKU-0047,WH-004,22,-255.65
TXN-000820,2026-08-27,SKU-0010,WH-003,25,1286.88
TXN-000729,%d/%m/%Y,SKU-0045,WH-007,39,676.51
TXN-000413,2026-07-10,SKU-0028,WH-004,45,1454.91
TXN-001099,2026-08-17,SKU-0044,WH-005,40,461.38
TXN-000826,2026-08-04,SKU-0025,WH-005,11,637.2
TXN-001357,2026-13-45,SKU-0015,WH-003,20,596.54
TXN-000617,2026-07-17,SKU-0022,WH-007,43,471.34
TXN-000115,not-a-date,SKU-0006,WH-007,48,893.34
TXN-000418,2026-08-08,SKU-0048,WH-004,31,22.41
TXN-001727,%Y-%m-%d,SKU-0046,WH-002,5,-396.01
TXN-000970,2026-08-12,SKU-0023,WH-007,31,187.94
TXN-000605,2026-07-19,SKU-0043,WH-002,41,1385.12
TXN-001734,2026-06-08,SKU-0004,WH-003,4,967.66
TXN-000090,2026-08-02,SKU-0028,WH-006,43,963.67
TXN-000849,2026-08-28,SKU-0000,WH-007,35,551.61
TXN-001380,%Y/%m/%d %H:%M,sku-1001,WH-008,49,589.35
TXN-001733,2026-06-12,SKU-0007,WH-006,12,
TXN-000754,%m/%d/%Y,SKU-0018,WH-008,27,917.94
TXN-000499,2026-06-13,SKU-0021,WH-001,46,1285.64
TXN-000012,2026-08-31,SKU-0022,WH-005,16,958.91
TXN-000397,2026-08-21,SKU-0018,WH-004,39,62.01
TXN-000285,2026-08-20,SKU-0055,WH-004,9,1415.52
TXN-001067,2026-06-29,UNKNOWN,WH-006,15,483.94
TXN-001192,2026-06-08,SKU-0041,WH-007,45,182.31
TXN-000691,%Y-%m-%d,SKU-0042,WH-005,-9,1087.86
TXN-001799,2026-07-10,SKU-0054,WH-002,38,479.71
TXN-001699,2026-07-11,SKU-0060,WH-006,8,321.8
TXN-000690,2026-08-02,SKU-0059,WH-005,-8,1239.83
TXN-000852,,SKU-0058,WH-004,9,1423.65
TXN-000160,%d/%m/%Y,SKU-0034,WH-008,15,85.73
TXN-000896,%d/%m/%Y,SKU-0014,WH-003,3,588.32
TXN-001432,2026-07-01,SKU-0038,WH-006,18,930.41
TXN-000258,2026-06-12,SKU-0035,WH-006,14,742.69
TXN-000336,2026-06-07,SKU-0030,WH-002,-11,1367.59
TXN-001703,2026-06-08,SKU-0043,WH-008,33,226.49
TXN-001040,2026-08-06,SKU-0024,WH-007,17,1163.66
TXN-000516,2026-07-26,SKU-0029,WH-003,36,647.76
TXN-001016,2026-06-05,SKU-0046,WH-005,10,752.95
TXN-000769,2026-06-07,UNKNOWN,WH-004,22,1034.78
TXN-001587,2026-06-17,SKU-0054,WH-001,16,997.93
TXN-000762,2026-06-01,SKU-0047,WH-001,24,695.13
TXN-001247,not-a-date,SKU-0047,WH-005,31,210.48
TXN-001204,2026-07-06,SKU-0024,WH-008,42,1148.5
TXN-001331,2026-08-06,SKU-0055,WH-001,6,269.23
TXN-001796,2026-07-21,NA,WH-002,6,1420.55
TXN-000522,2026-08-06,SKU-0049,WH-007,10,968.94
TXN-000023,2026-06-10,SKU-0013,WH-008,11,
TXN-000357,2026-07-22,SKU-0042,WH-007,49,134.18
TXN-001278,2026-07-03,SKU-0026,WH-006,1,414.99
TXN-001531,2026-07-18,SKU-0009,WH-003,38,594.74
TXN-000341,2026-08-08,SKU-0007,WH-006,39,
TXN-000432,2026-07-11,SKU-0042,WH-001,49,1221.4
TXN-000474,2026-07-06,SKU-0053,WH-002,10,637.93
TXN-000218,2026-06-20,SKU-0010,WH-004,23,34.28
TXN-000912,2026-07-31,SKU-0008,WH-004,-6,390.66
TXN-001228,2026-07-21,SKU-0043,WH-005,46,606.44
TXN-001451,2026-06-16,SKU-0013,WH-001,40,357.05
TXN-001012,2026-06-14,SKU-0057,  WH-005  ,38,462.72
TXN-001763,2026-08-19,SKU-0006,WH-005,48,999.87
TXN-000094,2026-07-07,SKU-0011,WH-001,8,889.25
TXN-001009,2026-06-08,SKU-0039,WH-002,-11,1269.1
TXN-001071,,SKU-0045,WH-003,17,561.16
TXN-001093,2026-08-26,SKU-0060,WH-008,31,1309.91
TXN-001442,2026-06-16,SKU-9999,WH-004,46,1201.5
TXN-001309,%Y/%m/%d %H:%M,SKU-0038,WH-003,7,185.94
TXN-000697,2026-07-16,SKU-0041,WH-007,36,1046.53
TXN-001627,2026-06-23,SKU-0032,WH-004,44,285.52
TXN-000997,2026-07-22,SKU-0033,WH-006,22,1172.49
TXN-000154,2026-06-25,SKU-0051,WH-003,8,761.01
TXN-001100,2026-08-19,SKU-0035,WH-007,17,901.84
TXN-001565,2026-06-15,SKU-0011,WH-008,-4,-339.21
TXN-001401,2026-06-24,SKU-0046,WH-003,32,837.18
TXN-000790,2026-07-05,SKU-0019,WH-006,8,985.76
TXN-000581,2026-08-09,SKU-0016,  WH-005  ,22,75.42
TXN-000704,2026-08-03,SKU-0057,WH-001,29,768.3
TXN-001213,2026-06-28,SKU-0020,WH-003,49,597.54
TXN-001296,%m/%d/%Y,SKU-0017,WH-006,44,760.47
TXN-001788,2026-08-18,sku-1001,WH-006,49,382.65
TXN-001261,2026-07-06,SKU-0011,WH-007,44,1030.61
TXN-000488,2026-07-15,SKU-0052,WC-001,20,1486.27
TXN-000560,%Y/%m/%d %H:%M,SKU-0038,WH-999,22,1142.57
TXN-001142,2026-08-13,SKU-0048,WH-003,8,1260.86
TXN-001120,2026-08-28,SKU-0005,WH-008,14,1147.68
TXN-000802,2026-06-07,SKU-0004,WH-004,-4,1383.27
TXN-000513,2026-07-21,SKU-0014,WH-001,4,1264.83
TXN-000634,2026-08-06,SKU-0004,WH-002,23,576.96
TXN-001340,2026-08-10,SKU-0022,,-7,494.62
TXN-001622,2026-07-04,SKU-0033,WH-006,41,683.22
TXN-001151,2026-06-24,SKU-0046,WH-006,41,1192.31
TXN-000791,2026-08-17,SKU-0051,WH-001,8,753.41
TXN-000117,2026-06-10,SKU-0039,WH-003,34,1391.99
TXN-000741,2026-06-17,SKU-0020,WH-006,3,486.43
TXN-001082,%m/%d/%Y,SKU-0038,WH-008,41,
TXN-000831,2026-07-03,SKU-0055,,29,171.56
TXN-000120,2026-07-21,SKU-0010,WH-004,9,1088.92
TXN-000657,2026-07-04,SKU-0055,,-9,926.24
TXN-001724,2026-07-14,NA,WH-006,41,1024.72
TXN-000636,2026-06-26,SKU-0005,WH-007,33,1297.06
TXN-000370,2026-06-21,SKU-0032,WH-004,-10,923.32
TXN-000269,2026-08-25,SKU-0031,WH-007,48,977.82
TXN-000656,2026-07-29,SKU-0035,WH-007,23,1052.78
TXN-000936,2026-07-10,SKU-0033,WH-002,38,802.47
TXN-000823,2026-08-14,SKU-0031,WH-007,11,525.78
TXN-000867,2026-07-20,SKU-0043,WH-005,22,
TXN-000047,%d/%m/%Y,SKU-0019,WH-005,1,1448.45
TXN-001555,%d/%m/%Y,SKU-0039,WH-999,40,327.45
TXN-000992,2026-08-17,SKU-0014,WH-007,22,161.36
TXN-000877,2026-08-24,SKU-0055,WH-004,13,833.7
TXN-000774,2026-07-06,SKU-0018,WH-005,50,1225.83
TXN-001220,2026-08-07,SKU-0007,WH-001,-2,1397.08
TXN-000646,2026-08-22,SKU-0052,WH-002,13,1279.64
TXN-000005,2026-08-08,SKU-0022,,32,321.14
TXN-001004,2026-07-31,SKU-0035,WH-002,4,462.2
TXN-001568,2026-07-04,SKU-9999,WH-002,8,1233.07
TXN-000264,2026-08-30,SKU-0012,WH-008,15,927.88
TXN-001426,2026-07-08,SKU-0041,WH-001,40,295.29
TXN-001660,2026-07-09,SKU-0007,WH-007,18,448.64
TXN-000444,2026-06-14,SKU-0039,WH-003,32,381.37
TXN-001003,%d/%m/%Y,SKU-0006,WH-002,40,523.43
TXN-001078,%m/%d/%Y,SKU-0052,WH-002,-4,
TXN-000838,2026-07-17,SKU-0045,WH-004,10,443.86
TXN-001625,2026-08-13,SKU-0027,WH-005,45,1290.93
TXN-000305,2026-07-23,SKU-0031,WH-008,33,609.94
TXN-001366,2026-07-18,SKU-0055,WH-002,14,1409.99
TXN-001726,2026-08-06, ,WH-003,-6,258.41
TXN-000314,2026-08-08,SKU-0003,WH-003,-2,270.55
TXN-000150,2026-08-07,SKU-0006,WH-002,17,867.88
TXN-001149,2026-08-27,SKU-0016,,6,1478.56
TXN-001214,2026-06-28,SKU-0037,WH-002,29,1087.66
TXN-000575,2026-06-08,SKU-0046,WH-004,34,539.23
TXN-000051,2026-08-19,SKU-0024,WH-002,12,660.38
TXN-001609,2026-07-05,SKU-0060,WH-007,21,398.23
TXN-000727,2026-07-27,SKU-0001,WH-001,16,1101.07
TXN-000834,2026-07-07,SKU-0000,WH-006,50,-250.76
TXN-001378,2026-08-09,SKU-0019,WH-001,6,1273.36
TXN-001116,2026-06-18,SKU-0049,WH-004,19,-273.94
TXN-001167,2026-07-20,SKU-0000,WH-005,30,1122.11
TXN-000471,2026-06-16,SKU-0046,WH-007,44,853.41
TXN-000972,2026-07-01,SKU-0012,WH-005,35,1277.94
TXN-000654,2026-06-06,SKU-0003,WH-001,45,806.35
TXN-000400,2026-08-30,SKU-0016,WH-001,44,1007.11
TXN-000512,2026-13-45,NA,WH-008,4,397.0
TXN-000321,2026-07-25,SKU-0039,WH-007,19,1301.58
TXN-000020,2026-07-26,SKU-0006,WH-006,42,581.38
TXN-000685,2026-08-19,SKU-0025,WH-003,36,572.97
TXN-000036,2026-08-23,SKU-0016,WH-006,21,337.85
TXN-000903,2026-08-07,SKU-0002,WH-008,11,857.47
TXN-000828,2026-06-20,SKU-0011,WH-008,18,915.76
TXN-001630,%Y/%m/%d %H:%M,SKU-0028,WH-002,-9,351.1
TXN-000408,2026-06-30,SKU-0045,WH-002,5,1186.12
TXN-000921,%m/%d/%Y,SKU-0009,WH-004,33,699.78
TXN-000538,2026-06-14,NA,WH-004,2,162.9
TXN-000759,2026-08-15,SKU-0010,WH-008,25,358.51
TXN-001063,2026-13-45,SKU-0053,WH-002,24,-303.17
TXN-001200,2026-08-24,SKU-0006,  WH-005  ,4,611.41
TXN-000246,2026-07-15,SKU-0032,WH-004,24,857.84
TXN-001128,2026-06-09,SKU-0019,WH-002,20,1273.18
TXN-000785,%Y-%m-%d,SKU-0026,WH-005,13,1487.8
TXN-000490,31/31/2026,SKU-0025,WH-003,21,256.55
TXN-000155,%Y-%m-%d,SKU-0013,WH-001,20,1444.57
TXN-000962,%Y/%m/%d %H:%M,SKU-0020,WH-005,20,
TXN-000854,2026-08-30,SKU-0041,WH-999,23,1212.68
TXN-001312,2026-06-26,SKU-0012,WH-002,15,912.17
TXN-000626,2026-07-03,SKU-0012,WH-999,28,
TXN-000686,2026-08-29,SKU-0044,WH-001,50,-385.41
TXN-001418,2026-07-03,SKU-0005,WH-002,25,1486.09
TXN-000570,2026-08-22,SKU-0004,WH-003,5,1468.25
TXN-000398,2026-08-20,,WH-002,9,1270.92
TXN-000018,2026-08-14,SKU-0002,WH-006,39,58.06
TXN-000128,2026-06-24,SKU-0045,WH-001,26,
TXN-001347,2026-06-08,SKU-0054,WH-002,40,833.55
TXN-001280,2026-06-28,SKU-0018,WH-005,-11,1190.69
TXN-001781,2026-08-22,SKU-0040,WH-006,-9,1141.44
TXN-000928,2026-08-22,SKU-0045,WH-008,10,27.38
TXN-000981,not-a-date,SKU-0044,WH-008,2,1074.56
TXN-001777,2026-07-28,SKU-0015,WH-002,25,629.96
TXN-000191,2026-06-17,SKU-0039,WH-006,13,1385.35
TXN-001140,2026-07-10,SKU-0030,WH-007,41,537.51
TXN-000993,2026-06-23,SKU-0009,WH-0,30,169.28
TXN-001768,%m/%d/%Y,SKU-0017,WH-001,25,136.92
TXN-001507,2026-07-11,SKU-0018,WH-008,45,34.61
TXN-000607,2026-08-29,SKU-0024,WH-006,-1,154.78
TXN-000181,2026-06-05,SKU-0024,WH-005,25,199.49
TXN-000302,2026-07-30,SKU-0056,WH-008,31,981.67
TXN-000497,2026-06-09,SKU-0031,WH-005,4,
TXN-001543,%Y/%m/%d %H:%M,SKU-0043,  WH-005  ,-1,415.23
TXN-001556,2026-08-02,sku-1001,WH-999,5,515.68
TXN-001512,2026-08-10,SKU-0042,WH-005,-7,865.31
TXN-001490,%m/%d/%Y,SKU-0060,WH-003,30,1420.54
TXN-000518,2026-07-08,SKU-0053,WH-008,11,971.98
TXN-001797,not-a-date,SKU-0017,WH-004,38,1263.42
TXN-001070,2026-06-08,SKU-0034,WH-001,1,500.02
TXN-000477,2026-07-16,,WH-001,25,818.21
TXN-000158,2026-06-11,SKU-0036,WH-002,24,942.65
TXN-001244,2026-06-09,SKU-0059,WH-005,-12,920.74
TXN-001196,%d/%m/%Y,SKU-9999,WH-001,37,526.01
TXN-000017,2026-08-25,SKU-0000,WH-001,21,970.63
TXN-001073,%Y-%m-%d,SKU-0008,WH-008,37,1002.9
TXN-001784,2026-08-07,SKU-0056,WH-007,38,373.39
TXN-000547,2026-08-29,SKU-0059,WH-005,2,550.69
TXN-000659,2026-07-19,SKU-9999,WH-006,2,477.59
TXN-001478,not-a-date,,WH-999,31,686.54
TXN-001020,%d/%m/%Y,SKU-0059,WH-008,25,968.07
TXN-001513,2026-06-11,SKU-0014,WH-002,44,328.18
TXN-000960,2026-06-08,SKU-0040,WH-008,37,-441.7
TXN-001705,2026-08-18,SKU-0017,WH-008,36,777.34
TXN-000284,2026-06-03,SKU-0013,WH-007,17,821.94
TXN-000798,2026-07-12,SKU-0046,WH-006,18,931.25
TXN-001737,%Y-%m-%d,SKU-0004,WH-002,30,466.6
TXN-000226,2026-06-05,SKU-0038,WC-001,48,1270.7
TXN-000027,2026-07-20,SKU-0009,WH-003,13,1383.87
TXN-001607,2026-07-16,SKU-0040,WH-002,29,1047.12
TXN-000438,2026-07-13,SKU-0046,,20,1350.36
TXN-001762,2026-08-14,SKU-0012,WH-004,5,1127.31
TXN-001389,2026-08-15,SKU-0014,WH-003,17,891.74
TXN-000230,2026-06-04,SKU-0009,WH-005,-5,1184.33
TXN-000038,2026-08-26,SKU-0011,WH-006,28,469.77
TXN-000750,2026-08-05,SKU-0019,WH-006,21,630.91
TXN-001046,2026-08-01,SKU-0040,WH-007,3,768.61
TXN-001399,2026-06-19,SKU-0054,WH-006,-2,
TXN-000470,2026-08-28,SKU-0003,WH-008,2,651.98
TXN-001540,%Y/%m/%d %H:%M,SKU-0055,WH-001,30,1173.72
TXN-001780,2026-06-02,SKU-0030,WH-001,39,569.26
TXN-000688,2026-07-23,SKU-0026,WH-004,25,842.86
TXN-001671,2026-08-21,SKU-0060,WH-006,33,1126.68
TXN-000640,31/31/2026,SKU-0049,WH-001,23,677.45
TXN-001559,2026-07-29,SKU-9999,WH-006,13,1025.89
TXN-001219,2026-07-24,SKU-0008,WH-004,40,35.11
TXN-001159,2026-08-14,SKU-0044,WH-004,12,464.14
TXN-001416,2026-07-05,SKU-0039,WH-004,25,1445.04
TXN-001506,2026-08-22,SKU-0020,WH-001,32,1448.78
TXN-001301,2026-07-14,SKU-0049,WH-006,-1,344.74
TXN-001653,2026-07-06,SKU-0046,WH-006,13,623.28
TXN-000801,2026-06-14,SKU-0012,WH-003,5,425.71
TXN-000161,2026-07-01,SKU-0014,WH-004,15,1024.31
TXN-000957,2026-07-15,SKU-0034,WH-005,50,972.28
TXN-001187,2026-08-23,NA,WH-004,4,794.19
TXN-000822,2026-08-12,SKU-0017,WC-001,50,381.26
TXN-001615,2026-08-08,SKU-0035,WH-003,20,299.27
TXN-000878,2026-06-02,SKU-9999,WH-004,-11,310.3
TXN-000914,2026-06-19,SKU-0049,WH-001,3,359.82
TXN-000153,2026-07-12,SKU-0006,WH-003,15,1103.56
TXN-001665,2026-07-01,SKU-0036,WH-008,32,1220.68
TXN-000510,2026-06-08,SKU-0020,WH-003,16,492.58
TXN-001136,2026-07-22,SKU-0060,WH-002,49,862.33
TXN-001251,2026-06-08,SKU-0014,WH-003,40,1387.44
TXN-001680,2026-08-13,SKU-0059,WH-999,25,313.42
TXN-000104,2026-08-01,SKU-0002,WH-008,28,157.41
TXN-001446,%Y-%m-%d,SKU-0003,WH-004,7,651.09
TXN-001444,2026-07-23,SKU-0039,WH-005,20,1240.17
TXN-000587,2026-06-13,SKU-0048,WH-005,22,21.97
TXN-001605,2026-06-04,SKU-0012,WH-007,6,
TXN-001144,2026-08-03,SKU-0052,WH-008,12,856.86
TXN-000054,2026-08-18,SKU-0008,WH-001,18,830.29
TXN-000152,2026-07-15,SKU-0027,WH-008,36,-324.21
TXN-000404,2026-08-11,SKU-0000,WH-007,8,1470.54
TXN-001757,2026-07-06,SKU-0058,  WH-005  ,18,1267.99
TXN-000208,2026-06-21,SKU-0054,WH-001,40,1156.51
TXN-001714,2026-08-27,SKU-0016,WH-004,4,242.29
TXN-001123,2026-08-02,SKU-0047,WH-006,24,1456.31
TXN-001590,2026-07-08,SKU-0039,WH-007,42,555.5
TXN-000009,2026-06-19,SKU-0009,,25,88.61
TXN-001015,2026-08-02,SKU-0006,WH-003,33,1400.56
TXN-001629,2026-06-27,SKU-0004,WH-005,24,995.8
TXN-001061,2026-06-17,SKU-0035,WH-007,25,1354.08
TXN-000453,2026-06-03,SKU-0019,WH-004,39,844.45
TXN-000254,2026-08-21,SKU-0042,WH-006,43,733.47
TXN-001328,2026-07-08,SKU-0011,WH-004,39,726.43
TXN-000897,2026-06-23,SKU-0051,WH-008,10,
TXN-001576,2026-08-11,SKU-0022,WH-006,42,1210.62
TXN-000881,2026-08-13,SKU-0036,WH-001,43,1061.95
TXN-001709,2026-06-06,sku-1001,WH-005,25,162.53
TXN-000624,2026-07-22,SKU-0042,WH-005,-2,
TXN-000346,2026-06-03,SKU-0033,WH-002,21,-291.1
TXN-001550,2026-08-02,SKU-0019,WH-007,48,157.28
TXN-000263,2026-07-26,SKU-0033,WH-006,1,846.38
TXN-001322,2026-08-28,SKU-0004,WH-003,28,556.03
TXN-001439,2026-06-01,SKU-0024,WH-002,22,1416.66
TXN-000151,2026-08-29,SKU-0007,WH-006,48,-211.79
TXN-000473,2026-06-15,SKU-0059,WH-004,12,780.83
TXN-000641,2026-08-31,SKU-0018,WH-003,37,868.67
TXN-001795,2026-06-12,SKU-0035,WH-005,41,547.17
TXN-001770,2026-07-16,SKU-0052,WH-005,45,695.14
TXN-000551,2026-07-05,SKU-0002,WH-002,47,567.61
TXN-000929,2026-07-25,SKU-0037,WH-005,6,819.38
TXN-000489,,SKU-0001,WH-001,28,1179.69
TXN-001643,2026-07-13,SKU-0019,WH-004,4,149.53
TXN-001172,2026-07-01,SKU-0041,WH-006,19,1124.55
TXN-000147,2026-07-08,SKU-0035,WH-007,15,972.35
TXN-001552,%Y/%m/%d %H:%M,,WH-002,40,363.84
TXN-001744,2026-07-01,SKU-0029,WH-002,19,883.16
TXN-000403,2026-08-20,SKU-0006,  WH-005  ,12,1406.7
TXN-000955,2026-08-10,SKU-0003,WH-001,2,882.86
TXN-001701,2026-08-18,SKU-0058,WH-001,43,379.99
TXN-000660,2026-06-22,SKU-0028,WH-007,11,1471.19
TXN-001373,2026-08-10,SKU-0015,WH-003,46,1130.07
TXN-000464,2026-06-07,SKU-0038,WH-003,40,965.83
TXN-001350,2026-08-30,SKU-0033,WH-005,17,786.06
TXN-000187,%m/%d/%Y,SKU-0042,WH-006,23,-367.69
TXN-001148,2026-06-29,SKU-0009,WH-008,28,1064.82
TXN-001225,%m/%d/%Y,SKU-0009,WH-006,10,61.04
TXN-000609,2026-08-21,SKU-0005,WH-002,25,127.43
TXN-000144,2026-08-23,SKU-0017,WH-004,-3,1376.94
TXN-000752,2026-07-10,SKU-0031,WH-003,25,573.46
TXN-001535,2026-08-28,SKU-0038,WH-002,39,395.66
TXN-000982,%Y-%m-%d,SKU-0018,WH-004,22,676.4
TXN-000198,%d/%m/%Y,SKU-0047,WH-002,31,783.72
TXN-000884,2026-06-12,SKU-0011,WH-008,4,-56.8
TXN-000280,2026-07-04,SKU-0034,WH-007,7,1159.26
TXN-000294,2026-08-26,SKU-0005,WH-003,17,887.82
TXN-001654,%d/%m/%Y,SKU-0000,WH-003,17,
TXN-000401,2026-06-02,,WC-001,23,1180.34
TXN-000123,2026-06-22,SKU-0009,WH-003,40,770.01
TXN-001208,2026-06-09,SKU-0016,WH-003,24,113.96
TXN-000203,2026-06-11,SKU-0056,WH-004,18,1348.29
TXN-001463,%Y/%m/%d %H:%M,SKU-0046,WH-006,40,717.85
TXN-000836,2026-06-26,SKU-0035,WH-008,12,684.67
TXN-000247,2026-08-05,SKU-0027,WH-008,43,
TXN-001440,%d/%m/%Y,SKU-0054,WH-008,41,740.87
TXN-001720,2026-08-22,SKU-9999,WH-007,8,1412.09
TXN-001704,2026-06-26,sku-1001,WH-008,29,947.07
TXN-001154,2026-08-29,SKU-0032,WH-004,46,367.18
TXN-001427,%Y/%m/%d %H:%M,SKU-0017,WH-007,24,1101.81
TXN-000385,2026-06-28,SKU-0021,WH-006,22,-438.07
TXN-001596,2026-08-18,SKU-0038,WH-001,50,666.18
TXN-000855,2026-08-23,SKU-0045,WH-999,13,634.38
TXN-000220,2026-07-29,SKU-0031,WH-006,12,1074.68
TXN-000642,2026-06-26,sku-1001,WH-001,38,233.94
TXN-000002,2026-08-07,SKU-0038,WH-007,4,798.64
TXN-000113,31/31/2026,SKU-0057,WH-002,41,186.64
TXN-000699,2026-08-17,SKU-0025,WH-005,47,830.37
TXN-001731,,SKU-0025,WH-001,1,293.88
TXN-000952,%d/%m/%Y,SKU-0042,WH-002,46,1026.67
TXN-001589,2026-07-28,SKU-0028,WH-006,11,-442.07
TXN-001411,2026-08-15,SKU-0018,WH-004,27,371.99
TXN-001410,2026-08-25,SKU-0046,WH-002,39,383.69
TXN-001534,2026-08-19,SKU-0051,WH-001,3,642.91
TXN-001292,%d/%m/%Y,SKU-0006,WH-001,14,563.01
TXN-001640,2026-07-13,SKU-0052,WH-008,46,1107.54
TXN-000442,2026-06-25,SKU-0012,WH-003,11,850.18
TXN-001521,2026-06-25,SKU-0056,  WH-005  ,19,175.72
TXN-001137,2026-06-30,SKU-0018,WH-008,2,1109.49
TXN-001257,2026-06-11,SKU-0025,WH-002,24,655.2
TXN-001689,2026-07-03,SKU-0041,WH-004,27,-16.31
TXN-001398,2026-06-27,SKU-0049,WH-004,-1,883.0
TXN-000664,2026-08-22,SKU-0027,,16,656.44
TXN-001664,2026-06-29,SKU-0030,WC-001,41,902.59
TXN-001258,2026-08-23,SKU-0044,WH-002,18,786.52
TXN-001610,%m/%d/%Y,SKU-0001,WH-006,17,36.92
TXN-000318,2026-06-09,SKU-0008,WH-004,48,1445.23
TXN-000649,2026-06-01,SKU-0025,WH-008,18,324.74
TXN-001435,2026-06-17,SKU-0021,WH-003,9,
TXN-001480,2026-07-27,SKU-0002,WH-002,47,894.34
TXN-000710,2026-07-11,,WH-008,23,997.38
TXN-001383,2026-08-10,SKU-0037,WH-004,31,141.24
TXN-001283,2026-07-23,SKU-0010,WH-007,-2,838.0
TXN-000973,2026-07-13,SKU-0048,,35,675.79
TXN-000628,2026-06-23,SKU-0053,WH-006,43,320.65
TXN-000633,2026-06-01,SKU-0041,WH-007,42,920.72
TXN-001307,2026-08-15,SKU-0035,WH-005,31,521.06
TXN-001401,2026-06-24,SKU-0046,WH-003,32,837.18
TXN-001409,2026-07-07,SKU-0011,WH-005,26,1407.46
TXN-001249,2026-06-01,SKU-0046,WH-008,18,1125.25
TXN-001766,2026-08-22,SKU-0033,WH-004,40,1412.27
TXN-001255,2026-08-24,SKU-0001,WH-002,29,1130.72
TXN-001497,2026-07-05,SKU-0049,WH-003,35,635.71
TXN-001372,2026-07-27,SKU-0018,WH-008,-7,1351.02
TXN-001530,2026-08-24,SKU-0001,WH-005,22,1221.45
TXN-001355,2026-08-01,SKU-0021,WH-005,7,229.61
TXN-001741,2026-07-21,SKU-0046,WH-005,7,1424.06
TXN-001719,2026-06-29,NA,WH-003,16,1442.22
TXN-001676,2026-08-10,SKU-0039,WH-005,16,378.29
TXN-000796,2026-07-29,SKU-0024,WH-006,4,1471.25
TXN-000646,2026-08-22,SKU-0052,WH-002,13,1279.64
TXN-001013,2026-07-29,SKU-0023,WH-002,26,1432.6
TXN-001667,2026-07-29,SKU-0030,WH-004,29,70.67
TXN-000557,2026-07-06,SKU-0043,WH-007,31,430.9
TXN-000682,2026-08-13,SKU-0036,WH-002,9,331.67
TXN-000578,2026-06-08,,WH-002,5,1329.31
TXN-001110,2026-06-02,SKU-0010,WH-003,17,1422.83
TXN-001267,%Y/%m/%d %H:%M,SKU-0015,WH-006,46,1128.5
TXN-001184,2026-08-12,SKU-9999,WH-003,20,1069.44
TXN-000525,%d/%m/%Y,SKU-0014,WH-006,38,990.91
TXN-001060,2026-07-31,SKU-0008,WH-003,32,1286.76
TXN-000541,2026-07-22,,WH-006,6,561.52
TXN-001195,2026-07-13,SKU-0006,WH-008,26,125.98
TXN-000749,2026-06-23,SKU-0030,WC-001,33,556.66
TXN-001679,2026-08-10,SKU-0058,WH-004,38,1490.96
TXN-001431,2026-08-20,SKU-0006,WH-004,48,1399.52
TXN-000485,%Y/%m/%d %H:%M,SKU-0014,WH-003,31,587.54
TXN-000096,2026-06-12,SKU-0034,WH-003,39,281.01
TXN-001021,2026-08-04,SKU-0001,WH-003,-12,1204.26
TXN-000564,2026-08-03,SKU-0042,WH-002,16,202.46
TXN-001265,%Y/%m/%d %H:%M,SKU-0041,WH-001,-10,145.68
TXN-000743,2026-07-17,SKU-0015,WH-005,38,1440.56
TXN-000864,2026-07-16,SKU-0042,WH-002,17,300.77
TXN-001599,2026-08-18,SKU-0035,WH-003,38,505.54
TXN-001485,2026-06-22,SKU-0056,WH-008,10,883.21
TXN-000892,2026-06-23,SKU-0009,WH-004,15,1470.4
TXN-001578,2026-08-11, ,WH-003,43,
TXN-001039,2026-08-11,SKU-0044,WH-008,30,1289.62
TXN-000207,2026-06-13,SKU-0043,WH-002,11,1370.61
TXN-000393,2026-07-12,,WH-999,27,1407.23
TXN-000795,2026-08-21,SKU-0053,WH-006,38,1090.76
TXN-000871,2026-06-27,SKU-0059,WH-007,4,561.25
TXN-000398,2026-08-20,,WH-002,9,1270.92
TXN-000767,2026-08-11,SKU-0037,,43,1339.23
TXN-001669,2026-07-04,SKU-0028,WH-005,2,742.49
TXN-001242,%d/%m/%Y,SKU-0044,WH-004,24,254.43
TXN-001029,2026-06-13,SKU-0038,WH-003,47,967.91
TXN-000643,2026-08-07,SKU-0010,WH-006,48,692.97
TXN-001711,2026-06-20,SKU-0025,WH-008,27,1040.99
TXN-000613,%d/%m/%Y,SKU-0001,WH-008,38,1226.15
TXN-000961,2026-06-23,SKU-0055,WH-002,11,-241.88
TXN-001571,2026-07-14,SKU-0027,WH-002,33,1354.17
TXN-000726,2026-08-27,SKU-0000,WH-005,44,726.32
TXN-000684,2026-07-08,SKU-0048,WH-007,36,1398.88
TXN-000099,2026-08-26,SKU-0048,WH-008,6,112.63
TXN-000805,2026-08-18,SKU-0044,WH-007,42,-181.87
TXN-001598,2026-06-08,SKU-0049,WH-004,8,
TXN-000407,2026-08-26,SKU-0001,WH-004,32,1156.36
TXN-000503,2026-07-10,SKU-0032,WH-003,-1,447.61
TXN-001072,2026-06-28,SKU-0045,WH-005,42,450.4
TXN-001057,2026-08-29,SKU-0060,WH-004,49,1379.36
TXN-000930,2026-07-11,SKU-0058,WH-003,11,619.75
TXN-000780,%m/%d/%Y,SKU-0033,WH-004,41,742.73
TXN-000201,2026-07-02,SKU-0031,WH-005,25,-432.18
TXN-000135,%d/%m/%Y,SKU-0049,WH-001,2,620.53
TXN-001052,2026-08-14,SKU-0023,WH-004,47,94.69
TXN-000041,2026-07-01,SKU-0037,WH-006,25,474.2
TXN-001018,%Y/%m/%d %H:%M,SKU-0060,WH-006,31,660.19
TXN-000231,2026-08-05,SKU-0059,WH-001,50,998.52
TXN-001514,2026-06-03, ,WH-003,50,589.04
TXN-000379,2026-08-20,SKU-0011,WH-002,50,970.48
TXN-000289,%Y-%m-%d,SKU-0037,WH-005,50,72.2
TXN-000419,%m/%d/%Y,SKU-0043,WH-001,-5,390.0
TXN-000392,2026-08-10,SKU-0051,WH-005,30,99.5
TXN-000593,2026-06-11,SKU-0010,WH-003,48,527.64
TXN-001523,2026-06-26,SKU-0006,WH-005,38,371.5
TXN-001163,2026-07-05,SKU-0001,WH-005,15,248.8
TXN-001087,2026-07-01,SKU-0033,WH-003,43,633.93
TXN-001496,2026-07-24,SKU-0004,WH-001,46,486.59
TXN-000648,2026-08-24,SKU-0004,WH-999,26,1006.3
TXN-001153,2026-06-26, ,WH-007,18,1270.72
TXN-001368,%d/%m/%Y,SKU-0052,WH-007,14,1115.33
TXN-000521,2026-06-11,SKU-0004,WH-003,49,660.86
TXN-000065,2026-08-16,sku-1001,WH-006,-6,640.51
TXN-000015,2026-07-12,SKU-0029,WH-005,37,236.48
TXN-001181,2026-08-17,SKU-0000,WH-004,24,
TXN-001065,2026-06-26,SKU-0053,WH-003,-12,385.16
TXN-000493,%d/%m/%Y,SKU-0033,WH-004,30,983.74
TXN-000380,2026-08-17,SKU-0002,WH-003,45,1292.86
TXN-000188,2026-07-13,SKU-0009,WH-001,47,688.26
TXN-000764,2026-08-05,SKU-0002,WH-005,9,720.6
TXN-000217,2026-07-25,SKU-0016,WH-001,49,352.78
TXN-000792,2026-07-31,SKU-0031,WH-006,16,684.67
TXN-001077,%m/%d/%Y,SKU-0030,WH-007,33,682.11
TXN-000879,2026-06-03,SKU-0031,WH-001,10,731.82
TXN-000338,2026-08-29,SKU-0043,WH-003,44,270.17
TXN-000720,2026-08-19,SKU-0046,WH-003,34,108.01
TXN-000296,2026-07-06,SKU-0038,WH-008,28,486.63
TXN-001017,2026-08-10,SKU-0021,WH-007,43,224.29
TXN-001276,2026-06-09,SKU-0022,WH-006,9,
TXN-001486,2026-08-07,SKU-0050,WH-004,-2,323.26
TXN-000456,31/31/2026,SKU-0043,WH-007,-7,1499.29
TXN-000426,,SKU-0022,WH-006,-4,531.68
TXN-000816,2026-07-15,SKU-0036,WH-002,4,815.35
TXN-000270,31/31/2026,SKU-0004,WH-002,-7,303.18
TXN-000996,2026-07-04,SKU-0002,WH-004,45,399.95
TXN-000202,2026-08-02,SKU-0039,WH-005,-9,
TXN-000162,2026-06-23,SKU-0058,WH-005,23,1373.45
TXN-001580,2026-06-17,SKU-0006,WH-007,26,143.91
TXN-000730,%m/%d/%Y,SKU-0013,WH-004,38,972.46
TXN-000402,%m/%d/%Y,SKU-0059,WH-001,47,821.67
TXN-000703,2026-06-20,SKU-0051,WH-007,30,482.41
TXN-001501,2026-06-23,SKU-0034,WH-006,33,1000.2
TXN-001130,2026-07-19,SKU-0000,WH-001,11,723.44
TXN-000566,2026-06-16,SKU-0057,WH-003,26,
TXN-001414,2026-07-04,SKU-0029,WH-005,-10,1029.02
TXN-001022,2026-07-07,SKU-0004,WH-003,18,73.87
TXN-001026,2026-08-29,SKU-0043,WH-008,47,1340.75
TXN-001412,2026-08-05,SKU-0021,WH-003,25,472.57
TXN-001586,2026-08-11,SKU-0022,WH-004,29,856.99
TXN-001105,2026-07-15,SKU-0034,WH-003,10,1395.42
TXN-000206,2026-06-24,SKU-0015,WH-001,39,1120.82
TXN-000035,2026-07-21,SKU-0045,WH-005,7,1125.81
TXN-000776,2026-07-07,SKU-9999,WH-001,13,1324.53
TXN-000509,2026-08-09,SKU-0048,WH-003,28,1389.99
TXN-001452,2026-08-12,SKU-0034,WH-002,31,1129.1
TXN-001479,2026-07-14,SKU-0041,WH-001,1,
TXN-001783,2026-08-25,sku-1001,WH-007,23,1098.6
TXN-001391,2026-06-16,SKU-0054,WH-007,24,418.65
TXN-000092,2026-13-45,SKU-0032,WH-004,9,620.27
TXN-001364,2026-06-17,,WH-002,29,745.12
TXN-000898,2026-08-10,SKU-0020,WH-005,1,917.95
TXN-000565,2026-07-23,SKU-0047,WH-007,50,993.73
TXN-001370,2026-07-28,SKU-0049,WH-006,10,933.99
TXN-000777,31/31/2026,SKU-0048,WH-004,6,
TXN-000242,2026-06-25,SKU-0046,WH-007,40,1026.39
TXN-000014,2026-08-25,SKU-0036,WH-004,34,1184.91
TXN-000316,2026-06-02,SKU-0051,WH-006,49,564.71
TXN-000601,2026-06-05,SKU-0019,WH-001,9,1383.59
TXN-000388,2026-08-16,SKU-0026,WH-001,5,1376.71
TXN-001298,2026-07-26,SKU-0027,,39,299.11
TXN-000167,2026-07-07,SKU-0015,  WH-005  ,31,1423.93
TXN-000841,2026-06-30,SKU-0055,WH-999,49,312.2
TXN-000021,2026-07-03,SKU-0044,WH-008,12,426.77
TXN-000647,31/31/2026,SKU-0032,WH-005,28,1070.21
TXN-001509,2026-07-05,SKU-0023,WH-004,-7,618.9
TXN-001155,2026-07-10,,WH-003,8,727.25
TXN-001529,2026-06-20,SKU-0002,WH-008,9,1475.91
TXN-000832,2026-07-23,SKU-0039,WH-004,25,829.5
TXN-001268,2026-06-23,SKU-0048,WH-002,30,373.75
TXN-001591,2026-06-07,SKU-0058,WH-005,46,148.75
TXN-000563,2026-06-28,SKU-0007,WH-003,30,159.31
TXN-001765,2026-08-29,SKU-0050,WH-008,11,460.42
TXN-000687,2026-08-07,SKU-0035,WH-006,4,1423.35
TXN-000958,2026-06-09,SKU-0046,WC-001,13,612.11
TXN-000190,2026-06-25,SKU-0003,WH-004,32,249.62
TXN-000976,2026-06-30,SKU-0058,WH-002,25,694.4
TXN-000700,2026-08-17,SKU-0017,WH-006,9,223.18
TXN-001500,2026-06-08,SKU-0015,WH-006,3,1257.57
TXN-001706,%m/%d/%Y,SKU-0008,WH-008,15,1476.39
TXN-000511,2026-06-24,SKU-0038,WH-008,8,-9.79
TXN-001083,2026-07-05,SKU-0034,WH-002,16,19.87
TXN-000475,2026-08-20,SKU-0057,WH-008,47,1380.7
TXN-001585,2026-08-29,SKU-0033,WH-999,3,538.68
TXN-000857,2026-06-11,SKU-0043,WH-007,4,1005.11
TXN-000748,%m/%d/%Y,SKU-0044,WH-001,45,678.05
TXN-000253,2026-06-14,SKU-0047,WH-001,-9,1168.05
TXN-000022,2026-08-24,SKU-0001,WH-007,24,236.68
TXN-001338,2026-06-02,SKU-0005,WH-008,26,1404.27
TXN-000460,2026-08-08,NA,WH-003,34,215.08
TXN-001185,2026-07-30,SKU-0006,WH-004,38,1110.17
TXN-000277,2026-08-12,SKU-0045,WH-004,14,741.19
TXN-000956,2026-06-02,SKU-0047,WH-002,39,1258.94
TXN-001216,2026-08-22,SKU-0010,,9,1087.91
TXN-000386,2026-06-17,SKU-0057,WH-008,4,1005.29
TXN-000806,2026-06-11,SKU-0047,WH-001,28,767.29
TXN-001438,2026-08-07,SKU-0034,WH-008,2,1389.35
TXN-001516,2026-07-09,SKU-0040,WH-003,9,40.21
TXN-000344,2026-06-20,SKU-0044,  WH-005  ,13,201.31
TXN-000770,2026-06-29,SKU-0030,WH-001,27,771.64
TXN-001333,2026-06-07,SKU-0037,WH-005,16,1098.25
TXN-001686,2026-08-12,SKU-0009,WH-007,33,929.05
TXN-000131,2026-06-27, ,WH-004,8,1443.64
TXN-001688,2026-06-06,SKU-0022,WH-005,23,470.46
TXN-000872,%d/%m/%Y,SKU-0051,WH-001,2,17.28
TXN-001124,2026-07-27,SKU-0047,WH-004,32,1049.22
TXN-001397,2026-07-28,SKU-0015,WH-004,10,224.49
TXN-000088,2026-08-12,SKU-0025,WH-0,-1,379.26
TXN-001483,%d/%m/%Y,,WH-006,49,1134.81
TXN-000331,2026-06-25,SKU-0026,WH-006,35,595.27
TXN-001239,2026-08-28,SKU-0001,WC-001,6,698.82
TXN-000467,2026-07-13,SKU-0039,WC-001,16,1420.34
TXN-000122,2026-07-16,SKU-0046,WC-001,-10,486.56
TXN-001639,2026-07-17,SKU-0034,WH-006,10,832.65
TXN-001045,2026-06-06,SKU-0008,WH-006,41,1188.59
TXN-001725,2026-07-03,SKU-0053,WH-004,49,1437.85
TXN-001096,2026-07-24,SKU-0024,WH-005,6,433.41
TXN-001131,2026-07-22,SKU-0043,WH-002,41,1402.65
TXN-001295,2026-08-27,SKU-0054,WH-007,50,1073.34
TXN-000861,2026-08-21,SKU-0031,WH-003,25,1234.47
TXN-001460,2026-08-23,SKU-0049,WH-007,35,519.31
TXN-001127,2026-06-13,SKU-0006,WH-003,25,1188.15
